profile,budget,cost_scale,criterion,portfolio,description,cost,mean_hours_lost,hours_lost_ci_lo,hours_lost_ci_hi,n_tied_within_ci,n_feasible_candidates,catastrophic_prob,hours_preserved_per_point,has_basic_segmentation,has_least_privilege,has_patch_upgrade,has_detection_improvement,has_rapid_isolation,has_protected_backups,has_identity_controls
resource_constrained,5,0.5,min_expected_disruption,seg-least_privilege|patch+0|det1|iso0|bak-isolated|idm0,segmentation=least_privilege; faster detection; backups=isolated,5,105.0558333,82.62596528,128.6571528,10,63,0.7333333333,39.86272222,0,1,0,1,0,1,0
resource_constrained,5,0.5,min_catastrophic_prob,seg-least_privilege|patch+1|det1|iso0|bak-connected|idm0,segmentation=least_privilege; patch+1 levels; faster detection; backups=connected,5,107.4544444,71.98915972,141.8321806,12,63,0.7,39.383,0,1,1,1,0,0,0
resource_constrained,5,0.5,max_hours_preserved_per_point,seg-flat|patch+0|det1|iso0|bak-connected|idm0,segmentation=flat; faster detection; backups=connected,1.5,185.5977778,161.1853542,205.9927986,19,63,0.9,79.18111111,0,0,0,1,0,0,0
resource_constrained,5,0.5,best_balanced,seg-least_privilege|patch+1|det1|iso0|bak-connected|idm0,segmentation=least_privilege; patch+1 levels; faster detection; backups=connected,5,107.4544444,71.98915972,141.8321806,12,63,0.7,39.383,0,1,1,1,0,0,0
resource_constrained,10,0.5,min_expected_disruption,seg-least_privilege|patch+3|det1|iso0|bak-isolated|idm1,segmentation=least_privilege; patch+3 levels; faster detection; backups=isolated; identity controls,10,38.33361111,18.28040972,61.99002778,16,182,0.3333333333,26.60358333,0,1,1,1,0,1,1
resource_constrained,10,0.5,min_catastrophic_prob,seg-least_privilege|patch+3|det1|iso1|bak-connected|idm0,segmentation=least_privilege; patch+3 levels; faster detection; rapid isolation; backups=connected,9.5,41.82861111,18.58921528,70.20434028,19,182,0.3,27.63587719,0,1,1,1,1,0,0
resource_constrained,10,0.5,max_hours_preserved_per_point,seg-flat|patch+0|det1|iso0|bak-connected|idm0,segmentation=flat; faster detection; backups=connected,1.5,185.5977778,161.1853542,205.9927986,73,182,0.9,79.18111111,0,0,0,1,0,0,0
resource_constrained,10,0.5,best_balanced,seg-least_privilege|patch+3|det1|iso1|bak-connected|idm0,segmentation=least_privilege; patch+3 levels; faster detection; rapid isolation; backups=connected,9.5,41.82861111,18.58921528,70.20434028,19,182,0.3,27.63587719,0,1,1,1,1,0,0
resource_constrained,15,0.5,min_expected_disruption,seg-least_privilege|patch+3|det1|iso1|bak-isolated|idm1,segmentation=least_privilege; patch+3 levels; faster detection; rapid isolation; backups=isolated; identity controls,12.5,28.51666667,11.18545833,49.151375,16,192,0.3,22.06822222,0,1,1,1,1,1,1
resource_constrained,15,0.5,min_catastrophic_prob,seg-least_privilege|patch+3|det1|iso1|bak-isolated|idm1,segmentation=least_privilege; patch+3 levels; faster detection; rapid isolation; backups=isolated; identity controls,12.5,28.51666667,11.18545833,49.151375,16,192,0.3,22.06822222,0,1,1,1,1,1,1
resource_constrained,15,0.5,max_hours_preserved_per_point,seg-flat|patch+0|det1|iso0|bak-connected|idm0,segmentation=flat; faster detection; backups=connected,1.5,185.5977778,161.1853542,205.9927986,74,192,0.9,79.18111111,0,0,0,1,0,0,0
resource_constrained,15,0.5,best_balanced,seg-least_privilege|patch+3|det1|iso1|bak-isolated|idm1,segmentation=least_privilege; patch+3 levels; faster detection; rapid isolation; backups=isolated; identity controls,12.5,28.51666667,11.18545833,49.151375,16,192,0.3,22.06822222,0,1,1,1,1,1,1
resource_constrained,20,0.5,min_expected_disruption,seg-least_privilege|patch+3|det1|iso1|bak-isolated|idm1,segmentation=least_privilege; patch+3 levels; faster detection; rapid isolation; backups=isolated; identity controls,12.5,28.51666667,11.18545833,49.151375,16,192,0.3,22.06822222,0,1,1,1,1,1,1
resource_constrained,20,0.5,min_catastrophic_prob,seg-least_privilege|patch+3|det1|iso1|bak-isolated|idm1,segmentation=least_privilege; patch+3 levels; faster detection; rapid isolation; backups=isolated; identity controls,12.5,28.51666667,11.18545833,49.151375,16,192,0.3,22.06822222,0,1,1,1,1,1,1
resource_constrained,20,0.5,max_hours_preserved_per_point,seg-flat|patch+0|det1|iso0|bak-connected|idm0,segmentation=flat; faster detection; backups=connected,1.5,185.5977778,161.1853542,205.9927986,74,192,0.9,79.18111111,0,0,0,1,0,0,0
resource_constrained,20,0.5,best_balanced,seg-least_privilege|patch+3|det1|iso1|bak-isolated|idm1,segmentation=least_privilege; patch+3 levels; faster detection; rapid isolation; backups=isolated; identity controls,12.5,28.51666667,11.18545833,49.151375,16,192,0.3,22.06822222,0,1,1,1,1,1,1
resource_constrained,5,0.75,min_expected_disruption,seg-flat|patch+0|det1|iso0|bak-isolated|idm0,segmentation=flat; faster detection; backups=isolated,3.75,131.7105556,114.4390694,147.0460694,1,19,0.9,46.04237037,0,0,0,1,0,1,0
resource_constrained,5,0.75,min_catastrophic_prob,seg-basic|patch+0|det1|iso0|bak-connected|idm0,segmentation=basic; faster detection; backups=connected,4.5,180.6180556,153.3029514,203.9789861,3,19,0.8666666667,27.50030864,1,0,0,1,0,0,0
resource_constrained,5,0.75,max_hours_preserved_per_point,seg-flat|patch+0|det1|iso0|bak-connected|idm0,segmentation=flat; faster detection; backups=connected,2.25,185.5977778,161.1853542,205.9927986,3,19,0.9,52.78740741,0,0,0,1,0,0,0
resource_constrained,5,0.75,best_balanced,seg-basic|patch+0|det1|iso0|bak-connected|idm0,segmentation=basic; faster detection; backups=connected,4.5,180.6180556,153.3029514,203.9789861,3,19,0.8666666667,27.50030864,1,0,0,1,0,0,0
resource_constrained,10,0.75,min_expected_disruption,seg-least_privilege|patch+1|det1|iso0|bak-isolated|idm0,segmentation=least_privilege; patch+1 levels; faster detection; backups=isolated,9,82.76861111,54.9058125,109.3053264,10,107,0.7,24.62231481,0,1,1,1,0,1,0
resource_constrained,10,0.75,min_catastrophic_prob,seg-least_privilege|patch+2|det1|iso0|bak-connected|idm0,segmentation=least_privilege; patch+2 levels; faster detection; backups=connected,9,85.66666667,50.38178472,124.4076111,23,107,0.4666666667,24.30030864,0,1,1,1,0,0,0
resource_constrained,10,0.75,max_hours_preserved_per_point,seg-flat|patch+0|det1|iso0|bak-connected|idm0,segmentation=flat; faster detection; backups=connected,2.25,185.5977778,161.1853542,205.9927986,42,107,0.9,52.78740741,0,0,0,1,0,0,0
resource_constrained,10,0.75,best_balanced,seg-least_privilege|patch+2|det1|iso0|bak-connected|idm0,segmentation=least_privilege; patch+2 levels; faster detection; backups=connected,9,85.66666667,50.38178472,124.4076111,23,107,0.4666666667,24.30030864,0,1,1,1,0,0,0
resource_constrained,15,0.75,min_expected_disruption,seg-least_privilege|patch+3|det1|iso0|bak-isolated|idm1,segmentation=least_privilege; patch+3 levels; faster detection; backups=isolated; identity controls,15,38.33361111,18.28040972,61.99002778,16,182,0.3333333333,17.73572222,0,1,1,1,0,1,1
resource_constrained,15,0.75,min_catastrophic_prob,seg-least_privilege|patch+3|det1|iso1|bak-connected|idm0,segmentation=least_privilege; patch+3 levels; faster detection; rapid isolation; backups=connected,14.25,41.82861111,18.58921528,70.20434028,19,182,0.3,18.42391813,0,1,1,1,1,0,0
resource_constrained,15,0.75,max_hours_preserved_per_point,seg-flat|patch+0|det1|iso0|bak-connected|idm0,segmentation=flat; faster detection; backups=connected,2.25,185.5977778,161.1853542,205.9927986,73,182,0.9,52.78740741,0,0,0,1,0,0,0
resource_constrained,15,0.75,best_balanced,seg-least_privilege|patch+3|det1|iso1|bak-connected|idm0,segmentation=least_privilege; patch+3 levels; faster detection; rapid isolation; backups=connected,14.25,41.82861111,18.58921528,70.20434028,19,182,0.3,18.42391813,0,1,1,1,1,0,0
resource_constrained,20,0.75,min_expected_disruption,seg-least_privilege|patch+3|det1|iso1|bak-isolated|idm1,segmentation=least_privilege; patch+3 levels; faster detection; rapid isolation; backups=isolated; identity controls,18.75,28.51666667,11.18545833,49.151375,16,192,0.3,14.71214815,0,1,1,1,1,1,1
resource_constrained,20,0.75,min_catastrophic_prob,seg-least_privilege|patch+3|det1|iso1|bak-isolated|idm1,segmentation=least_privilege; patch+3 levels; faster detection; rapid isolation; backups=isolated; identity controls,18.75,28.51666667,11.18545833,49.151375,16,192,0.3,14.71214815,0,1,1,1,1,1,1
resource_constrained,20,0.75,max_hours_preserved_per_point,seg-flat|patch+0|det1|iso0|bak-connected|idm0,segmentation=flat; faster detection; backups=connected,2.25,185.5977778,161.1853542,205.9927986,74,192,0.9,52.78740741,0,0,0,1,0,0,0
resource_constrained,20,0.75,best_balanced,seg-least_privilege|patch+3|det1|iso1|bak-isolated|idm1,segmentation=least_privilege; patch+3 levels; faster detection; rapid isolation; backups=isolated; identity controls,18.75,28.51666667,11.18545833,49.151375,16,192,0.3,14.71214815,0,1,1,1,1,1,1
resource_constrained,5,1,min_expected_disruption,seg-flat|patch+0|det1|iso0|bak-isolated|idm0,segmentation=flat; faster detection; backups=isolated,5,131.7105556,114.4390694,147.0460694,1,14,0.9,34.53177778,0,0,0,1,0,1,0
resource_constrained,5,1,min_catastrophic_prob,seg-least_privilege|patch+0|det0|iso0|bak-connected|idm0,segmentation=least_privilege; backups=connected,5,273.7138889,233.9939306,310.2123125,11,14,0.8666666667,6.131111111,0,1,0,0,0,0,0
resource_constrained,5,1,max_hours_preserved_per_point,seg-flat|patch+0|det1|iso0|bak-connected|idm0,segmentation=flat; faster detection; backups=connected,3,185.5977778,161.1853542,205.9927986,2,14,0.9,39.59055556,0,0,0,1,0,0,0
resource_constrained,5,1,best_balanced,seg-flat|patch+0|det1|iso0|bak-isolated|idm0,segmentation=flat; faster detection; backups=isolated,5,131.7105556,114.4390694,147.0460694,1,14,0.9,34.53177778,0,0,0,1,0,1,0
resource_constrained,10,1,min_expected_disruption,seg-least_privilege|patch+0|det1|iso0|bak-isolated|idm0,segmentation=least_privilege; faster detection; backups=isolated,10,105.0558333,82.62596528,128.6571528,10,63,0.7333333333,19.93136111,0,1,0,1,0,1,0
resource_constrained,10,1,min_catastrophic_prob,seg-least_privilege|patch+1|det1|iso0|bak-connected|idm0,segmentation=least_privilege; patch+1 levels; faster detection; backups=connected,10,107.4544444,71.98915972,141.8321806,12,63,0.7,19.6915,0,1,1,1,0,0,0
resource_constrained,10,1,max_hours_preserved_per_point,seg-flat|patch+0|det1|iso0|bak-connected|idm0,segmentation=flat; faster detection; backups=connected,3,185.5977778,161.1853542,205.9927986,19,63,0.9,39.59055556,0,0,0,1,0,0,0
resource_constrained,10,1,best_balanced,seg-least_privilege|patch+1|det1|iso0|bak-connected|idm0,segmentation=least_privilege; patch+1 levels; faster detection; backups=connected,10,107.4544444,71.98915972,141.8321806,12,63,0.7,19.6915,0,1,1,1,0,0,0
resource_constrained,15,1,min_expected_disruption,seg-least_privilege|patch+3|det1|iso0|bak-connected|idm0,segmentation=least_privilege; patch+3 levels; faster detection; backups=connected,14,58.42416667,32.38470139,88.78527083,11,136,0.3666666667,17.56751984,0,1,1,1,0,0,0
resource_constrained,15,1,min_catastrophic_prob,seg-least_privilege|patch+3|det1|iso0|bak-connected|idm0,segmentation=least_privilege; patch+3 levels; faster detection; backups=connected,14,58.42416667,32.38470139,88.78527083,11,136,0.3666666667,17.56751984,0,1,1,1,0,0,0
resource_constrained,15,1,max_hours_preserved_per_point,seg-flat|patch+0|det1|iso0|bak-connected|idm0,segmentation=flat; faster detection; backups=connected,3,185.5977778,161.1853542,205.9927986,53,136,0.9,39.59055556,0,0,0,1,0,0,0
resource_constrained,15,1,best_balanced,seg-least_privilege|patch+3|det1|iso0|bak-connected|idm0,segmentation=least_privilege; patch+3 levels; faster detection; backups=connected,14,58.42416667,32.38470139,88.78527083,11,136,0.3666666667,17.56751984,0,1,1,1,0,0,0
resource_constrained,20,1,min_expected_disruption,seg-least_privilege|patch+3|det1|iso0|bak-isolated|idm1,segmentation=least_privilege; patch+3 levels; faster detection; backups=isolated; identity controls,20,38.33361111,18.28040972,61.99002778,16,182,0.3333333333,13.30179167,0,1,1,1,0,1,1
resource_constrained,20,1,min_catastrophic_prob,seg-least_privilege|patch+3|det1|iso1|bak-connected|idm0,segmentation=least_privilege; patch+3 levels; faster detection; rapid isolation; backups=connected,19,41.82861111,18.58921528,70.20434028,19,182,0.3,13.8179386,0,1,1,1,1,0,0
resource_constrained,20,1,max_hours_preserved_per_point,seg-flat|patch+0|det1|iso0|bak-connected|idm0,segmentation=flat; faster detection; backups=connected,3,185.5977778,161.1853542,205.9927986,73,182,0.9,39.59055556,0,0,0,1,0,0,0
resource_constrained,20,1,best_balanced,seg-least_privilege|patch+3|det1|iso1|bak-connected|idm0,segmentation=least_privilege; patch+3 levels; faster detection; rapid isolation; backups=connected,19,41.82861111,18.58921528,70.20434028,19,182,0.3,13.8179386,0,1,1,1,1,0,0
resource_constrained,5,1.25,min_expected_disruption,seg-flat|patch+0|det1|iso0|bak-connected|idm0,segmentation=flat; faster detection; backups=connected,3.75,185.5977778,161.1853542,205.9927986,1,8,0.9,31.67244444,0,0,0,1,0,0,0
resource_constrained,5,1.25,min_catastrophic_prob,seg-flat|patch+0|det1|iso0|bak-connected|idm0,segmentation=flat; faster detection; backups=connected,3.75,185.5977778,161.1853542,205.9927986,1,8,0.9,31.67244444,0,0,0,1,0,0,0
resource_constrained,5,1.25,max_hours_preserved_per_point,seg-flat|patch+0|det1|iso0|bak-connected|idm0,segmentation=flat; faster detection; backups=connected,3.75,185.5977778,161.1853542,205.9927986,1,8,0.9,31.67244444,0,0,0,1,0,0,0
resource_constrained,5,1.25,best_balanced,seg-flat|patch+0|det1|iso0|bak-connected|idm0,segmentation=flat; faster detection; backups=connected,3.75,185.5977778,161.1853542,205.9927986,1,8,0.9,31.67244444,0,0,0,1,0,0,0
resource_constrained,10,1.25,min_expected_disruption,seg-basic|patch+0|det1|iso0|bak-isolated|idm0,segmentation=basic; faster detection; backups=isolated,10,129.0105556,109.2016389,146.4110625,5,37,0.8666666667,17.53588889,1,0,0,1,0,1,0
resource_constrained,10,1.25,min_catastrophic_prob,seg-least_privilege|patch+0|det1|iso0|bak-connected|idm0,segmentation=least_privilege; faster detection; backups=connected,10,144.29,113.1535278,176.6259236,11,37,0.7333333333,16.00794444,0,1,0,1,0,0,0
resource_constrained,10,1.25,max_hours_preserved_per_point,seg-flat|patch+0|det1|iso0|bak-connected|idm0,segmentation=flat; faster detection; backups=connected,3.75,185.5977778,161.1853542,205.9927986,11,37,0.9,31.67244444,0,0,0,1,0,0,0
resource_constrained,10,1.25,best_balanced,seg-least_privilege|patch+0|det1|iso0|bak-connected|idm0,segmentation=least_privilege; faster detection; backups=connected,10,144.29,113.1535278,176.6259236,11,37,0.7333333333,16.00794444,0,1,0,1,0,0,0
resource_constrained,15,1.25,min_expected_disruption,seg-least_privilege|patch+1|det1|iso0|bak-isolated|idm0,segmentation=least_privilege; patch+1 levels; faster detection; backups=isolated,15,82.76861111,54.9058125,109.3053264,9,94,0.7,14.77338889,0,1,1,1,0,1,0
resource_constrained,15,1.25,min_catastrophic_prob,seg-least_privilege|patch+2|det1|iso0|bak-connected|idm0,segmentation=least_privilege; patch+2 levels; faster detection; backups=connected,15,85.66666667,50.38178472,124.4076111,19,94,0.4666666667,14.58018519,0,1,1,1,0,0,0
resource_constrained,15,1.25,max_hours_preserved_per_point,seg-flat|patch+0|det1|iso0|bak-connected|idm0,segmentation=flat; faster detection; backups=connected,3.75,185.5977778,161.1853542,205.9927986,35,94,0.9,31.67244444,0,0,0,1,0,0,0
resource_constrained,15,1.25,best_balanced,seg-least_privilege|patch+2|det1|iso0|bak-connected|idm0,segmentation=least_privilege; patch+2 levels; faster detection; backups=connected,15,85.66666667,50.38178472,124.4076111,19,94,0.4666666667,14.58018519,0,1,1,1,0,0,0
resource_constrained,20,1.25,min_expected_disruption,seg-least_privilege|patch+3|det1|iso0|bak-isolated|idm0,segmentation=least_privilege; patch+3 levels; faster detection; backups=isolated,20,50.75222222,28.57274306,77.24990972,11,151,0.3666666667,12.68086111,0,1,1,1,0,1,0
resource_constrained,20,1.25,min_catastrophic_prob,seg-least_privilege|patch+3|det1|iso0|bak-isolated|idm0,segmentation=least_privilege; patch+3 levels; faster detection; backups=isolated,20,50.75222222,28.57274306,77.24990972,11,151,0.3666666667,12.68086111,0,1,1,1,0,1,0
resource_constrained,20,1.25,max_hours_preserved_per_point,seg-flat|patch+0|det1|iso0|bak-connected|idm0,segmentation=flat; faster detection; backups=connected,3.75,185.5977778,161.1853542,205.9927986,60,151,0.9,31.67244444,0,0,0,1,0,0,0
resource_constrained,20,1.25,best_balanced,seg-least_privilege|patch+3|det1|iso0|bak-isolated|idm0,segmentation=least_privilege; patch+3 levels; faster detection; backups=isolated,20,50.75222222,28.57274306,77.24990972,11,151,0.3666666667,12.68086111,0,1,1,1,0,1,0
resource_constrained,5,1.5,min_expected_disruption,seg-flat|patch+0|det1|iso0|bak-connected|idm0,segmentation=flat; faster detection; backups=connected,4.5,185.5977778,161.1853542,205.9927986,1,5,0.9,26.3937037,0,0,0,1,0,0,0
resource_constrained,5,1.5,min_catastrophic_prob,seg-flat|patch+0|det1|iso0|bak-connected|idm0,segmentation=flat; faster detection; backups=connected,4.5,185.5977778,161.1853542,205.9927986,1,5,0.9,26.3937037,0,0,0,1,0,0,0
resource_constrained,5,1.5,max_hours_preserved_per_point,seg-flat|patch+0|det1|iso0|bak-connected|idm0,segmentation=flat; faster detection; backups=connected,4.5,185.5977778,161.1853542,205.9927986,1,5,0.9,26.3937037,0,0,0,1,0,0,0
resource_constrained,5,1.5,best_balanced,seg-flat|patch+0|det1|iso0|bak-connected|idm0,segmentation=flat; faster detection; backups=connected,4.5,185.5977778,161.1853542,205.9927986,1,5,0.9,26.3937037,0,0,0,1,0,0,0
resource_constrained,10,1.5,min_expected_disruption,seg-flat|patch+0|det1|iso0|bak-isolated|idm0,segmentation=flat; faster detection; backups=isolated,7.5,131.7105556,114.4390694,147.0460694,1,19,0.9,23.02118519,0,0,0,1,0,1,0
resource_constrained,10,1.5,min_catastrophic_prob,seg-basic|patch+0|det1|iso0|bak-connected|idm0,segmentation=basic; faster detection; backups=connected,9,180.6180556,153.3029514,203.9789861,3,19,0.8666666667,13.75015432,1,0,0,1,0,0,0
resource_constrained,10,1.5,max_hours_preserved_per_point,seg-flat|patch+0|det1|iso0|bak-connected|idm0,segmentation=flat; faster detection; backups=connected,4.5,185.5977778,161.1853542,205.9927986,3,19,0.9,26.3937037,0,0,0,1,0,0,0
resource_constrained,10,1.5,best_balanced,seg-basic|patch+0|det1|iso0|bak-connected|idm0,segmentation=basic; faster detection; backups=connected,9,180.6180556,153.3029514,203.9789861,3,19,0.8666666667,13.75015432,1,0,0,1,0,0,0
resource_constrained,15,1.5,min_expected_disruption,seg-least_privilege|patch+0|det1|iso0|bak-isolated|idm0,segmentation=least_privilege; faster detection; backups=isolated,15,105.0558333,82.62596528,128.6571528,10,63,0.7333333333,13.28757407,0,1,0,1,0,1,0
resource_constrained,15,1.5,min_catastrophic_prob,seg-least_privilege|patch+1|det1|iso0|bak-connected|idm0,segmentation=least_privilege; patch+1 levels; faster detection; backups=connected,15,107.4544444,71.98915972,141.8321806,12,63,0.7,13.12766667,0,1,1,1,0,0,0
resource_constrained,15,1.5,max_hours_preserved_per_point,seg-flat|patch+0|det1|iso0|bak-connected|idm0,segmentation=flat; faster detection; backups=connected,4.5,185.5977778,161.1853542,205.9927986,19,63,0.9,26.3937037,0,0,0,1,0,0,0
resource_constrained,15,1.5,best_balanced,seg-least_privilege|patch+1|det1|iso0|bak-connected|idm0,segmentation=least_privilege; patch+1 levels; faster detection; backups=connected,15,107.4544444,71.98915972,141.8321806,12,63,0.7,13.12766667,0,1,1,1,0,0,0
resource_constrained,20,1.5,min_expected_disruption,seg-least_privilege|patch+1|det1|iso0|bak-isolated|idm0,segmentation=least_privilege; patch+1 levels; faster detection; backups=isolated,18,82.76861111,54.9058125,109.3053264,10,107,0.7,12.31115741,0,1,1,1,0,1,0
resource_constrained,20,1.5,min_catastrophic_prob,seg-least_privilege|patch+2|det1|iso0|bak-connected|idm0,segmentation=least_privilege; patch+2 levels; faster detection; backups=connected,18,85.66666667,50.38178472,124.4076111,23,107,0.4666666667,12.15015432,0,1,1,1,0,0,0
resource_constrained,20,1.5,max_hours_preserved_per_point,seg-flat|patch+0|det1|iso0|bak-connected|idm0,segmentation=flat; faster detection; backups=connected,4.5,185.5977778,161.1853542,205.9927986,42,107,0.9,26.3937037,0,0,0,1,0,0,0
resource_constrained,20,1.5,best_balanced,seg-least_privilege|patch+2|det1|iso0|bak-connected|idm0,segmentation=least_privilege; patch+2 levels; faster detection; backups=connected,18,85.66666667,50.38178472,124.4076111,23,107,0.4666666667,12.15015432,0,1,1,1,0,0,0
intermediate_capacity,5,0.5,min_expected_disruption,seg-least_privilege|patch+1|det1|iso0|bak-connected|idm0,segmentation=least_privilege; patch+1 levels; faster detection; backups=connected,5,5.884166667,3.201576389,9.068604167,7,58,0.1,38.72972222,0,1,1,1,0,0,0
intermediate_capacity,5,0.5,min_catastrophic_prob,seg-least_privilege|patch+1|det1|iso0|bak-connected|idm0,segmentation=least_privilege; patch+1 levels; faster detection; backups=connected,5,5.884166667,3.201576389,9.068604167,7,58,0.1,38.72972222,0,1,1,1,0,0,0
intermediate_capacity,5,0.5,max_hours_preserved_per_point,seg-flat|patch+0|det1|iso0|bak-connected|idm0,segmentation=flat; faster detection; backups=connected,1.5,107.1702778,86.9070625,124.7400139,31,58,0.8,61.575,0,0,0,1,0,0,0
intermediate_capacity,5,0.5,best_balanced,seg-least_privilege|patch+1|det1|iso0|bak-connected|idm0,segmentation=least_privilege; patch+1 levels; faster detection; backups=connected,5,5.884166667,3.201576389,9.068604167,7,58,0.1,38.72972222,0,1,1,1,0,0,0
intermediate_capacity,10,0.5,min_expected_disruption,seg-least_privilege|patch+2|det1|iso1|bak-connected|idm0,segmentation=least_privilege; patch+2 levels; faster detection; rapid isolation; backups=connected,8.5,4.426111111,2.659277778,6.360152778,34,140,0.06666666667,22.95372549,0,1,1,1,1,0,0
intermediate_capacity,10,0.5,min_catastrophic_prob,seg-least_privilege|patch+2|det1|iso1|bak-connected|idm0,segmentation=least_privilege; patch+2 levels; faster detection; rapid isolation; backups=connected,8.5,4.426111111,2.659277778,6.360152778,34,140,0.06666666667,22.95372549,0,1,1,1,1,0,0
intermediate_capacity,10,0.5,max_hours_preserved_per_point,seg-flat|patch+0|det1|iso0|bak-connected|idm0,segmentation=flat; faster detection; backups=connected,1.5,107.1702778,86.9070625,124.7400139,46,140,0.8,61.575,0,0,0,1,0,0,0
intermediate_capacity,10,0.5,best_balanced,seg-least_privilege|patch+2|det1|iso1|bak-connected|idm0,segmentation=least_privilege; patch+2 levels; faster detection; rapid isolation; backups=connected,8.5,4.426111111,2.659277778,6.360152778,34,140,0.06666666667,22.95372549,0,1,1,1,1,0,0
intermediate_capacity,15,0.5,min_expected_disruption,seg-least_privilege|patch+2|det1|iso1|bak-connected|idm0,segmentation=least_privilege; patch+2 levels; faster detection; rapid isolation; backups=connected,8.5,4.426111111,2.659277778,6.360152778,38,144,0.06666666667,22.95372549,0,1,1,1,1,0,0
intermediate_capacity,15,0.5,min_catastrophic_prob,seg-least_privilege|patch+2|det1|iso1|bak-connected|idm0,segmentation=least_privilege; patch+2 levels; faster detection; rapid isolation; backups=connected,8.5,4.426111111,2.659277778,6.360152778,38,144,0.06666666667,22.95372549,0,1,1,1,1,0,0
intermediate_capacity,15,0.5,max_hours_preserved_per_point,seg-flat|patch+0|det1|iso0|bak-connected|idm0,segmentation=flat; faster detection; backups=connected,1.5,107.1702778,86.9070625,124.7400139,46,144,0.8,61.575,0,0,0,1,0,0,0
intermediate_capacity,15,0.5,best_balanced,seg-least_privilege|patch+2|det1|iso1|bak-connected|idm0,segmentation=least_privilege; patch+2 levels; faster detection; rapid isolation; backups=connected,8.5,4.426111111,2.659277778,6.360152778,38,144,0.06666666667,22.95372549,0,1,1,1,1,0,0
intermediate_capacity,20,0.5,min_expected_disruption,seg-least_privilege|patch+2|det1|iso1|bak-connected|idm0,segmentation=least_privilege; patch+2 levels; faster detection; rapid isolation; backups=connected,8.5,4.426111111,2.659277778,6.360152778,38,144,0.06666666667,22.95372549,0,1,1,1,1,0,0
intermediate_capacity,20,0.5,min_catastrophic_prob,seg-least_privilege|patch+2|det1|iso1|bak-connected|idm0,segmentation=least_privilege; patch+2 levels; faster detection; rapid isolation; backups=connected,8.5,4.426111111,2.659277778,6.360152778,38,144,0.06666666667,22.95372549,0,1,1,1,1,0,0
intermediate_capacity,20,0.5,max_hours_preserved_per_point,seg-flat|patch+0|det1|iso0|bak-connected|idm0,segmentation=flat; faster detection; backups=connected,1.5,107.1702778,86.9070625,124.7400139,46,144,0.8,61.575,0,0,0,1,0,0,0
intermediate_capacity,20,0.5,best_balanced,seg-least_privilege|patch+2|det1|iso1|bak-connected|idm0,segmentation=least_privilege; patch+2 levels; faster detection; rapid isolation; backups=connected,8.5,4.426111111,2.659277778,6.360152778,38,144,0.06666666667,22.95372549,0,1,1,1,1,0,0
intermediate_capacity,5,0.75,min_expected_disruption,seg-flat|patch+0|det1|iso0|bak-isolated|idm0,segmentation=flat; faster detection; backups=isolated,3.75,64.94527778,51.63215972,76.99129861,4,18,0.7666666667,35.89,0,0,0,1,0,1,0
intermediate_capacity,5,0.75,min_catastrophic_prob,seg-basic|patch+0|det1|iso0|bak-connected|idm0,segmentation=basic; faster detection; backups=connected,4.5,72.945,52.24732639,94.91018056,8,18,0.6,28.13061728,1,0,0,1,0,0,0
intermediate_capacity,5,0.75,max_hours_preserved_per_point,seg-flat|patch+0|det1|iso0|bak-connected|idm0,segmentation=flat; faster detection; backups=connected,2.25,107.1702778,86.9070625,124.7400139,11,18,0.8,41.05,0,0,0,1,0,0,0
intermediate_capacity,5,0.75,best_balanced,seg-basic|patch+0|det1|iso0|bak-connected|idm0,segmentation=basic; faster detection; backups=connected,4.5,72.945,52.24732639,94.91018056,8,18,0.6,28.13061728,1,0,0,1,0,0,0
intermediate_capacity,10,0.75,min_expected_disruption,seg-least_privilege|patch+2|det1|iso0|bak-connected|idm0,segmentation=least_privilege; patch+2 levels; faster detection; backups=connected,9,4.428888889,2.662055556,6.362930556,10,92,0.06666666667,21.67820988,0,1,1,1,0,0,0
intermediate_capacity,10,0.75,min_catastrophic_prob,seg-least_privilege|patch+2|det1|iso0|bak-connected|idm0,segmentation=least_privilege; patch+2 levels; faster detection; backups=connected,9,4.428888889,2.662055556,6.362930556,10,92,0.06666666667,21.67820988,0,1,1,1,0,0,0
intermediate_capacity,10,0.75,max_hours_preserved_per_point,seg-flat|patch+0|det1|iso0|bak-connected|idm0,segmentation=flat; faster detection; backups=connected,2.25,107.1702778,86.9070625,124.7400139,40,92,0.8,41.05,0,0,0,1,0,0,0
intermediate_capacity,10,0.75,best_balanced,seg-least_privilege|patch+2|det1|iso0|bak-connected|idm0,segmentation=least_privilege; patch+2 levels; faster detection; backups=connected,9,4.428888889,2.662055556,6.362930556,10,92,0.06666666667,21.67820988,0,1,1,1,0,0,0
intermediate_capacity,15,0.75,min_expected_disruption,seg-least_privilege|patch+2|det1|iso1|bak-connected|idm0,segmentation=least_privilege; patch+2 levels; faster detection; rapid isolation; backups=connected,12.75,4.426111111,2.659277778,6.360152778,34,140,0.06666666667,15.30248366,0,1,1,1,1,0,0
intermediate_capacity,15,0.75,min_catastrophic_prob,seg-least_privilege|patch+2|det1|iso1|bak-connected|idm0,segmentation=least_privilege; patch+2 levels; faster detection; rapid isolation; backups=connected,12.75,4.426111111,2.659277778,6.360152778,34,140,0.06666666667,15.30248366,0,1,1,1,1,0,0
intermediate_capacity,15,0.75,max_hours_preserved_per_point,seg-flat|patch+0|det1|iso0|bak-connected|idm0,segmentation=flat; faster detection; backups=connected,2.25,107.1702778,86.9070625,124.7400139,46,140,0.8,41.05,0,0,0,1,0,0,0
intermediate_capacity,15,0.75,best_balanced,seg-least_privilege|patch+2|det1|iso1|bak-connected|idm0,segmentation=least_privilege; patch+2 levels; faster detection; rapid isolation; backups=connected,12.75,4.426111111,2.659277778,6.360152778,34,140,0.06666666667,15.30248366,0,1,1,1,1,0,0
intermediate_capacity,20,0.75,min_expected_disruption,seg-least_privilege|patch+2|det1|iso1|bak-connected|idm0,segmentation=least_privilege; patch+2 levels; faster detection; rapid isolation; backups=connected,12.75,4.426111111,2.659277778,6.360152778,38,144,0.06666666667,15.30248366,0,1,1,1,1,0,0
intermediate_capacity,20,0.75,min_catastrophic_prob,seg-least_privilege|patch+2|det1|iso1|bak-connected|idm0,segmentation=least_privilege; patch+2 levels; faster detection; rapid isolation; backups=connected,12.75,4.426111111,2.659277778,6.360152778,38,144,0.06666666667,15.30248366,0,1,1,1,1,0,0
intermediate_capacity,20,0.75,max_hours_preserved_per_point,seg-flat|patch+0|det1|iso0|bak-connected|idm0,segmentation=flat; faster detection; backups=connected,2.25,107.1702778,86.9070625,124.7400139,46,144,0.8,41.05,0,0,0,1,0,0,0
intermediate_capacity,20,0.75,best_balanced,seg-least_privilege|patch+2|det1|iso1|bak-connected|idm0,segmentation=least_privilege; patch+2 levels; faster detection; rapid isolation; backups=connected,12.75,4.426111111,2.659277778,6.360152778,38,144,0.06666666667,15.30248366,0,1,1,1,1,0,0
intermediate_capacity,5,1,min_expected_disruption,seg-flat|patch+0|det1|iso0|bak-isolated|idm0,segmentation=flat; faster detection; backups=isolated,5,64.94527778,51.63215972,76.99129861,3,14,0.7666666667,26.9175,0,0,0,1,0,1,0
intermediate_capacity,5,1,min_catastrophic_prob,seg-least_privilege|patch+0|det0|iso0|bak-connected|idm0,segmentation=least_privilege; backups=connected,5,93.54916667,59.90218056,131.4504444,9,14,0.6,21.19672222,0,1,0,0,0,0,0
intermediate_capacity,5,1,max_hours_preserved_per_point,seg-flat|patch+0|det1|iso0|bak-connected|idm0,segmentation=flat; faster detection; backups=connected,3,107.1702778,86.9070625,124.7400139,8,14,0.8,30.7875,0,0,0,1,0,0,0
intermediate_capacity,5,1,best_balanced,seg-least_privilege|patch+0|det0|iso0|bak-connected|idm0,segmentation=least_privilege; backups=connected,5,93.54916667,59.90218056,131.4504444,9,14,0.6,21.19672222,0,1,0,0,0,0,0
intermediate_capacity,10,1,min_expected_disruption,seg-least_privilege|patch+1|det1|iso0|bak-connected|idm0,segmentation=least_privilege; patch+1 levels; faster detection; backups=connected,10,5.884166667,3.201576389,9.068604167,7,58,0.1,19.36486111,0,1,1,1,0,0,0
intermediate_capacity,10,1,min_catastrophic_prob,seg-least_privilege|patch+1|det1|iso0|bak-connected|idm0,segmentation=least_privilege; patch+1 levels; faster detection; backups=connected,10,5.884166667,3.201576389,9.068604167,7,58,0.1,19.36486111,0,1,1,1,0,0,0
intermediate_capacity,10,1,max_hours_preserved_per_point,seg-flat|patch+0|det1|iso0|bak-connected|idm0,segmentation=flat; faster detection; backups=connected,3,107.1702778,86.9070625,124.7400139,31,58,0.8,30.7875,0,0,0,1,0,0,0
intermediate_capacity,10,1,best_balanced,seg-least_privilege|patch+1|det1|iso0|bak-connected|idm0,segmentation=least_privilege; patch+1 levels; faster detection; backups=connected,10,5.884166667,3.201576389,9.068604167,7,58,0.1,19.36486111,0,1,1,1,0,0,0
intermediate_capacity,15,1,min_expected_disruption,seg-least_privilege|patch+2|det1|iso0|bak-connected|idm0,segmentation=least_privilege; patch+2 levels; faster detection; backups=connected,12,4.428888889,2.662055556,6.362930556,19,113,0.06666666667,16.25865741,0,1,1,1,0,0,0
intermediate_capacity,15,1,min_catastrophic_prob,seg-least_privilege|patch+2|det1|iso0|bak-connected|idm0,segmentation=least_privilege; patch+2 levels; faster detection; backups=connected,12,4.428888889,2.662055556,6.362930556,19,113,0.06666666667,16.25865741,0,1,1,1,0,0,0
intermediate_capacity,15,1,max_hours_preserved_per_point,seg-flat|patch+0|det1|iso0|bak-connected|idm0,segmentation=flat; faster detection; backups=connected,3,107.1702778,86.9070625,124.7400139,45,113,0.8,30.7875,0,0,0,1,0,0,0
intermediate_capacity,15,1,best_balanced,seg-least_privilege|patch+2|det1|iso0|bak-connected|idm0,segmentation=least_privilege; patch+2 levels; faster detection; backups=connected,12,4.428888889,2.662055556,6.362930556,19,113,0.06666666667,16.25865741,0,1,1,1,0,0,0
intermediate_capacity,20,1,min_expected_disruption,seg-least_privilege|patch+2|det1|iso1|bak-connected|idm0,segmentation=least_privilege; patch+2 levels; faster detection; rapid isolation; backups=connected,17,4.426111111,2.659277778,6.360152778,34,140,0.06666666667,11.47686275,0,1,1,1,1,0,0
intermediate_capacity,20,1,min_catastrophic_prob,seg-least_privilege|patch+2|det1|iso1|bak-connected|idm0,segmentation=least_privilege; patch+2 levels; faster detection; rapid isolation; backups=connected,17,4.426111111,2.659277778,6.360152778,34,140,0.06666666667,11.47686275,0,1,1,1,1,0,0
intermediate_capacity,20,1,max_hours_preserved_per_point,seg-flat|patch+0|det1|iso0|bak-connected|idm0,segmentation=flat; faster detection; backups=connected,3,107.1702778,86.9070625,124.7400139,46,140,0.8,30.7875,0,0,0,1,0,0,0
intermediate_capacity,20,1,best_balanced,seg-least_privilege|patch+2|det1|iso1|bak-connected|idm0,segmentation=least_privilege; patch+2 levels; faster detection; rapid isolation; backups=connected,17,4.426111111,2.659277778,6.360152778,34,140,0.06666666667,11.47686275,0,1,1,1,1,0,0
intermediate_capacity,5,1.25,min_expected_disruption,seg-flat|patch+0|det1|iso0|bak-connected|idm0,segmentation=flat; faster detection; backups=connected,3.75,107.1702778,86.9070625,124.7400139,4,8,0.8,24.63,0,0,0,1,0,0,0
intermediate_capacity,5,1.25,min_catastrophic_prob,seg-basic|patch+0|det0|iso0|bak-connected|idm0,segmentation=basic; backups=connected,3.75,155.4858333,120.8441389,189.9336528,8,8,0.7333333333,11.74585185,1,0,0,0,0,0,0
intermediate_capacity,5,1.25,max_hours_preserved_per_point,seg-flat|patch+0|det1|iso0|bak-connected|idm0,segmentation=flat; faster detection; backups=connected,3.75,107.1702778,86.9070625,124.7400139,4,8,0.8,24.63,0,0,0,1,0,0,0
intermediate_capacity,5,1.25,best_balanced,seg-flat|patch+0|det1|iso0|bak-connected|idm0,segmentation=flat; faster detection; backups=connected,3.75,107.1702778,86.9070625,124.7400139,4,8,0.8,24.63,0,0,0,1,0,0,0
intermediate_capacity,10,1.25,min_expected_disruption,seg-least_privilege|patch+0|det1|iso0|bak-connected|idm0,segmentation=least_privilege; faster detection; backups=connected,10,14.37583333,6.882236111,23.596,3,35,0.2333333333,18.51569444,0,1,0,1,0,0,0
intermediate_capacity,10,1.25,min_catastrophic_prob,seg-least_privilege|patch+0|det1|iso0|bak-connected|idm0,segmentation=least_privilege; faster detection; backups=connected,10,14.37583333,6.882236111,23.596,3,35,0.2333333333,18.51569444,0,1,0,1,0,0,0
intermediate_capacity,10,1.25,max_hours_preserved_per_point,seg-flat|patch+0|det1|iso0|bak-connected|idm0,segmentation=flat; faster detection; backups=connected,3.75,107.1702778,86.9070625,124.7400139,20,35,0.8,24.63,0,0,0,1,0,0,0
intermediate_capacity,10,1.25,best_balanced,seg-least_privilege|patch+0|det1|iso0|bak-connected|idm0,segmentation=least_privilege; faster detection; backups=connected,10,14.37583333,6.882236111,23.596,3,35,0.2333333333,18.51569444,0,1,0,1,0,0,0
intermediate_capacity,15,1.25,min_expected_disruption,seg-least_privilege|patch+2|det1|iso0|bak-connected|idm0,segmentation=least_privilege; patch+2 levels; faster detection; backups=connected,15,4.428888889,2.662055556,6.362930556,8,83,0.06666666667,13.00692593,0,1,1,1,0,0,0
intermediate_capacity,15,1.25,min_catastrophic_prob,seg-least_privilege|patch+2|det1|iso0|bak-connected|idm0,segmentation=least_privilege; patch+2 levels; faster detection; backups=connected,15,4.428888889,2.662055556,6.362930556,8,83,0.06666666667,13.00692593,0,1,1,1,0,0,0
intermediate_capacity,15,1.25,max_hours_preserved_per_point,seg-flat|patch+0|det1|iso0|bak-connected|idm0,segmentation=flat; faster detection; backups=connected,3.75,107.1702778,86.9070625,124.7400139,39,83,0.8,24.63,0,0,0,1,0,0,0
intermediate_capacity,15,1.25,best_balanced,seg-least_privilege|patch+2|det1|iso0|bak-connected|idm0,segmentation=least_privilege; patch+2 levels; faster detection; backups=connected,15,4.428888889,2.662055556,6.362930556,8,83,0.06666666667,13.00692593,0,1,1,1,0,0,0
intermediate_capacity,20,1.25,min_expected_disruption,seg-least_privilege|patch+2|det1|iso0|bak-connected|idm0,segmentation=least_privilege; patch+2 levels; faster detection; backups=connected,15,4.428888889,2.662055556,6.362930556,23,123,0.06666666667,13.00692593,0,1,1,1,0,0,0
intermediate_capacity,20,1.25,min_catastrophic_prob,seg-least_privilege|patch+2|det1|iso0|bak-connected|idm0,segmentation=least_privilege; patch+2 levels; faster detection; backups=connected,15,4.428888889,2.662055556,6.362930556,23,123,0.06666666667,13.00692593,0,1,1,1,0,0,0
intermediate_capacity,20,1.25,max_hours_preserved_per_point,seg-flat|patch+0|det1|iso0|bak-connected|idm0,segmentation=flat; faster detection; backups=connected,3.75,107.1702778,86.9070625,124.7400139,46,123,0.8,24.63,0,0,0,1,0,0,0
intermediate_capacity,20,1.25,best_balanced,seg-least_privilege|patch+2|det1|iso0|bak-connected|idm0,segmentation=least_privilege; patch+2 levels; faster detection; backups=connected,15,4.428888889,2.662055556,6.362930556,23,123,0.06666666667,13.00692593,0,1,1,1,0,0,0
intermediate_capacity,5,1.5,min_expected_disruption,seg-flat|patch+0|det1|iso0|bak-connected|idm0,segmentation=flat; faster detection; backups=connected,4.5,107.1702778,86.9070625,124.7400139,3,5,0.8,20.525,0,0,0,1,0,0,0
intermediate_capacity,5,1.5,min_catastrophic_prob,seg-basic|patch+0|det0|iso0|bak-connected|idm0,segmentation=basic; backups=connected,4.5,155.4858333,120.8441389,189.9336528,5,5,0.7333333333,9.788209877,1,0,0,0,0,0,0
intermediate_capacity,5,1.5,max_hours_preserved_per_point,seg-flat|patch+0|det1|iso0|bak-connected|idm0,segmentation=flat; faster detection; backups=connected,4.5,107.1702778,86.9070625,124.7400139,3,5,0.8,20.525,0,0,0,1,0,0,0
intermediate_capacity,5,1.5,best_balanced,seg-flat|patch+0|det1|iso0|bak-connected|idm0,segmentation=flat; faster detection; backups=connected,4.5,107.1702778,86.9070625,124.7400139,3,5,0.8,20.525,0,0,0,1,0,0,0
intermediate_capacity,10,1.5,min_expected_disruption,seg-flat|patch+0|det1|iso0|bak-isolated|idm0,segmentation=flat; faster detection; backups=isolated,7.5,64.94527778,51.63215972,76.99129861,4,18,0.7666666667,17.945,0,0,0,1,0,1,0
intermediate_capacity,10,1.5,min_catastrophic_prob,seg-basic|patch+0|det1|iso0|bak-connected|idm0,segmentation=basic; faster detection; backups=connected,9,72.945,52.24732639,94.91018056,8,18,0.6,14.06530864,1,0,0,1,0,0,0
intermediate_capacity,10,1.5,max_hours_preserved_per_point,seg-flat|patch+0|det1|iso0|bak-connected|idm0,segmentation=flat; faster detection; backups=connected,4.5,107.1702778,86.9070625,124.7400139,11,18,0.8,20.525,0,0,0,1,0,0,0
intermediate_capacity,10,1.5,best_balanced,seg-basic|patch+0|det1|iso0|bak-connected|idm0,segmentation=basic; faster detection; backups=connected,9,72.945,52.24732639,94.91018056,8,18,0.6,14.06530864,1,0,0,1,0,0,0
intermediate_capacity,15,1.5,min_expected_disruption,seg-least_privilege|patch+1|det1|iso0|bak-connected|idm0,segmentation=least_privilege; patch+1 levels; faster detection; backups=connected,15,5.884166667,3.201576389,9.068604167,7,58,0.1,12.90990741,0,1,1,1,0,0,0
intermediate_capacity,15,1.5,min_catastrophic_prob,seg-least_privilege|patch+1|det1|iso0|bak-connected|idm0,segmentation=least_privilege; patch+1 levels; faster detection; backups=connected,15,5.884166667,3.201576389,9.068604167,7,58,0.1,12.90990741,0,1,1,1,0,0,0
intermediate_capacity,15,1.5,max_hours_preserved_per_point,seg-flat|patch+0|det1|iso0|bak-connected|idm0,segmentation=flat; faster detection; backups=connected,4.5,107.1702778,86.9070625,124.7400139,31,58,0.8,20.525,0,0,0,1,0,0,0
intermediate_capacity,15,1.5,best_balanced,seg-least_privilege|patch+1|det1|iso0|bak-connected|idm0,segmentation=least_privilege; patch+1 levels; faster detection; backups=connected,15,5.884166667,3.201576389,9.068604167,7,58,0.1,12.90990741,0,1,1,1,0,0,0
intermediate_capacity,20,1.5,min_expected_disruption,seg-least_privilege|patch+2|det1|iso0|bak-connected|idm0,segmentation=least_privilege; patch+2 levels; faster detection; backups=connected,18,4.428888889,2.662055556,6.362930556,10,92,0.06666666667,10.83910494,0,1,1,1,0,0,0
intermediate_capacity,20,1.5,min_catastrophic_prob,seg-least_privilege|patch+2|det1|iso0|bak-connected|idm0,segmentation=least_privilege; patch+2 levels; faster detection; backups=connected,18,4.428888889,2.662055556,6.362930556,10,92,0.06666666667,10.83910494,0,1,1,1,0,0,0
intermediate_capacity,20,1.5,max_hours_preserved_per_point,seg-flat|patch+0|det1|iso0|bak-connected|idm0,segmentation=flat; faster detection; backups=connected,4.5,107.1702778,86.9070625,124.7400139,40,92,0.8,20.525,0,0,0,1,0,0,0
intermediate_capacity,20,1.5,best_balanced,seg-least_privilege|patch+2|det1|iso0|bak-connected|idm0,segmentation=least_privilege; patch+2 levels; faster detection; backups=connected,18,4.428888889,2.662055556,6.362930556,10,92,0.06666666667,10.83910494,0,1,1,1,0,0,0
high_capacity,5,0.5,min_expected_disruption,seg-basic|patch+0|det1|iso0|bak-connected|idm0,segmentation=basic; faster detection; backups=connected,3,2.796666667,1.019833333,4.895972222,47,47,0.06666666667,2.367037037,1,0,0,1,0,0,0
high_capacity,5,0.5,min_catastrophic_prob,seg-basic|patch+0|det1|iso0|bak-connected|idm0,segmentation=basic; faster detection; backups=connected,3,2.796666667,1.019833333,4.895972222,47,47,0.06666666667,2.367037037,1,0,0,1,0,0,0
high_capacity,5,0.5,max_hours_preserved_per_point,seg-flat|patch+1|det0|iso0|bak-connected|idm0,segmentation=flat; patch+1 levels; backups=connected,1,3.278888889,1.430944444,5.502444444,47,47,0.1333333333,6.618888889,0,0,1,0,0,0,0
high_capacity,5,0.5,best_balanced,seg-basic|patch+0|det1|iso0|bak-connected|idm0,segmentation=basic; faster detection; backups=connected,3,2.796666667,1.019833333,4.895972222,47,47,0.06666666667,2.367037037,1,0,0,1,0,0,0
high_capacity,10,0.5,min_expected_disruption,seg-basic|patch+0|det1|iso0|bak-connected|idm0,segmentation=basic; faster detection; backups=connected,3,2.796666667,1.019833333,4.895972222,95,95,0.06666666667,2.367037037,1,0,0,1,0,0,0
high_capacity,10,0.5,min_catastrophic_prob,seg-basic|patch+0|det1|iso0|bak-connected|idm0,segmentation=basic; faster detection; backups=connected,3,2.796666667,1.019833333,4.895972222,95,95,0.06666666667,2.367037037,1,0,0,1,0,0,0
high_capacity,10,0.5,max_hours_preserved_per_point,seg-flat|patch+1|det0|iso0|bak-connected|idm0,segmentation=flat; patch+1 levels; backups=connected,1,3.278888889,1.430944444,5.502444444,95,95,0.1333333333,6.618888889,0,0,1,0,0,0,0
high_capacity,10,0.5,best_balanced,seg-basic|patch+0|det1|iso0|bak-connected|idm0,segmentation=basic; faster detection; backups=connected,3,2.796666667,1.019833333,4.895972222,95,95,0.06666666667,2.367037037,1,0,0,1,0,0,0
high_capacity,15,0.5,min_expected_disruption,seg-basic|patch+0|det1|iso0|bak-connected|idm0,segmentation=basic; faster detection; backups=connected,3,2.796666667,1.019833333,4.895972222,96,96,0.06666666667,2.367037037,1,0,0,1,0,0,0
high_capacity,15,0.5,min_catastrophic_prob,seg-basic|patch+0|det1|iso0|bak-connected|idm0,segmentation=basic; faster detection; backups=connected,3,2.796666667,1.019833333,4.895972222,96,96,0.06666666667,2.367037037,1,0,0,1,0,0,0
high_capacity,15,0.5,max_hours_preserved_per_point,seg-flat|patch+1|det0|iso0|bak-connected|idm0,segmentation=flat; patch+1 levels; backups=connected,1,3.278888889,1.430944444,5.502444444,96,96,0.1333333333,6.618888889,0,0,1,0,0,0,0
high_capacity,15,0.5,best_balanced,seg-basic|patch+0|det1|iso0|bak-connected|idm0,segmentation=basic; faster detection; backups=connected,3,2.796666667,1.019833333,4.895972222,96,96,0.06666666667,2.367037037,1,0,0,1,0,0,0
high_capacity,20,0.5,min_expected_disruption,seg-basic|patch+0|det1|iso0|bak-connected|idm0,segmentation=basic; faster detection; backups=connected,3,2.796666667,1.019833333,4.895972222,96,96,0.06666666667,2.367037037,1,0,0,1,0,0,0
high_capacity,20,0.5,min_catastrophic_prob,seg-basic|patch+0|det1|iso0|bak-connected|idm0,segmentation=basic; faster detection; backups=connected,3,2.796666667,1.019833333,4.895972222,96,96,0.06666666667,2.367037037,1,0,0,1,0,0,0
high_capacity,20,0.5,max_hours_preserved_per_point,seg-flat|patch+1|det0|iso0|bak-connected|idm0,segmentation=flat; patch+1 levels; backups=connected,1,3.278888889,1.430944444,5.502444444,96,96,0.1333333333,6.618888889,0,0,1,0,0,0,0
high_capacity,20,0.5,best_balanced,seg-basic|patch+0|det1|iso0|bak-connected|idm0,segmentation=basic; faster detection; backups=connected,3,2.796666667,1.019833333,4.895972222,96,96,0.06666666667,2.367037037,1,0,0,1,0,0,0
high_capacity,5,0.75,min_expected_disruption,seg-basic|patch+0|det1|iso0|bak-connected|idm0,segmentation=basic; faster detection; backups=connected,4.5,2.796666667,1.019833333,4.895972222,16,16,0.06666666667,1.578024691,1,0,0,1,0,0,0
high_capacity,5,0.75,min_catastrophic_prob,seg-basic|patch+0|det1|iso0|bak-connected|idm0,segmentation=basic; faster detection; backups=connected,4.5,2.796666667,1.019833333,4.895972222,16,16,0.06666666667,1.578024691,1,0,0,1,0,0,0
high_capacity,5,0.75,max_hours_preserved_per_point,seg-flat|patch+1|det0|iso0|bak-connected|idm0,segmentation=flat; patch+1 levels; backups=connected,1.5,3.278888889,1.430944444,5.502444444,16,16,0.1333333333,4.412592593,0,0,1,0,0,0,0
high_capacity,5,0.75,best_balanced,seg-basic|patch+0|det1|iso0|bak-connected|idm0,segmentation=basic; faster detection; backups=connected,4.5,2.796666667,1.019833333,4.895972222,16,16,0.06666666667,1.578024691,1,0,0,1,0,0,0
high_capacity,10,0.75,min_expected_disruption,seg-basic|patch+0|det1|iso0|bak-connected|idm0,segmentation=basic; faster detection; backups=connected,4.5,2.796666667,1.019833333,4.895972222,69,69,0.06666666667,1.578024691,1,0,0,1,0,0,0
high_capacity,10,0.75,min_catastrophic_prob,seg-basic|patch+0|det1|iso0|bak-connected|idm0,segmentation=basic; faster detection; backups=connected,4.5,2.796666667,1.019833333,4.895972222,69,69,0.06666666667,1.578024691,1,0,0,1,0,0,0
high_capacity,10,0.75,max_hours_preserved_per_point,seg-flat|patch+1|det0|iso0|bak-connected|idm0,segmentation=flat; patch+1 levels; backups=connected,1.5,3.278888889,1.430944444,5.502444444,69,69,0.1333333333,4.412592593,0,0,1,0,0,0,0
high_capacity,10,0.75,best_balanced,seg-basic|patch+0|det1|iso0|bak-connected|idm0,segmentation=basic; faster detection; backups=connected,4.5,2.796666667,1.019833333,4.895972222,69,69,0.06666666667,1.578024691,1,0,0,1,0,0,0
high_capacity,15,0.75,min_expected_disruption,seg-basic|patch+0|det1|iso0|bak-connected|idm0,segmentation=basic; faster detection; backups=connected,4.5,2.796666667,1.019833333,4.895972222,95,95,0.06666666667,1.578024691,1,0,0,1,0,0,0
high_capacity,15,0.75,min_catastrophic_prob,seg-basic|patch+0|det1|iso0|bak-connected|idm0,segmentation=basic; faster detection; backups=connected,4.5,2.796666667,1.019833333,4.895972222,95,95,0.06666666667,1.578024691,1,0,0,1,0,0,0
high_capacity,15,0.75,max_hours_preserved_per_point,seg-flat|patch+1|det0|iso0|bak-connected|idm0,segmentation=flat; patch+1 levels; backups=connected,1.5,3.278888889,1.430944444,5.502444444,95,95,0.1333333333,4.412592593,0,0,1,0,0,0,0
high_capacity,15,0.75,best_balanced,seg-basic|patch+0|det1|iso0|bak-connected|idm0,segmentation=basic; faster detection; backups=connected,4.5,2.796666667,1.019833333,4.895972222,95,95,0.06666666667,1.578024691,1,0,0,1,0,0,0
high_capacity,20,0.75,min_expected_disruption,seg-basic|patch+0|det1|iso0|bak-connected|idm0,segmentation=basic; faster detection; backups=connected,4.5,2.796666667,1.019833333,4.895972222,96,96,0.06666666667,1.578024691,1,0,0,1,0,0,0
high_capacity,20,0.75,min_catastrophic_prob,seg-basic|patch+0|det1|iso0|bak-connected|idm0,segmentation=basic; faster detection; backups=connected,4.5,2.796666667,1.019833333,4.895972222,96,96,0.06666666667,1.578024691,1,0,0,1,0,0,0
high_capacity,20,0.75,max_hours_preserved_per_point,seg-flat|patch+1|det0|iso0|bak-connected|idm0,segmentation=flat; patch+1 levels; backups=connected,1.5,3.278888889,1.430944444,5.502444444,96,96,0.1333333333,4.412592593,0,0,1,0,0,0,0
high_capacity,20,0.75,best_balanced,seg-basic|patch+0|det1|iso0|bak-connected|idm0,segmentation=basic; faster detection; backups=connected,4.5,2.796666667,1.019833333,4.895972222,96,96,0.06666666667,1.578024691,1,0,0,1,0,0,0
high_capacity,5,1,min_expected_disruption,seg-flat|patch+0|det1|iso0|bak-connected|idm0,segmentation=flat; faster detection; backups=connected,3,2.823333333,1.053194444,4.923416667,13,13,0.06666666667,2.358148148,0,0,0,1,0,0,0
high_capacity,5,1,min_catastrophic_prob,seg-flat|patch+0|det1|iso0|bak-connected|idm0,segmentation=flat; faster detection; backups=connected,3,2.823333333,1.053194444,4.923416667,13,13,0.06666666667,2.358148148,0,0,0,1,0,0,0
high_capacity,5,1,max_hours_preserved_per_point,seg-flat|patch+1|det0|iso0|bak-connected|idm0,segmentation=flat; patch+1 levels; backups=connected,2,3.278888889,1.430944444,5.502444444,13,13,0.1333333333,3.309444444,0,0,1,0,0,0,0
high_capacity,5,1,best_balanced,seg-flat|patch+0|det1|iso0|bak-connected|idm0,segmentation=flat; faster detection; backups=connected,3,2.823333333,1.053194444,4.923416667,13,13,0.06666666667,2.358148148,0,0,0,1,0,0,0
high_capacity,10,1,min_expected_disruption,seg-basic|patch+0|det1|iso0|bak-connected|idm0,segmentation=basic; faster detection; backups=connected,6,2.796666667,1.019833333,4.895972222,47,47,0.06666666667,1.183518519,1,0,0,1,0,0,0
high_capacity,10,1,min_catastrophic_prob,seg-basic|patch+0|det1|iso0|bak-connected|idm0,segmentation=basic; faster detection; backups=connected,6,2.796666667,1.019833333,4.895972222,47,47,0.06666666667,1.183518519,1,0,0,1,0,0,0
high_capacity,10,1,max_hours_preserved_per_point,seg-flat|patch+1|det0|iso0|bak-connected|idm0,segmentation=flat; patch+1 levels; backups=connected,2,3.278888889,1.430944444,5.502444444,47,47,0.1333333333,3.309444444,0,0,1,0,0,0,0
high_capacity,10,1,best_balanced,seg-basic|patch+0|det1|iso0|bak-connected|idm0,segmentation=basic; faster detection; backups=connected,6,2.796666667,1.019833333,4.895972222,47,47,0.06666666667,1.183518519,1,0,0,1,0,0,0
high_capacity,15,1,min_expected_disruption,seg-basic|patch+0|det1|iso0|bak-connected|idm0,segmentation=basic; faster detection; backups=connected,6,2.796666667,1.019833333,4.895972222,82,82,0.06666666667,1.183518519,1,0,0,1,0,0,0
high_capacity,15,1,min_catastrophic_prob,seg-basic|patch+0|det1|iso0|bak-connected|idm0,segmentation=basic; faster detection; backups=connected,6,2.796666667,1.019833333,4.895972222,82,82,0.06666666667,1.183518519,1,0,0,1,0,0,0
high_capacity,15,1,max_hours_preserved_per_point,seg-flat|patch+1|det0|iso0|bak-connected|idm0,segmentation=flat; patch+1 levels; backups=connected,2,3.278888889,1.430944444,5.502444444,82,82,0.1333333333,3.309444444,0,0,1,0,0,0,0
high_capacity,15,1,best_balanced,seg-basic|patch+0|det1|iso0|bak-connected|idm0,segmentation=basic; faster detection; backups=connected,6,2.796666667,1.019833333,4.895972222,82,82,0.06666666667,1.183518519,1,0,0,1,0,0,0
high_capacity,20,1,min_expected_disruption,seg-basic|patch+0|det1|iso0|bak-connected|idm0,segmentation=basic; faster detection; backups=connected,6,2.796666667,1.019833333,4.895972222,95,95,0.06666666667,1.183518519,1,0,0,1,0,0,0
high_capacity,20,1,min_catastrophic_prob,seg-basic|patch+0|det1|iso0|bak-connected|idm0,segmentation=basic; faster detection; backups=connected,6,2.796666667,1.019833333,4.895972222,95,95,0.06666666667,1.183518519,1,0,0,1,0,0,0
high_capacity,20,1,max_hours_preserved_per_point,seg-flat|patch+1|det0|iso0|bak-connected|idm0,segmentation=flat; patch+1 levels; backups=connected,2,3.278888889,1.430944444,5.502444444,95,95,0.1333333333,3.309444444,0,0,1,0,0,0,0
high_capacity,20,1,best_balanced,seg-basic|patch+0|det1|iso0|bak-connected|idm0,segmentation=basic; faster detection; backups=connected,6,2.796666667,1.019833333,4.895972222,95,95,0.06666666667,1.183518519,1,0,0,1,0,0,0
high_capacity,5,1.25,min_expected_disruption,seg-flat|patch+0|det1|iso0|bak-connected|idm0,segmentation=flat; faster detection; backups=connected,3.75,2.823333333,1.053194444,4.923416667,7,7,0.06666666667,1.886518519,0,0,0,1,0,0,0
high_capacity,5,1.25,min_catastrophic_prob,seg-flat|patch+0|det1|iso0|bak-connected|idm0,segmentation=flat; faster detection; backups=connected,3.75,2.823333333,1.053194444,4.923416667,7,7,0.06666666667,1.886518519,0,0,0,1,0,0,0
high_capacity,5,1.25,max_hours_preserved_per_point,seg-flat|patch+1|det0|iso0|bak-connected|idm0,segmentation=flat; patch+1 levels; backups=connected,2.5,3.278888889,1.430944444,5.502444444,7,7,0.1333333333,2.647555556,0,0,1,0,0,0,0
high_capacity,5,1.25,best_balanced,seg-flat|patch+0|det1|iso0|bak-connected|idm0,segmentation=flat; faster detection; backups=connected,3.75,2.823333333,1.053194444,4.923416667,7,7,0.06666666667,1.886518519,0,0,0,1,0,0,0
high_capacity,10,1.25,min_expected_disruption,seg-basic|patch+0|det1|iso0|bak-connected|idm0,segmentation=basic; faster detection; backups=connected,7.5,2.796666667,1.019833333,4.895972222,30,30,0.06666666667,0.9468148148,1,0,0,1,0,0,0
high_capacity,10,1.25,min_catastrophic_prob,seg-basic|patch+0|det1|iso0|bak-connected|idm0,segmentation=basic; faster detection; backups=connected,7.5,2.796666667,1.019833333,4.895972222,30,30,0.06666666667,0.9468148148,1,0,0,1,0,0,0
high_capacity,10,1.25,max_hours_preserved_per_point,seg-flat|patch+1|det0|iso0|bak-connected|idm0,segmentation=flat; patch+1 levels; backups=connected,2.5,3.278888889,1.430944444,5.502444444,30,30,0.1333333333,2.647555556,0,0,1,0,0,0,0
high_capacity,10,1.25,best_balanced,seg-basic|patch+0|det1|iso0|bak-connected|idm0,segmentation=basic; faster detection; backups=connected,7.5,2.796666667,1.019833333,4.895972222,30,30,0.06666666667,0.9468148148,1,0,0,1,0,0,0
high_capacity,15,1.25,min_expected_disruption,seg-basic|patch+0|det1|iso0|bak-connected|idm0,segmentation=basic; faster detection; backups=connected,7.5,2.796666667,1.019833333,4.895972222,64,64,0.06666666667,0.9468148148,1,0,0,1,0,0,0
high_capacity,15,1.25,min_catastrophic_prob,seg-basic|patch+0|det1|iso0|bak-connected|idm0,segmentation=basic; faster detection; backups=connected,7.5,2.796666667,1.019833333,4.895972222,64,64,0.06666666667,0.9468148148,1,0,0,1,0,0,0
high_capacity,15,1.25,max_hours_preserved_per_point,seg-flat|patch+1|det0|iso0|bak-connected|idm0,segmentation=flat; patch+1 levels; backups=connected,2.5,3.278888889,1.430944444,5.502444444,64,64,0.1333333333,2.647555556,0,0,1,0,0,0,0
high_capacity,15,1.25,best_balanced,seg-basic|patch+0|det1|iso0|bak-connected|idm0,segmentation=basic; faster detection; backups=connected,7.5,2.796666667,1.019833333,4.895972222,64,64,0.06666666667,0.9468148148,1,0,0,1,0,0,0
high_capacity,20,1.25,min_expected_disruption,seg-basic|patch+0|det1|iso0|bak-connected|idm0,segmentation=basic; faster detection; backups=connected,7.5,2.796666667,1.019833333,4.895972222,87,87,0.06666666667,0.9468148148,1,0,0,1,0,0,0
high_capacity,20,1.25,min_catastrophic_prob,seg-basic|patch+0|det1|iso0|bak-connected|idm0,segmentation=basic; faster detection; backups=connected,7.5,2.796666667,1.019833333,4.895972222,87,87,0.06666666667,0.9468148148,1,0,0,1,0,0,0
high_capacity,20,1.25,max_hours_preserved_per_point,seg-flat|patch+1|det0|iso0|bak-connected|idm0,segmentation=flat; patch+1 levels; backups=connected,2.5,3.278888889,1.430944444,5.502444444,87,87,0.1333333333,2.647555556,0,0,1,0,0,0,0
high_capacity,20,1.25,best_balanced,seg-basic|patch+0|det1|iso0|bak-connected|idm0,segmentation=basic; faster detection; backups=connected,7.5,2.796666667,1.019833333,4.895972222,87,87,0.06666666667,0.9468148148,1,0,0,1,0,0,0
high_capacity,5,1.5,min_expected_disruption,seg-flat|patch+0|det1|iso0|bak-connected|idm0,segmentation=flat; faster detection; backups=connected,4.5,2.823333333,1.053194444,4.923416667,5,5,0.06666666667,1.572098765,0,0,0,1,0,0,0
high_capacity,5,1.5,min_catastrophic_prob,seg-flat|patch+0|det1|iso0|bak-connected|idm0,segmentation=flat; faster detection; backups=connected,4.5,2.823333333,1.053194444,4.923416667,5,5,0.06666666667,1.572098765,0,0,0,1,0,0,0
high_capacity,5,1.5,max_hours_preserved_per_point,seg-flat|patch+1|det0|iso0|bak-connected|idm0,segmentation=flat; patch+1 levels; backups=connected,3,3.278888889,1.430944444,5.502444444,5,5,0.1333333333,2.206296296,0,0,1,0,0,0,0
high_capacity,5,1.5,best_balanced,seg-flat|patch+0|det1|iso0|bak-connected|idm0,segmentation=flat; faster detection; backups=connected,4.5,2.823333333,1.053194444,4.923416667,5,5,0.06666666667,1.572098765,0,0,0,1,0,0,0
high_capacity,10,1.5,min_expected_disruption,seg-basic|patch+0|det1|iso0|bak-connected|idm0,segmentation=basic; faster detection; backups=connected,9,2.796666667,1.019833333,4.895972222,16,16,0.06666666667,0.7890123457,1,0,0,1,0,0,0
high_capacity,10,1.5,min_catastrophic_prob,seg-basic|patch+0|det1|iso0|bak-connected|idm0,segmentation=basic; faster detection; backups=connected,9,2.796666667,1.019833333,4.895972222,16,16,0.06666666667,0.7890123457,1,0,0,1,0,0,0
high_capacity,10,1.5,max_hours_preserved_per_point,seg-flat|patch+1|det0|iso0|bak-connected|idm0,segmentation=flat; patch+1 levels; backups=connected,3,3.278888889,1.430944444,5.502444444,16,16,0.1333333333,2.206296296,0,0,1,0,0,0,0
high_capacity,10,1.5,best_balanced,seg-basic|patch+0|det1|iso0|bak-connected|idm0,segmentation=basic; faster detection; backups=connected,9,2.796666667,1.019833333,4.895972222,16,16,0.06666666667,0.7890123457,1,0,0,1,0,0,0
high_capacity,15,1.5,min_expected_disruption,seg-basic|patch+0|det1|iso0|bak-connected|idm0,segmentation=basic; faster detection; backups=connected,9,2.796666667,1.019833333,4.895972222,47,47,0.06666666667,0.7890123457,1,0,0,1,0,0,0
high_capacity,15,1.5,min_catastrophic_prob,seg-basic|patch+0|det1|iso0|bak-connected|idm0,segmentation=basic; faster detection; backups=connected,9,2.796666667,1.019833333,4.895972222,47,47,0.06666666667,0.7890123457,1,0,0,1,0,0,0
high_capacity,15,1.5,max_hours_preserved_per_point,seg-flat|patch+1|det0|iso0|bak-connected|idm0,segmentation=flat; patch+1 levels; backups=connected,3,3.278888889,1.430944444,5.502444444,47,47,0.1333333333,2.206296296,0,0,1,0,0,0,0
high_capacity,15,1.5,best_balanced,seg-basic|patch+0|det1|iso0|bak-connected|idm0,segmentation=basic; faster detection; backups=connected,9,2.796666667,1.019833333,4.895972222,47,47,0.06666666667,0.7890123457,1,0,0,1,0,0,0
high_capacity,20,1.5,min_expected_disruption,seg-basic|patch+0|det1|iso0|bak-connected|idm0,segmentation=basic; faster detection; backups=connected,9,2.796666667,1.019833333,4.895972222,69,69,0.06666666667,0.7890123457,1,0,0,1,0,0,0
high_capacity,20,1.5,min_catastrophic_prob,seg-basic|patch+0|det1|iso0|bak-connected|idm0,segmentation=basic; faster detection; backups=connected,9,2.796666667,1.019833333,4.895972222,69,69,0.06666666667,0.7890123457,1,0,0,1,0,0,0
high_capacity,20,1.5,max_hours_preserved_per_point,seg-flat|patch+1|det0|iso0|bak-connected|idm0,segmentation=flat; patch+1 levels; backups=connected,3,3.278888889,1.430944444,5.502444444,69,69,0.1333333333,2.206296296,0,0,1,0,0,0,0
high_capacity,20,1.5,best_balanced,seg-basic|patch+0|det1|iso0|bak-connected|idm0,segmentation=basic; faster detection; backups=connected,9,2.796666667,1.019833333,4.895972222,69,69,0.06666666667,0.7890123457,1,0,0,1,0,0,0
