profile,draw,frontier_size,added,removed,jaccard,affordable_candidates,best_affordable_mean_hours_lost
resource_constrained,0,75,15,4,0.7594936709,16,207.5997292
intermediate_capacity,0,26,5,1,0.7777777778,52,24.33625
high_capacity,0,10,1,0,0.9,15,13.08197917
resource_constrained,1,72,11,3,0.8133333333,17,156.9935625
intermediate_capacity,1,20,3,5,0.68,56,21.05622917
high_capacity,1,9,3,3,0.5,16,13.06720833
resource_constrained,2,66,3,1,0.9402985075,24,155.6040833
intermediate_capacity,2,23,1,0,0.9565217391,53,24.33625
high_capacity,2,9,0,0,1,15,13.08197917
resource_constrained,3,63,10,11,0.7162162162,19,156.9935625
intermediate_capacity,3,23,3,2,0.8,67,21.05622917
high_capacity,3,10,1,0,0.9,16,13.06720833
resource_constrained,4,83,21,2,0.7294117647,23,207.5997292
intermediate_capacity,4,17,2,7,0.625,74,21.58458333
high_capacity,4,11,2,0,0.8181818182,16,13.06720833
resource_constrained,5,107,43,0,0.5981308411,15,207.5997292
intermediate_capacity,5,37,15,0,0.5945945946,46,24.33625
high_capacity,5,9,0,0,1,14,13.11922917
resource_constrained,6,76,13,1,0.8181818182,25,156.9935625
intermediate_capacity,6,30,8,0,0.7333333333,59,19.73402083
high_capacity,6,12,3,0,0.75,16,13.06720833
resource_constrained,7,77,16,3,0.7625,16,207.5997292
intermediate_capacity,7,24,4,2,0.7692307692,35,25.49491667
high_capacity,7,12,3,0,0.75,15,13.08197917
resource_constrained,8,62,5,7,0.8260869565,10,207.5997292
intermediate_capacity,8,22,2,2,0.8333333333,48,25.49491667
high_capacity,8,7,0,2,0.7777777778,16,13.06720833
resource_constrained,9,82,20,2,0.7380952381,26,156.9935625
intermediate_capacity,9,31,9,0,0.7096774194,52,24.33625
high_capacity,9,10,1,0,0.9,16,13.06720833
resource_constrained,10,83,23,4,0.6896551724,16,156.9935625
intermediate_capacity,10,30,10,2,0.625,32,33.0049375
high_capacity,10,13,4,0,0.6923076923,15,13.08197917
resource_constrained,11,105,41,0,0.6095238095,13,207.5997292
intermediate_capacity,11,35,13,0,0.6285714286,42,24.33625
high_capacity,11,9,0,0,1,14,13.11922917
resource_constrained,12,81,20,3,0.7261904762,13,207.5997292
intermediate_capacity,12,28,6,0,0.7857142857,33,27.79154167
high_capacity,12,10,1,0,0.9,14,13.11922917
resource_constrained,13,65,8,7,0.7916666667,22,156.9935625
intermediate_capacity,13,25,4,1,0.8076923077,76,21.05622917
high_capacity,13,9,0,0,1,16,13.06720833
resource_constrained,14,74,13,3,0.7922077922,19,156.9935625
intermediate_capacity,14,27,5,0,0.8148148148,56,24.33625
high_capacity,14,8,0,1,0.8888888889,16,13.06720833
resource_constrained,15,83,19,0,0.7710843373,13,207.5997292
intermediate_capacity,15,30,8,0,0.7333333333,37,27.79154167
high_capacity,15,11,2,0,0.8181818182,16,13.06720833
resource_constrained,16,84,22,2,0.7209302326,24,205.5636667
intermediate_capacity,16,33,11,0,0.6666666667,66,22.29260417
high_capacity,16,11,3,1,0.6666666667,16,13.06720833
resource_constrained,17,72,10,2,0.8378378378,19,156.9935625
intermediate_capacity,17,27,5,0,0.8148148148,47,26.9125
high_capacity,17,8,0,1,0.8888888889,16,13.06720833
resource_constrained,18,79,17,2,0.7654320988,17,207.5997292
intermediate_capacity,18,30,8,0,0.7333333333,39,27.79154167
high_capacity,18,12,3,0,0.75,15,13.08197917
resource_constrained,19,71,10,3,0.8243243243,10,207.5997292
intermediate_capacity,19,25,4,1,0.8076923077,43,24.5055625
high_capacity,19,12,3,0,0.75,15,13.08197917
resource_constrained,20,106,42,0,0.6037735849,25,205.5636667
intermediate_capacity,20,35,13,0,0.6285714286,68,24.33625
high_capacity,20,10,1,0,0.9,16,13.06720833
resource_constrained,21,103,39,0,0.6213592233,18,207.5997292
intermediate_capacity,21,31,10,1,0.65625,47,24.93072917
high_capacity,21,12,3,0,0.75,15,13.08197917
resource_constrained,22,65,2,1,0.9545454545,11,207.5997292
intermediate_capacity,22,22,1,1,0.9130434783,50,24.33625
high_capacity,22,9,0,0,1,15,13.08197917
resource_constrained,23,100,39,3,0.5922330097,26,156.9935625
intermediate_capacity,23,31,11,2,0.6060606061,57,21.58458333
high_capacity,23,12,3,0,0.75,16,13.06720833
resource_constrained,24,89,26,1,0.7,20,156.9935625
intermediate_capacity,24,29,7,0,0.7586206897,53,25.49491667
high_capacity,24,9,0,0,1,16,13.06720833
resource_constrained,25,84,24,4,0.6818181818,12,207.5997292
intermediate_capacity,25,32,10,0,0.6875,45,24.33625
high_capacity,25,9,0,0,1,15,13.08197917
resource_constrained,26,81,20,3,0.7261904762,16,156.9935625
intermediate_capacity,26,28,8,2,0.6666666667,48,25.49491667
high_capacity,26,10,1,0,0.9,16,13.06720833
resource_constrained,27,89,29,4,0.6451612903,18,156.9935625
intermediate_capacity,27,35,15,2,0.5405405405,41,26.9125
high_capacity,27,11,2,0,0.8181818182,15,13.08197917
resource_constrained,28,67,11,8,0.7466666667,26,155.6040833
intermediate_capacity,28,29,7,0,0.7586206897,60,19.73402083
high_capacity,28,10,1,0,0.9,16,13.06720833
resource_constrained,29,73,16,7,0.7125,20,207.6623542
intermediate_capacity,29,32,11,1,0.6363636364,45,24.5055625
high_capacity,29,12,3,0,0.75,15,13.08197917
resource_constrained,30,83,26,7,0.6333333333,22,205.5636667
intermediate_capacity,30,29,9,2,0.6451612903,49,24.93072917
high_capacity,30,9,0,0,1,16,13.06720833
resource_constrained,31,94,30,0,0.6808510638,13,207.6623542
intermediate_capacity,31,34,12,0,0.6470588235,53,24.93072917
high_capacity,31,9,1,1,0.8,16,13.06720833
resource_constrained,32,76,14,2,0.7948717949,10,207.5997292
intermediate_capacity,32,25,4,1,0.8076923077,38,24.93072917
high_capacity,32,9,0,0,1,14,13.11922917
resource_constrained,33,93,29,0,0.688172043,23,156.9935625
intermediate_capacity,33,35,14,1,0.5833333333,70,21.05622917
high_capacity,33,12,3,0,0.75,16,13.06720833
resource_constrained,34,74,13,3,0.7922077922,13,156.9935625
intermediate_capacity,34,25,5,2,0.7407407407,38,25.49491667
high_capacity,34,9,1,1,0.8,15,13.08197917
resource_constrained,35,84,20,0,0.7619047619,15,207.5997292
intermediate_capacity,35,30,10,2,0.625,55,25.49491667
high_capacity,35,12,3,0,0.75,16,13.06720833
resource_constrained,36,71,13,6,0.7532467532,23,154.5673125
intermediate_capacity,36,25,4,1,0.8076923077,48,24.5055625
high_capacity,36,12,3,0,0.75,16,13.06720833
resource_constrained,37,77,17,4,0.7407407407,26,155.6040833
intermediate_capacity,37,25,5,2,0.7407407407,48,24.33625
high_capacity,37,10,1,0,0.9,15,13.08197917
resource_constrained,38,78,18,4,0.7317073171,17,207.5997292
intermediate_capacity,38,31,9,0,0.7096774194,58,24.10502083
high_capacity,38,12,3,0,0.75,16,13.06720833
resource_constrained,39,86,26,4,0.6666666667,18,207.5997292
intermediate_capacity,39,35,13,0,0.6285714286,51,24.5055625
high_capacity,39,11,2,0,0.8181818182,16,13.06720833
resource_constrained,40,92,32,4,0.625,13,207.6623542
intermediate_capacity,40,31,9,0,0.7096774194,32,33.0049375
high_capacity,40,10,1,0,0.9,14,13.11922917
resource_constrained,41,102,38,0,0.6274509804,22,207.5997292
intermediate_capacity,41,28,7,1,0.724137931,68,21.58458333
high_capacity,41,11,3,1,0.6666666667,16,13.06720833
resource_constrained,42,61,7,10,0.7605633803,14,156.9935625
intermediate_capacity,42,25,4,1,0.8076923077,50,21.05622917
high_capacity,42,9,1,1,0.8,15,13.08197917
resource_constrained,43,71,14,7,0.7307692308,21,156.9935625
intermediate_capacity,43,29,7,0,0.7586206897,46,24.93072917
high_capacity,43,11,2,0,0.8181818182,16,13.06720833
resource_constrained,44,79,17,2,0.7654320988,25,156.9935625
intermediate_capacity,44,30,9,1,0.6774193548,60,21.58458333
high_capacity,44,12,3,0,0.75,16,13.06720833
resource_constrained,45,102,42,4,0.5660377358,28,156.9935625
intermediate_capacity,45,38,16,0,0.5789473684,77,21.58458333
high_capacity,45,12,3,0,0.75,16,13.06720833
resource_constrained,46,94,32,2,0.6458333333,19,207.6623542
intermediate_capacity,46,40,18,0,0.55,53,24.93072917
high_capacity,46,9,1,1,0.8,16,13.06720833
resource_constrained,47,63,4,5,0.8676470588,14,207.5997292
intermediate_capacity,47,19,1,4,0.7826086957,44,24.5055625
high_capacity,47,8,2,3,0.5454545455,16,13.06720833
resource_constrained,48,87,23,0,0.7356321839,17,156.9935625
intermediate_capacity,48,37,15,0,0.5945945946,52,24.33625
high_capacity,48,11,3,1,0.6666666667,16,13.06720833
resource_constrained,49,93,29,0,0.688172043,19,207.5997292
intermediate_capacity,49,37,15,0,0.5945945946,50,27.79154167
high_capacity,49,9,1,1,0.8,16,13.06720833
resource_constrained,50,82,18,0,0.7804878049,17,156.9935625
intermediate_capacity,50,28,6,0,0.7857142857,61,21.58458333
high_capacity,50,12,3,0,0.75,16,13.06720833
resource_constrained,51,102,38,0,0.6274509804,24,205.5636667
intermediate_capacity,51,33,11,0,0.6666666667,83,20.11314583
high_capacity,51,9,0,0,1,16,13.06720833
resource_constrained,52,86,26,4,0.6666666667,14,207.5997292
intermediate_capacity,52,35,13,0,0.6285714286,44,24.93072917
high_capacity,52,11,2,0,0.8181818182,15,13.08197917
resource_constrained,53,69,11,6,0.7733333333,21,200.584375
intermediate_capacity,53,28,6,0,0.7857142857,68,24.33625
high_capacity,53,8,0,1,0.8888888889,16,13.06720833
resource_constrained,54,68,8,4,0.8333333333,18,156.9935625
intermediate_capacity,54,25,3,0,0.88,45,24.33625
high_capacity,54,9,0,0,1,15,13.08197917
resource_constrained,55,71,13,6,0.7532467532,15,207.6623542
intermediate_capacity,55,26,4,0,0.8461538462,40,25.49491667
high_capacity,55,12,3,0,0.75,15,13.08197917
resource_constrained,56,60,3,7,0.8507462687,26,156.9935625
intermediate_capacity,56,22,1,1,0.9130434783,81,20.11314583
high_capacity,56,9,0,0,1,16,13.06720833
resource_constrained,57,74,22,12,0.6046511628,24,156.9935625
intermediate_capacity,57,32,12,2,0.5882352941,46,33.0049375
high_capacity,57,8,0,1,0.8888888889,16,13.06720833
resource_constrained,58,65,7,6,0.8169014085,21,156.9935625
intermediate_capacity,58,21,2,3,0.7916666667,70,21.58458333
high_capacity,58,9,0,0,1,16,13.06720833
resource_constrained,59,69,10,5,0.7972972973,13,156.9935625
intermediate_capacity,59,22,3,3,0.76,43,24.5055625
high_capacity,59,8,0,1,0.8888888889,15,13.08197917
resource_constrained,60,90,26,0,0.7111111111,26,156.9935625
intermediate_capacity,60,30,8,0,0.7333333333,81,21.05622917
high_capacity,60,9,0,0,1,16,13.06720833
resource_constrained,61,63,4,5,0.8676470588,29,156.9935625
intermediate_capacity,61,23,1,0,0.9565217391,64,19.73402083
high_capacity,61,10,1,0,0.9,16,13.06720833
resource_constrained,62,104,42,2,0.5849056604,26,156.9935625
intermediate_capacity,62,34,14,2,0.5555555556,49,24.33625
high_capacity,62,10,1,0,0.9,16,13.06720833
resource_constrained,63,81,17,0,0.7901234568,15,156.9935625
intermediate_capacity,63,30,8,0,0.7333333333,53,21.58458333
high_capacity,63,11,2,0,0.8181818182,16,13.06720833
resource_constrained,64,74,10,0,0.8648648649,9,207.6623542
intermediate_capacity,64,25,3,0,0.88,37,27.79154167
high_capacity,64,9,0,0,1,15,13.08197917
resource_constrained,65,78,16,2,0.775,10,207.5997292
intermediate_capacity,65,24,3,1,0.84,35,27.79154167
high_capacity,65,11,2,0,0.8181818182,15,13.08197917
resource_constrained,66,114,50,0,0.5614035088,32,155.6040833
intermediate_capacity,66,33,11,0,0.6666666667,72,24.33625
high_capacity,66,9,0,0,1,16,13.06720833
resource_constrained,67,82,23,5,0.6781609195,24,156.9935625
intermediate_capacity,67,32,12,2,0.5882352941,40,25.49491667
high_capacity,67,9,1,1,0.8,16,13.06720833
resource_constrained,68,76,17,5,0.7283950617,14,156.9935625
intermediate_capacity,68,29,9,2,0.6451612903,38,26.9125
high_capacity,68,10,2,1,0.7272727273,15,13.08197917
resource_constrained,69,68,10,6,0.7837837838,12,207.5997292
intermediate_capacity,69,24,3,1,0.84,38,25.49491667
high_capacity,69,12,3,0,0.75,15,13.08197917
resource_constrained,70,87,26,3,0.6777777778,32,207.5997292
intermediate_capacity,70,33,11,0,0.6666666667,52,21.58458333
high_capacity,70,14,5,0,0.6428571429,16,13.06720833
resource_constrained,71,86,22,0,0.7441860465,22,156.9935625
intermediate_capacity,71,30,8,0,0.7333333333,72,21.05622917
high_capacity,71,9,0,0,1,16,13.06720833
resource_constrained,72,101,41,4,0.5714285714,23,207.5997292
intermediate_capacity,72,37,15,0,0.5945945946,35,34.79958333
high_capacity,72,12,3,0,0.75,15,13.08197917
resource_constrained,73,59,9,14,0.6849315068,30,156.9935625
intermediate_capacity,73,22,2,2,0.8333333333,75,19.73402083
high_capacity,73,10,1,0,0.9,16,13.06720833
resource_constrained,74,93,31,2,0.6526315789,24,155.6040833
intermediate_capacity,74,31,11,2,0.6060606061,49,24.33625
high_capacity,74,9,0,0,1,16,13.06720833
resource_constrained,75,93,29,0,0.688172043,24,156.9935625
intermediate_capacity,75,30,10,2,0.625,51,24.5055625
high_capacity,75,12,3,0,0.75,16,13.06720833
resource_constrained,76,98,38,4,0.5882352941,32,156.9935625
intermediate_capacity,76,37,17,2,0.5128205128,54,24.93072917
high_capacity,76,9,1,1,0.8,16,13.06720833
resource_constrained,77,74,18,8,0.6829268293,13,207.5997292
intermediate_capacity,77,27,5,0,0.8148148148,30,33.0049375
high_capacity,77,9,0,0,1,14,13.11922917
resource_constrained,78,78,16,2,0.775,18,205.5636667
intermediate_capacity,78,27,6,1,0.75,53,21.58458333
high_capacity,78,12,3,0,0.75,16,13.06720833
resource_constrained,79,75,15,4,0.7594936709,28,156.9935625
intermediate_capacity,79,23,3,2,0.8,59,20.11314583
high_capacity,79,10,1,0,0.9,16,13.06720833
resource_constrained,80,82,20,2,0.7380952381,27,156.9935625
intermediate_capacity,80,26,5,1,0.7777777778,83,20.11314583
high_capacity,80,9,0,0,1,16,13.06720833
resource_constrained,81,99,36,1,0.63,24,207.6623542
intermediate_capacity,81,34,13,1,0.6,63,20.11314583
high_capacity,81,15,6,0,0.6,16,13.06720833
resource_constrained,82,94,30,0,0.6808510638,15,207.6623542
intermediate_capacity,82,28,7,1,0.724137931,52,25.49491667
high_capacity,82,11,2,0,0.8181818182,16,13.06720833
resource_constrained,83,66,5,3,0.884057971,10,207.6623542
intermediate_capacity,83,23,1,0,0.9565217391,36,25.49491667
high_capacity,83,9,0,0,1,14,13.11922917
resource_constrained,84,68,13,9,0.7142857143,19,156.9935625
intermediate_capacity,84,25,5,2,0.7407407407,37,27.79154167
high_capacity,84,7,0,2,0.7777777778,16,13.06720833
resource_constrained,85,80,16,0,0.8,27,156.9935625
intermediate_capacity,85,28,6,0,0.7857142857,83,19.73402083
high_capacity,85,11,2,0,0.8181818182,16,13.06720833
resource_constrained,86,100,36,0,0.64,19,207.5997292
intermediate_capacity,86,29,8,1,0.7,48,27.79154167
high_capacity,86,12,3,0,0.75,16,13.06720833
resource_constrained,87,75,14,3,0.7820512821,12,207.6623542
intermediate_capacity,87,29,8,1,0.7,37,24.5055625
high_capacity,87,11,2,0,0.8181818182,14,13.11922917
resource_constrained,88,66,10,8,0.7567567568,27,156.9935625
intermediate_capacity,88,21,4,5,0.6538461538,75,21.05622917
high_capacity,88,8,2,3,0.5454545455,16,13.06720833
resource_constrained,89,111,47,0,0.5765765766,15,207.6623542
intermediate_capacity,89,42,20,0,0.5238095238,46,24.33625
high_capacity,89,12,3,0,0.75,14,13.11922917
resource_constrained,90,105,41,0,0.6095238095,17,207.5997292
intermediate_capacity,90,33,11,0,0.6666666667,44,24.33625
high_capacity,90,9,0,0,1,14,13.11922917
resource_constrained,91,62,2,4,0.9090909091,16,156.9935625
intermediate_capacity,91,20,0,2,0.9090909091,43,25.49491667
high_capacity,91,9,0,0,1,16,13.06720833
resource_constrained,92,84,22,2,0.7209302326,13,207.5997292
intermediate_capacity,92,28,6,0,0.7857142857,42,24.93072917
high_capacity,92,9,0,0,1,14,13.11922917
resource_constrained,93,80,22,6,0.6744186047,20,156.9935625
intermediate_capacity,93,31,11,2,0.6060606061,64,24.33625
high_capacity,93,12,3,0,0.75,16,13.06720833
resource_constrained,94,54,1,11,0.8153846154,18,156.9935625
intermediate_capacity,94,17,0,5,0.7727272727,48,24.5055625
high_capacity,94,6,0,3,0.6666666667,16,13.06720833
resource_constrained,95,91,28,1,0.6847826087,22,200.584375
intermediate_capacity,95,34,12,0,0.6470588235,48,27.79154167
high_capacity,95,12,3,0,0.75,16,13.06720833
resource_constrained,96,95,35,4,0.6060606061,16,207.6623542
intermediate_capacity,96,31,12,3,0.5588235294,45,34.79958333
high_capacity,96,13,4,0,0.6923076923,16,13.06720833
resource_constrained,97,73,18,9,0.6707317073,28,156.9935625
intermediate_capacity,97,25,5,2,0.7407407407,67,21.58458333
high_capacity,97,9,0,0,1,16,13.06720833
resource_constrained,98,82,21,3,0.7176470588,16,156.9935625
intermediate_capacity,98,35,13,0,0.6285714286,46,24.93072917
high_capacity,98,12,3,0,0.75,15,13.08197917
resource_constrained,99,98,38,4,0.5882352941,18,207.6623542
intermediate_capacity,99,36,14,0,0.6111111111,66,24.10502083
high_capacity,99,10,1,0,0.9,16,13.06720833
resource_constrained,100,68,11,7,0.76,20,156.9935625
intermediate_capacity,100,23,4,3,0.7307692308,58,21.58458333
high_capacity,100,8,0,1,0.8888888889,16,13.06720833
resource_constrained,101,96,32,0,0.6666666667,20,207.5997292
intermediate_capacity,101,31,9,0,0.7096774194,62,24.93072917
high_capacity,101,11,3,1,0.6666666667,16,13.06720833
resource_constrained,102,108,44,0,0.5925925926,22,205.5636667
intermediate_capacity,102,39,17,0,0.5641025641,47,27.79154167
high_capacity,102,13,4,0,0.6923076923,16,13.06720833
resource_constrained,103,78,17,3,0.7530864198,19,207.5997292
intermediate_capacity,103,32,10,0,0.6875,54,24.93072917
high_capacity,103,9,1,1,0.8,16,13.06720833
resource_constrained,104,81,21,4,0.7058823529,15,205.5636667
intermediate_capacity,104,26,4,0,0.8461538462,54,24.93072917
high_capacity,104,9,0,0,1,16,13.06720833
resource_constrained,105,96,33,1,0.6494845361,19,207.5997292
intermediate_capacity,105,37,15,0,0.5945945946,52,24.33625
high_capacity,105,12,3,0,0.75,16,13.06720833
resource_constrained,106,85,21,0,0.7529411765,14,207.5997292
intermediate_capacity,106,30,8,0,0.7333333333,32,27.79154167
high_capacity,106,9,0,0,1,14,13.11922917
resource_constrained,107,87,23,0,0.7356321839,28,156.9935625
intermediate_capacity,107,30,8,0,0.7333333333,46,24.33625
high_capacity,107,10,1,0,0.9,15,13.08197917
resource_constrained,108,88,25,1,0.7078651685,26,156.9935625
intermediate_capacity,108,27,8,3,0.6333333333,54,21.05622917
high_capacity,108,12,3,0,0.75,16,13.06720833
resource_constrained,109,63,4,5,0.8676470588,17,156.9935625
intermediate_capacity,109,16,0,6,0.7272727273,44,24.5055625
high_capacity,109,7,1,3,0.6,16,13.06720833
resource_constrained,110,73,12,3,0.8026315789,18,156.9935625
intermediate_capacity,110,26,5,1,0.7777777778,58,21.58458333
high_capacity,110,9,0,0,1,16,13.06720833
resource_constrained,111,119,58,3,0.5,34,205.5636667
intermediate_capacity,111,45,23,0,0.4888888889,59,27.79154167
high_capacity,111,12,3,0,0.75,16,13.06720833
resource_constrained,112,73,15,6,0.7341772152,23,156.9935625
intermediate_capacity,112,26,5,1,0.7777777778,60,24.33625
high_capacity,112,8,0,1,0.8888888889,16,13.06720833
resource_constrained,113,106,42,0,0.6037735849,21,207.6623542
intermediate_capacity,113,35,13,0,0.6285714286,80,21.05622917
high_capacity,113,14,5,0,0.6428571429,16,13.06720833
resource_constrained,114,81,20,3,0.7261904762,15,200.584375
intermediate_capacity,114,27,7,2,0.6896551724,31,33.0049375
high_capacity,114,10,1,0,0.9,15,13.08197917
resource_constrained,115,85,26,5,0.6555555556,11,207.6623542
intermediate_capacity,115,30,12,4,0.5294117647,28,34.79958333
high_capacity,115,11,2,0,0.8181818182,15,13.08197917
resource_constrained,116,84,23,3,0.7011494253,25,155.6040833
intermediate_capacity,116,35,13,0,0.6285714286,47,24.33625
high_capacity,116,8,0,1,0.8888888889,16,13.06720833
resource_constrained,117,74,16,6,0.725,16,156.9935625
intermediate_capacity,117,22,4,4,0.6923076923,42,24.5055625
high_capacity,117,9,1,1,0.8,16,13.06720833
resource_constrained,118,91,28,1,0.6847826087,19,207.5997292
intermediate_capacity,118,27,7,2,0.6896551724,58,21.05622917
high_capacity,118,12,3,0,0.75,16,13.06720833
resource_constrained,119,99,37,2,0.6138613861,29,156.9935625
intermediate_capacity,119,30,8,0,0.7333333333,77,21.58458333
high_capacity,119,8,0,1,0.8888888889,16,13.06720833
resource_constrained,120,82,25,7,0.6404494382,17,207.5997292
intermediate_capacity,120,29,9,2,0.6451612903,42,34.79958333
high_capacity,120,9,1,1,0.8,16,13.06720833
resource_constrained,121,94,30,0,0.6808510638,22,205.5636667
intermediate_capacity,121,36,14,0,0.6111111111,66,24.33625
high_capacity,121,8,0,1,0.8888888889,16,13.06720833
resource_constrained,122,81,19,2,0.7469879518,13,207.6623542
intermediate_capacity,122,28,8,2,0.6666666667,38,34.79958333
high_capacity,122,12,3,0,0.75,16,13.06720833
resource_constrained,123,79,19,4,0.7228915663,20,156.9935625
intermediate_capacity,123,26,6,2,0.7142857143,43,27.79154167
high_capacity,123,8,0,1,0.8888888889,16,13.06720833
resource_constrained,124,105,47,6,0.5225225225,28,205.5636667
intermediate_capacity,124,39,19,2,0.487804878,52,24.93072917
high_capacity,124,9,1,1,0.8,16,13.06720833
resource_constrained,125,117,55,2,0.5210084034,21,207.6623542
intermediate_capacity,125,43,23,2,0.4444444444,44,27.79154167
high_capacity,125,10,1,0,0.9,16,13.06720833
resource_constrained,126,92,30,2,0.6595744681,32,155.6040833
intermediate_capacity,126,31,11,2,0.6060606061,52,24.33625
high_capacity,126,10,1,0,0.9,16,13.06720833
resource_constrained,127,87,25,2,0.6966292135,18,156.9935625
intermediate_capacity,127,33,11,0,0.6666666667,41,26.9125
high_capacity,127,11,2,0,0.8181818182,15,13.08197917
resource_constrained,128,64,4,4,0.8823529412,10,207.6623542
intermediate_capacity,128,24,3,1,0.84,44,24.33625
high_capacity,128,11,2,0,0.8181818182,15,13.08197917
resource_constrained,129,79,19,4,0.7228915663,18,207.5997292
intermediate_capacity,129,30,10,2,0.625,48,24.5055625
high_capacity,129,11,2,0,0.8181818182,16,13.06720833
resource_constrained,130,65,6,5,0.8428571429,15,207.5997292
intermediate_capacity,130,24,2,0,0.9166666667,42,24.93072917
high_capacity,130,10,1,0,0.9,15,13.08197917
resource_constrained,131,57,4,11,0.7794117647,25,156.9935625
intermediate_capacity,131,21,2,3,0.7916666667,59,21.05622917
high_capacity,131,11,3,1,0.6666666667,16,13.06720833
resource_constrained,132,64,9,9,0.7534246575,23,156.9935625
intermediate_capacity,132,24,5,3,0.7037037037,59,21.58458333
high_capacity,132,12,3,0,0.75,16,13.06720833
resource_constrained,133,81,17,0,0.7901234568,17,207.5997292
intermediate_capacity,133,23,4,3,0.7307692308,64,21.05622917
high_capacity,133,12,3,0,0.75,16,13.06720833
resource_constrained,134,80,16,0,0.8,10,207.6623542
intermediate_capacity,134,28,8,2,0.6666666667,38,33.0049375
high_capacity,134,11,2,0,0.8181818182,15,13.08197917
resource_constrained,135,86,23,1,0.724137931,15,207.5997292
intermediate_capacity,135,33,11,0,0.6666666667,52,24.93072917
high_capacity,135,12,3,0,0.75,16,13.06720833
resource_constrained,136,74,12,2,0.8157894737,18,156.9935625
intermediate_capacity,136,27,5,0,0.8148148148,55,24.33625
high_capacity,136,9,1,1,0.8,16,13.06720833
resource_constrained,137,80,16,0,0.8,26,156.9935625
intermediate_capacity,137,32,10,0,0.6875,59,19.73402083
high_capacity,137,10,1,0,0.9,16,13.06720833
resource_constrained,138,95,33,2,0.6391752577,19,207.5997292
intermediate_capacity,138,35,14,1,0.5833333333,52,33.0049375
high_capacity,138,12,3,0,0.75,16,13.06720833
resource_constrained,139,73,13,4,0.7792207792,19,200.584375
intermediate_capacity,139,28,6,0,0.7857142857,39,24.93072917
high_capacity,139,10,1,0,0.9,15,13.08197917
resource_constrained,140,82,29,11,0.5698924731,22,207.5997292
intermediate_capacity,140,28,6,0,0.7857142857,54,24.33625
high_capacity,140,9,0,0,1,16,13.06720833
resource_constrained,141,73,16,7,0.7125,13,207.6623542
intermediate_capacity,141,32,10,0,0.6875,40,33.0049375
high_capacity,141,9,1,1,0.8,15,13.08197917
resource_constrained,142,88,25,1,0.7078651685,13,207.6623542
intermediate_capacity,142,30,9,1,0.6774193548,47,21.58458333
high_capacity,142,13,4,0,0.6923076923,15,13.08197917
resource_constrained,143,81,23,6,0.6666666667,13,156.9935625
intermediate_capacity,143,33,11,0,0.6666666667,52,24.33625
high_capacity,143,9,1,1,0.8,16,13.06720833
resource_constrained,144,105,41,0,0.6095238095,25,156.9935625
intermediate_capacity,144,39,17,0,0.5641025641,52,24.33625
high_capacity,144,9,1,1,0.8,16,13.06720833
resource_constrained,145,71,14,7,0.7307692308,15,156.9935625
intermediate_capacity,145,25,6,3,0.6785714286,43,21.58458333
high_capacity,145,9,1,1,0.8,16,13.06720833
resource_constrained,146,75,13,2,0.8051948052,11,207.5997292
intermediate_capacity,146,28,6,0,0.7857142857,28,33.0049375
high_capacity,146,9,0,0,1,14,13.11922917
resource_constrained,147,70,10,4,0.8108108108,9,207.5997292
intermediate_capacity,147,23,3,2,0.8,28,33.0049375
high_capacity,147,9,0,0,1,15,13.08197917
resource_constrained,148,64,6,6,0.8285714286,17,200.584375
intermediate_capacity,148,24,3,1,0.84,53,24.69104167
high_capacity,148,8,0,1,0.8888888889,16,13.06720833
resource_constrained,149,78,19,5,0.7108433735,14,156.9935625
intermediate_capacity,149,18,4,8,0.5384615385,76,21.05622917
high_capacity,149,9,3,3,0.5,16,13.06720833
resource_constrained,150,103,40,1,0.6057692308,33,156.9935625
intermediate_capacity,150,35,15,2,0.5405405405,40,25.49491667
high_capacity,150,12,3,0,0.75,16,13.06720833
resource_constrained,151,72,11,3,0.8133333333,12,156.9935625
intermediate_capacity,151,28,7,1,0.724137931,43,24.93072917
high_capacity,151,7,0,2,0.7777777778,16,13.06720833
resource_constrained,152,106,42,0,0.6037735849,26,207.6623542
intermediate_capacity,152,37,15,0,0.5945945946,64,24.33625
high_capacity,152,9,1,1,0.8,16,13.06720833
resource_constrained,153,74,12,2,0.8157894737,23,156.9935625
intermediate_capacity,153,23,2,1,0.875,58,21.58458333
high_capacity,153,12,3,0,0.75,16,13.06720833
resource_constrained,154,70,10,4,0.8108108108,16,207.5997292
intermediate_capacity,154,23,3,2,0.8,43,25.49491667
high_capacity,154,11,2,0,0.8181818182,15,13.08197917
resource_constrained,155,74,13,3,0.7922077922,18,156.9935625
intermediate_capacity,155,30,9,1,0.6774193548,47,24.5055625
high_capacity,155,11,2,0,0.8181818182,15,13.08197917
resource_constrained,156,79,17,2,0.7654320988,14,207.6623542
intermediate_capacity,156,31,9,0,0.7096774194,45,27.79154167
high_capacity,156,9,1,1,0.8,16,13.06720833
resource_constrained,157,110,46,0,0.5818181818,18,207.5997292
intermediate_capacity,157,35,14,1,0.5833333333,56,24.33625
high_capacity,157,12,3,0,0.75,16,13.06720833
resource_constrained,158,66,9,7,0.7808219178,16,156.9935625
intermediate_capacity,158,25,4,1,0.8076923077,46,21.58458333
high_capacity,158,9,1,1,0.8,15,13.08197917
resource_constrained,159,63,5,6,0.8405797101,22,156.9935625
intermediate_capacity,159,22,2,2,0.8333333333,62,24.10502083
high_capacity,159,8,0,1,0.8888888889,16,13.06720833
resource_constrained,160,79,18,3,0.743902439,18,207.5997292
intermediate_capacity,160,23,5,4,0.6666666667,66,21.05622917
high_capacity,160,8,2,3,0.5454545455,16,13.06720833
resource_constrained,161,62,6,8,0.8,20,155.6040833
intermediate_capacity,161,24,3,1,0.84,76,21.05622917
high_capacity,161,8,0,1,0.8888888889,16,13.06720833
resource_constrained,162,96,34,2,0.6326530612,16,207.6623542
intermediate_capacity,162,38,16,0,0.5789473684,42,26.9125
high_capacity,162,11,2,0,0.8181818182,15,13.08197917
resource_constrained,163,90,30,4,0.6382978723,21,156.9935625
intermediate_capacity,163,26,7,3,0.6551724138,49,21.58458333
high_capacity,163,10,1,0,0.9,16,13.06720833
resource_constrained,164,80,16,0,0.8,11,205.5636667
intermediate_capacity,164,30,8,0,0.7333333333,38,25.49491667
high_capacity,164,10,1,0,0.9,15,13.08197917
resource_constrained,165,79,17,2,0.7654320988,17,205.5636667
intermediate_capacity,165,24,5,3,0.7037037037,59,21.58458333
high_capacity,165,11,2,0,0.8181818182,16,13.06720833
resource_constrained,166,62,5,7,0.8260869565,14,207.5997292
intermediate_capacity,166,24,3,1,0.84,43,24.33625
high_capacity,166,11,2,0,0.8181818182,14,13.11922917
resource_constrained,167,71,11,4,0.8,15,156.9935625
intermediate_capacity,167,25,3,0,0.88,55,24.33625
high_capacity,167,9,0,0,1,16,13.06720833
resource_constrained,168,90,29,3,0.6559139785,17,207.6623542
intermediate_capacity,168,34,12,0,0.6470588235,41,27.79154167
high_capacity,168,12,3,0,0.75,15,13.08197917
resource_constrained,169,74,15,5,0.746835443,13,205.5636667
intermediate_capacity,169,24,5,3,0.7037037037,33,27.79154167
high_capacity,169,12,3,0,0.75,15,13.08197917
resource_constrained,170,99,38,3,0.5980392157,32,155.6040833
intermediate_capacity,170,33,13,2,0.5714285714,56,24.33625
high_capacity,170,8,0,1,0.8888888889,16,13.06720833
resource_constrained,171,72,17,9,0.6790123457,12,207.5997292
intermediate_capacity,171,28,6,0,0.7857142857,36,24.93072917
high_capacity,171,10,1,0,0.9,14,13.11922917
resource_constrained,172,98,41,7,0.5428571429,26,156.9935625
intermediate_capacity,172,38,16,0,0.5789473684,49,26.9125
high_capacity,172,12,3,0,0.75,16,13.06720833
resource_constrained,173,93,29,0,0.688172043,21,207.5997292
intermediate_capacity,173,32,10,0,0.6875,66,24.5055625
high_capacity,173,12,3,0,0.75,16,13.06720833
resource_constrained,174,59,0,5,0.921875,38,154.5673125
intermediate_capacity,174,22,0,0,1,78,19.73402083
high_capacity,174,9,0,0,1,16,13.06720833
resource_constrained,175,88,25,1,0.7078651685,16,207.6623542
intermediate_capacity,175,35,13,0,0.6285714286,50,21.58458333
high_capacity,175,12,3,0,0.75,15,13.08197917
resource_constrained,176,68,6,2,0.8857142857,12,156.9935625
intermediate_capacity,176,24,2,0,0.9166666667,38,26.9125
high_capacity,176,9,0,0,1,15,13.08197917
resource_constrained,177,86,23,1,0.724137931,24,200.584375
intermediate_capacity,177,26,5,1,0.7777777778,60,21.58458333
high_capacity,177,11,2,0,0.8181818182,16,13.06720833
resource_constrained,178,81,25,8,0.6292134831,14,156.9935625
intermediate_capacity,178,26,4,0,0.8461538462,50,24.33625
high_capacity,178,12,3,0,0.75,16,13.06720833
resource_constrained,179,93,30,1,0.670212766,20,207.5997292
intermediate_capacity,179,32,10,0,0.6875,59,24.93072917
high_capacity,179,12,3,0,0.75,16,13.06720833
resource_constrained,180,71,12,5,0.7763157895,14,207.5997292
intermediate_capacity,180,23,5,4,0.6666666667,45,24.5055625
high_capacity,180,9,3,3,0.5,15,13.08197917
resource_constrained,181,68,10,6,0.7837837838,21,156.9935625
intermediate_capacity,181,23,3,2,0.8,69,21.58458333
high_capacity,181,11,2,0,0.8181818182,16,13.06720833
resource_constrained,182,84,22,2,0.7209302326,17,207.5997292
intermediate_capacity,182,26,5,1,0.7777777778,58,24.69104167
high_capacity,182,10,1,0,0.9,16,13.06720833
resource_constrained,183,64,3,3,0.9104477612,13,207.5997292
intermediate_capacity,183,21,0,1,0.9545454545,56,24.5055625
high_capacity,183,11,2,0,0.8181818182,16,13.06720833
resource_constrained,184,73,11,2,0.8266666667,17,156.9935625
intermediate_capacity,184,26,4,0,0.8461538462,48,24.33625
high_capacity,184,11,2,0,0.8181818182,15,13.08197917
resource_constrained,185,79,21,6,0.6823529412,18,205.5636667
intermediate_capacity,185,27,6,1,0.75,57,24.33625
high_capacity,185,9,0,0,1,16,13.06720833
resource_constrained,186,78,18,4,0.7317073171,21,156.9935625
intermediate_capacity,186,28,6,0,0.7857142857,58,24.33625
high_capacity,186,9,0,0,1,16,13.06720833
resource_constrained,187,86,26,4,0.6666666667,22,200.584375
intermediate_capacity,187,29,7,0,0.7586206897,30,27.79154167
high_capacity,187,10,1,0,0.9,14,13.11922917
resource_constrained,188,100,36,0,0.64,29,207.5997292
intermediate_capacity,188,29,9,2,0.6451612903,52,21.58458333
high_capacity,188,14,5,0,0.6428571429,16,13.06720833
resource_constrained,189,61,5,8,0.8115942029,17,156.9935625
intermediate_capacity,189,20,1,3,0.8260869565,56,20.11314583
high_capacity,189,9,1,1,0.8,16,13.06720833
resource_constrained,190,89,29,4,0.6451612903,16,205.5636667
intermediate_capacity,190,29,9,2,0.6451612903,32,33.0049375
high_capacity,190,9,0,0,1,14,13.11922917
resource_constrained,191,111,48,1,0.5625,21,207.6623542
intermediate_capacity,191,40,20,2,0.4761904762,44,34.79958333
high_capacity,191,13,4,0,0.6923076923,16,13.06720833
resource_constrained,192,81,18,1,0.7682926829,12,207.6623542
intermediate_capacity,192,31,9,0,0.7096774194,44,33.0049375
high_capacity,192,11,3,1,0.6666666667,16,13.06720833
resource_constrained,193,101,40,3,0.5865384615,34,156.9935625
intermediate_capacity,193,26,7,3,0.6551724138,61,21.58458333
high_capacity,193,10,1,0,0.9,16,13.06720833
resource_constrained,194,61,4,7,0.8382352941,19,156.9935625
intermediate_capacity,194,21,2,3,0.7916666667,60,21.05622917
high_capacity,194,9,1,1,0.8,16,13.06720833
resource_constrained,195,89,29,4,0.6451612903,18,207.6623542
intermediate_capacity,195,27,6,1,0.75,60,24.93072917
high_capacity,195,11,2,0,0.8181818182,16,13.06720833
resource_constrained,196,89,29,4,0.6451612903,23,200.7844167
intermediate_capacity,196,37,15,0,0.5945945946,58,24.33625
high_capacity,196,9,1,1,0.8,16,13.06720833
resource_constrained,197,66,8,6,0.8055555556,17,207.5997292
intermediate_capacity,197,25,5,2,0.7407407407,42,24.5055625
high_capacity,197,12,3,0,0.75,15,13.08197917
resource_constrained,198,63,7,8,0.7887323944,12,156.9935625
intermediate_capacity,198,26,4,0,0.8461538462,30,26.9125
high_capacity,198,9,0,0,1,13,13.11922917
resource_constrained,199,73,9,0,0.8767123288,13,156.9935625
intermediate_capacity,199,26,4,0,0.8461538462,37,27.79154167
high_capacity,199,11,2,0,0.8181818182,15,13.08197917
resource_constrained,200,89,25,0,0.7191011236,10,207.5997292
intermediate_capacity,200,30,8,0,0.7333333333,32,27.79154167
high_capacity,200,8,0,1,0.8888888889,14,13.11922917
resource_constrained,201,74,17,7,0.7037037037,20,154.5673125
intermediate_capacity,201,29,10,3,0.59375,48,24.5055625
high_capacity,201,9,1,1,0.8,16,13.06720833
resource_constrained,202,109,48,3,0.5446428571,21,207.5997292
intermediate_capacity,202,41,19,0,0.5365853659,60,24.33625
high_capacity,202,11,3,1,0.6666666667,16,13.06720833
resource_constrained,203,91,27,0,0.7032967033,26,156.9935625
intermediate_capacity,203,30,9,1,0.6774193548,65,19.73402083
high_capacity,203,13,4,0,0.6923076923,16,13.06720833
resource_constrained,204,80,19,3,0.734939759,17,156.9935625
intermediate_capacity,204,32,10,0,0.6875,38,26.9125
high_capacity,204,9,0,0,1,15,13.08197917
resource_constrained,205,81,21,4,0.7058823529,19,155.6040833
intermediate_capacity,205,33,13,2,0.5714285714,48,24.33625
high_capacity,205,10,3,2,0.5833333333,16,13.06720833
resource_constrained,206,81,19,2,0.7469879518,16,207.5997292
intermediate_capacity,206,30,8,0,0.7333333333,47,27.79154167
high_capacity,206,10,1,0,0.9,16,13.06720833
resource_constrained,207,100,36,0,0.64,15,207.6623542
intermediate_capacity,207,37,15,0,0.5945945946,45,27.79154167
high_capacity,207,11,3,1,0.6666666667,16,13.06720833
resource_constrained,208,81,20,3,0.7261904762,12,207.5997292
intermediate_capacity,208,29,8,1,0.7,37,24.93072917
high_capacity,208,10,1,0,0.9,13,13.11922917
resource_constrained,209,70,12,6,0.7631578947,15,200.584375
intermediate_capacity,209,28,6,0,0.7857142857,28,33.0049375
high_capacity,209,9,0,0,1,15,13.08197917
resource_constrained,210,98,34,0,0.6530612245,21,207.6623542
intermediate_capacity,210,36,14,0,0.6111111111,56,26.9125
high_capacity,210,11,2,0,0.8181818182,16,13.06720833
resource_constrained,211,67,10,7,0.7702702703,10,207.6623542
intermediate_capacity,211,30,8,0,0.7333333333,37,26.9125
high_capacity,211,9,0,0,1,14,13.11922917
resource_constrained,212,77,17,4,0.7407407407,14,156.9935625
intermediate_capacity,212,23,5,4,0.6666666667,56,24.5055625
high_capacity,212,8,0,1,0.8888888889,16,13.06720833
resource_constrained,213,75,13,2,0.8051948052,14,207.6623542
intermediate_capacity,213,30,8,0,0.7333333333,42,33.0049375
high_capacity,213,9,1,1,0.8,16,13.06720833
resource_constrained,214,83,27,8,0.6153846154,17,156.9935625
intermediate_capacity,214,33,13,2,0.5714285714,38,26.9125
high_capacity,214,10,1,0,0.9,15,13.08197917
resource_constrained,215,58,5,11,0.768115942,15,156.9935625
intermediate_capacity,215,22,0,0,1,48,24.93072917
high_capacity,215,9,0,0,1,16,13.06720833
resource_constrained,216,80,18,2,0.756097561,11,207.5997292
intermediate_capacity,216,31,11,2,0.6060606061,32,33.0049375
high_capacity,216,8,0,1,0.8888888889,15,13.08197917
resource_constrained,217,78,16,2,0.775,16,207.5997292
intermediate_capacity,217,29,7,0,0.7586206897,56,25.49491667
high_capacity,217,12,3,0,0.75,16,13.06720833
resource_constrained,218,104,43,3,0.5700934579,34,156.9935625
intermediate_capacity,218,43,21,0,0.511627907,63,24.33625
high_capacity,218,11,2,0,0.8181818182,16,13.06720833
resource_constrained,219,78,16,2,0.775,28,156.9935625
intermediate_capacity,219,28,6,0,0.7857142857,68,21.05622917
high_capacity,219,12,3,0,0.75,16,13.06720833
resource_constrained,220,83,22,3,0.7093023256,13,207.6623542
intermediate_capacity,220,32,11,1,0.6363636364,51,25.49491667
high_capacity,220,12,3,0,0.75,16,13.06720833
resource_constrained,221,101,38,1,0.6176470588,21,200.7844167
intermediate_capacity,221,34,12,0,0.6470588235,48,24.93072917
high_capacity,221,11,2,0,0.8181818182,16,13.06720833
resource_constrained,222,83,19,0,0.7710843373,21,205.5636667
intermediate_capacity,222,27,5,0,0.8148148148,52,24.33625
high_capacity,222,9,0,0,1,16,13.06720833
resource_constrained,223,85,25,4,0.6741573034,17,205.5636667
intermediate_capacity,223,25,6,3,0.6785714286,48,24.93072917
high_capacity,223,12,3,0,0.75,16,13.06720833
resource_constrained,224,86,25,3,0.6853932584,33,156.9935625
intermediate_capacity,224,34,12,0,0.6470588235,79,20.11314583
high_capacity,224,8,0,1,0.8888888889,16,13.06720833
resource_constrained,225,81,21,4,0.7058823529,14,156.9935625
intermediate_capacity,225,29,10,3,0.59375,48,24.5055625
high_capacity,225,8,0,1,0.8888888889,16,13.06720833
resource_constrained,226,84,20,0,0.7619047619,15,156.9935625
intermediate_capacity,226,31,9,0,0.7096774194,39,24.93072917
high_capacity,226,11,2,0,0.8181818182,14,13.11922917
resource_constrained,227,70,8,2,0.8611111111,24,156.9935625
intermediate_capacity,227,25,3,0,0.88,63,21.58458333
high_capacity,227,8,0,1,0.8888888889,16,13.06720833
resource_constrained,228,85,21,0,0.7529411765,14,156.9935625
intermediate_capacity,228,28,7,1,0.724137931,48,24.5055625
high_capacity,228,12,3,0,0.75,16,13.06720833
resource_constrained,229,67,7,4,0.8450704225,18,156.9935625
intermediate_capacity,229,22,1,1,0.9130434783,51,24.93072917
high_capacity,229,7,0,2,0.7777777778,16,13.06720833
resource_constrained,230,82,24,6,0.6590909091,18,156.9935625
intermediate_capacity,230,27,7,2,0.6896551724,48,24.33625
high_capacity,230,10,1,0,0.9,15,13.08197917
resource_constrained,231,80,18,2,0.756097561,19,156.9935625
intermediate_capacity,231,28,6,0,0.7857142857,52,24.93072917
high_capacity,231,9,0,0,1,16,13.06720833
resource_constrained,232,63,7,8,0.7887323944,20,156.9935625
intermediate_capacity,232,23,3,2,0.8,60,21.05622917
high_capacity,232,10,2,1,0.7272727273,16,13.06720833
resource_constrained,233,67,11,8,0.7466666667,13,207.5997292
intermediate_capacity,233,26,4,0,0.8461538462,38,24.93072917
high_capacity,233,10,1,0,0.9,14,13.11922917
resource_constrained,234,70,11,5,0.7866666667,10,207.6623542
intermediate_capacity,234,33,11,0,0.6666666667,31,33.0049375
high_capacity,234,9,0,0,1,14,13.11922917
resource_constrained,235,81,18,1,0.7682926829,12,207.5997292
intermediate_capacity,235,31,9,0,0.7096774194,50,26.9125
high_capacity,235,11,2,0,0.8181818182,16,13.06720833
resource_constrained,236,62,5,7,0.8260869565,33,155.6040833
intermediate_capacity,236,25,3,0,0.88,68,21.58458333
high_capacity,236,9,0,0,1,16,13.06720833
resource_constrained,237,67,8,5,0.8194444444,24,156.9935625
intermediate_capacity,237,24,2,0,0.9166666667,60,20.11314583
high_capacity,237,10,1,0,0.9,16,13.06720833
resource_constrained,238,74,13,3,0.7922077922,21,207.6623542
intermediate_capacity,238,27,5,0,0.8148148148,51,24.33625
high_capacity,238,9,0,0,1,14,13.11922917
resource_constrained,239,91,29,2,0.6666666667,27,156.9935625
intermediate_capacity,239,33,12,1,0.6176470588,65,22.29260417
high_capacity,239,9,1,1,0.8,16,13.06720833
resource_constrained,240,94,34,4,0.612244898,32,156.9935625
intermediate_capacity,240,31,11,2,0.6060606061,62,24.33625
high_capacity,240,8,0,1,0.8888888889,16,13.06720833
resource_constrained,241,101,41,4,0.5714285714,22,205.5636667
intermediate_capacity,241,37,15,0,0.5945945946,55,24.93072917
high_capacity,241,12,3,0,0.75,16,13.06720833
resource_constrained,242,90,26,0,0.7111111111,27,200.7844167
intermediate_capacity,242,31,10,1,0.65625,66,19.73402083
high_capacity,242,12,3,0,0.75,16,13.06720833
resource_constrained,243,69,14,9,0.7051282051,21,207.5997292
intermediate_capacity,243,26,4,0,0.8461538462,59,21.58458333
high_capacity,243,12,3,0,0.75,16,13.06720833
resource_constrained,244,71,10,3,0.8243243243,14,156.9935625
intermediate_capacity,244,24,3,1,0.84,41,24.93072917
high_capacity,244,10,2,1,0.7272727273,16,13.06720833
resource_constrained,245,81,21,4,0.7058823529,35,156.9935625
intermediate_capacity,245,23,3,2,0.8,57,20.11314583
high_capacity,245,12,3,0,0.75,16,13.06720833
resource_constrained,246,75,14,3,0.7820512821,17,156.9935625
intermediate_capacity,246,24,5,3,0.7037037037,63,21.05622917
high_capacity,246,8,0,1,0.8888888889,16,13.06720833
resource_constrained,247,63,8,9,0.7638888889,17,156.9935625
intermediate_capacity,247,18,1,5,0.7391304348,45,21.58458333
high_capacity,247,7,1,3,0.6,15,13.08197917
resource_constrained,248,72,13,5,0.7662337662,15,156.9935625
intermediate_capacity,248,23,4,3,0.7307692308,55,24.69104167
high_capacity,248,7,1,3,0.6,16,13.06720833
resource_constrained,249,76,15,3,0.7721518987,18,156.9935625
intermediate_capacity,249,24,4,2,0.7692307692,74,21.05622917
high_capacity,249,10,1,0,0.9,16,13.06720833
resource_constrained,250,93,33,4,0.618556701,36,156.9935625
intermediate_capacity,250,27,8,3,0.6333333333,50,21.58458333
high_capacity,250,10,1,0,0.9,16,13.06720833
resource_constrained,251,83,19,0,0.7710843373,24,156.9935625
intermediate_capacity,251,35,13,0,0.6285714286,57,21.58458333
high_capacity,251,12,3,0,0.75,16,13.06720833
resource_constrained,252,103,41,2,0.5904761905,28,156.9935625
intermediate_capacity,252,34,12,0,0.6470588235,55,24.33625
high_capacity,252,12,3,0,0.75,16,13.06720833
resource_constrained,253,56,2,10,0.8181818182,16,205.5636667
intermediate_capacity,253,21,1,2,0.8695652174,57,21.58458333
high_capacity,253,8,0,1,0.8888888889,16,13.06720833
resource_constrained,254,86,22,0,0.7441860465,18,207.5997292
intermediate_capacity,254,29,8,1,0.7,45,24.93072917
high_capacity,254,12,3,0,0.75,15,13.08197917
resource_constrained,255,78,16,2,0.775,19,156.9935625
intermediate_capacity,255,28,7,1,0.724137931,51,25.49491667
high_capacity,255,9,0,0,1,16,13.06720833
resource_constrained,256,75,15,4,0.7594936709,18,156.9935625
intermediate_capacity,256,22,3,3,0.76,57,21.05622917
high_capacity,256,9,1,1,0.8,16,13.06720833
resource_constrained,257,114,50,0,0.5614035088,22,207.6623542
intermediate_capacity,257,38,16,0,0.5789473684,48,27.79154167
high_capacity,257,11,3,1,0.6666666667,16,13.06720833
resource_constrained,258,86,25,3,0.6853932584,16,207.5997292
intermediate_capacity,258,25,5,2,0.7407407407,58,21.05622917
high_capacity,258,12,3,0,0.75,16,13.06720833
resource_constrained,259,88,27,3,0.6703296703,26,156.9935625
intermediate_capacity,259,29,9,2,0.6451612903,57,21.58458333
high_capacity,259,11,2,0,0.8181818182,16,13.06720833
resource_constrained,260,74,12,2,0.8157894737,10,207.6623542
intermediate_capacity,260,27,5,0,0.8148148148,27,33.0049375
high_capacity,260,9,0,0,1,13,13.11922917
resource_constrained,261,79,15,0,0.8101265823,14,207.5997292
intermediate_capacity,261,26,5,1,0.7777777778,62,21.58458333
high_capacity,261,9,0,0,1,16,13.06720833
resource_constrained,262,96,32,0,0.6666666667,25,155.6040833
intermediate_capacity,262,37,15,0,0.5945945946,46,24.33625
high_capacity,262,9,0,0,1,15,13.08197917
resource_constrained,263,97,33,0,0.6597938144,22,207.5997292
intermediate_capacity,263,32,11,1,0.6363636364,49,33.0049375
high_capacity,263,12,3,0,0.75,16,13.06720833
resource_constrained,264,85,21,0,0.7529411765,13,207.6623542
intermediate_capacity,264,29,7,0,0.7586206897,48,25.49491667
high_capacity,264,11,3,1,0.6666666667,16,13.06720833
resource_constrained,265,71,11,4,0.8,21,156.9935625
intermediate_capacity,265,25,3,0,0.88,70,21.05622917
high_capacity,265,9,0,0,1,16,13.06720833
resource_constrained,266,69,12,7,0.75,14,156.9935625
intermediate_capacity,266,28,9,3,0.6129032258,44,24.5055625
high_capacity,266,10,1,0,0.9,15,13.08197917
resource_constrained,267,81,21,4,0.7058823529,27,205.5636667
intermediate_capacity,267,31,9,0,0.7096774194,52,21.58458333
high_capacity,267,12,3,0,0.75,15,13.08197917
resource_constrained,268,74,13,3,0.7922077922,23,156.9935625
intermediate_capacity,268,26,4,0,0.8461538462,46,24.33625
high_capacity,268,11,2,0,0.8181818182,15,13.08197917
resource_constrained,269,114,50,0,0.5614035088,22,207.6623542
intermediate_capacity,269,47,26,1,0.4375,63,24.5055625
high_capacity,269,15,6,0,0.6,16,13.06720833
resource_constrained,270,117,53,0,0.547008547,22,207.5997292
intermediate_capacity,270,38,16,0,0.5789473684,58,27.79154167
high_capacity,270,11,3,1,0.6666666667,16,13.06720833
resource_constrained,271,96,33,1,0.6494845361,18,207.5997292
intermediate_capacity,271,32,10,0,0.6875,62,24.69104167
high_capacity,271,10,1,0,0.9,16,13.06720833
resource_constrained,272,84,20,0,0.7619047619,13,207.5997292
intermediate_capacity,272,27,5,0,0.8148148148,40,33.0049375
high_capacity,272,10,1,0,0.9,15,13.08197917
resource_constrained,273,73,13,4,0.7792207792,21,207.5997292
intermediate_capacity,273,25,3,0,0.88,68,21.58458333
high_capacity,273,9,1,1,0.8,16,13.06720833
resource_constrained,274,83,19,0,0.7710843373,23,156.9935625
intermediate_capacity,274,30,9,1,0.6774193548,39,25.49491667
high_capacity,274,13,4,0,0.6923076923,16,13.06720833
resource_constrained,275,83,22,3,0.7093023256,15,207.5997292
intermediate_capacity,275,27,7,2,0.6896551724,55,24.5055625
high_capacity,275,12,3,0,0.75,16,13.06720833
resource_constrained,276,77,19,6,0.6987951807,14,156.9935625
intermediate_capacity,276,25,5,2,0.7407407407,46,24.33625
high_capacity,276,9,1,1,0.8,15,13.08197917
resource_constrained,277,56,2,10,0.8181818182,18,156.9935625
intermediate_capacity,277,19,1,4,0.7826086957,55,21.58458333
high_capacity,277,8,0,1,0.8888888889,16,13.06720833
resource_constrained,278,75,11,0,0.8533333333,16,156.9935625
intermediate_capacity,278,25,3,0,0.88,48,24.33625
high_capacity,278,9,0,0,1,15,13.08197917
resource_constrained,279,65,6,5,0.8428571429,20,156.9935625
intermediate_capacity,279,25,3,0,0.88,49,24.33625
high_capacity,279,8,0,1,0.8888888889,16,13.06720833
resource_constrained,280,84,20,0,0.7619047619,18,156.9935625
intermediate_capacity,280,30,10,2,0.625,48,21.58458333
high_capacity,280,11,2,0,0.8181818182,16,13.06720833
resource_constrained,281,79,18,3,0.743902439,17,207.5997292
intermediate_capacity,281,27,5,0,0.8148148148,49,25.49491667
high_capacity,281,9,1,1,0.8,16,13.06720833
resource_constrained,282,67,8,5,0.8194444444,17,156.9935625
intermediate_capacity,282,24,4,2,0.7692307692,45,26.9125
high_capacity,282,8,0,1,0.8888888889,16,13.06720833
resource_constrained,283,83,23,4,0.6896551724,16,207.5997292
intermediate_capacity,283,32,11,1,0.6363636364,48,24.69104167
high_capacity,283,9,1,1,0.8,15,13.08197917
resource_constrained,284,74,16,6,0.725,18,156.9935625
intermediate_capacity,284,28,7,1,0.724137931,65,24.10502083
high_capacity,284,8,0,1,0.8888888889,16,13.06720833
resource_constrained,285,78,20,6,0.6904761905,11,207.6623542
intermediate_capacity,285,29,7,0,0.7586206897,35,27.79154167
high_capacity,285,8,0,1,0.8888888889,14,13.11922917
resource_constrained,286,67,9,6,0.7945205479,12,156.9935625
intermediate_capacity,286,21,2,3,0.7916666667,38,25.49491667
high_capacity,286,8,0,1,0.8888888889,15,13.08197917
resource_constrained,287,78,15,1,0.7974683544,25,156.9935625
intermediate_capacity,287,25,4,1,0.8076923077,58,20.11314583
high_capacity,287,10,1,0,0.9,16,13.06720833
resource_constrained,288,83,22,3,0.7093023256,19,156.9935625
intermediate_capacity,288,28,10,4,0.5625,63,21.05622917
high_capacity,288,8,2,3,0.5454545455,16,13.06720833
resource_constrained,289,96,34,2,0.6326530612,16,207.5997292
intermediate_capacity,289,32,12,2,0.5882352941,37,33.0049375
high_capacity,289,13,4,0,0.6923076923,15,13.08197917
resource_constrained,290,89,30,5,0.6276595745,21,156.9935625
intermediate_capacity,290,31,11,2,0.6060606061,54,21.58458333
high_capacity,290,11,2,0,0.8181818182,16,13.06720833
resource_constrained,291,75,13,2,0.8051948052,21,205.5636667
intermediate_capacity,291,25,4,1,0.8076923077,57,24.33625
high_capacity,291,8,0,1,0.8888888889,16,13.06720833
resource_constrained,292,78,16,2,0.775,26,156.9935625
intermediate_capacity,292,29,7,0,0.7586206897,51,24.93072917
high_capacity,292,9,0,0,1,16,13.06720833
resource_constrained,293,73,17,8,0.6913580247,28,156.9935625
intermediate_capacity,293,28,8,2,0.6666666667,64,21.05622917
high_capacity,293,12,3,0,0.75,16,13.06720833
resource_constrained,294,79,16,1,0.7875,18,207.5997292
intermediate_capacity,294,31,9,0,0.7096774194,39,24.33625
high_capacity,294,10,1,0,0.9,14,13.11922917
resource_constrained,295,89,25,0,0.7191011236,18,207.5997292
intermediate_capacity,295,31,9,0,0.7096774194,58,24.33625
high_capacity,295,11,3,1,0.6666666667,16,13.06720833
resource_constrained,296,86,24,2,0.7045454545,15,207.5997292
intermediate_capacity,296,28,7,1,0.724137931,48,24.93072917
high_capacity,296,12,3,0,0.75,16,13.06720833
resource_constrained,297,84,25,5,0.6629213483,16,156.9935625
intermediate_capacity,297,32,15,5,0.4594594595,49,21.05622917
high_capacity,297,8,2,3,0.5454545455,16,13.06720833
resource_constrained,298,98,36,2,0.62,29,156.9935625
intermediate_capacity,298,37,17,2,0.5128205128,61,24.33625
high_capacity,298,9,1,1,0.8,16,13.06720833
resource_constrained,299,73,12,3,0.8026315789,26,156.9935625
intermediate_capacity,299,27,5,0,0.8148148148,63,21.58458333
high_capacity,299,9,0,0,1,16,13.06720833
resource_constrained,300,104,41,1,0.6,25,207.5997292
intermediate_capacity,300,36,15,1,0.5675675676,67,24.5055625
high_capacity,300,11,2,0,0.8181818182,16,13.06720833
resource_constrained,301,82,29,11,0.5698924731,16,205.5636667
intermediate_capacity,301,30,8,0,0.7333333333,40,24.93072917
high_capacity,301,9,0,0,1,15,13.08197917
resource_constrained,302,86,22,0,0.7441860465,18,207.5997292
intermediate_capacity,302,31,9,0,0.7096774194,48,24.93072917
high_capacity,302,11,2,0,0.8181818182,16,13.06720833
resource_constrained,303,72,11,3,0.8133333333,13,207.6623542
intermediate_capacity,303,25,3,0,0.88,33,26.9125
high_capacity,303,11,2,0,0.8181818182,13,13.11922917
resource_constrained,304,93,29,0,0.688172043,19,205.2228542
intermediate_capacity,304,30,8,0,0.7333333333,49,24.69104167
high_capacity,304,8,0,1,0.8888888889,16,13.06720833
resource_constrained,305,59,3,8,0.8358208955,21,156.9935625
intermediate_capacity,305,23,1,0,0.9565217391,61,21.05622917
high_capacity,305,10,1,0,0.9,16,13.06720833
resource_constrained,306,76,18,6,0.7073170732,13,207.6623542
intermediate_capacity,306,28,6,0,0.7857142857,35,33.0049375
high_capacity,306,11,2,0,0.8181818182,15,13.08197917
resource_constrained,307,74,16,6,0.725,10,207.5997292
intermediate_capacity,307,25,5,2,0.7407407407,32,27.79154167
high_capacity,307,9,1,1,0.8,15,13.08197917
resource_constrained,308,82,23,5,0.6781609195,20,156.9935625
intermediate_capacity,308,26,9,5,0.5483870968,73,21.05622917
high_capacity,308,9,3,3,0.5,16,13.06720833
resource_constrained,309,65,5,4,0.8695652174,20,156.9935625
intermediate_capacity,309,22,2,2,0.8333333333,70,21.05622917
high_capacity,309,12,3,0,0.75,16,13.06720833
resource_constrained,310,78,16,2,0.775,20,156.9935625
intermediate_capacity,310,29,7,0,0.7586206897,50,24.33625
high_capacity,310,9,0,0,1,15,13.08197917
resource_constrained,311,73,17,8,0.6913580247,29,155.6040833
intermediate_capacity,311,31,9,0,0.7096774194,61,24.33625
high_capacity,311,10,1,0,0.9,16,13.06720833
resource_constrained,312,76,15,3,0.7721518987,12,156.9935625
intermediate_capacity,312,24,5,3,0.7037037037,48,26.9125
high_capacity,312,10,3,2,0.5833333333,16,13.06720833
resource_constrained,313,87,23,0,0.7356321839,20,156.9935625
intermediate_capacity,313,34,12,0,0.6470588235,46,24.93072917
high_capacity,313,10,1,0,0.9,16,13.06720833
resource_constrained,314,72,11,3,0.8133333333,13,156.9935625
intermediate_capacity,314,24,2,0,0.9166666667,40,24.93072917
high_capacity,314,9,0,0,1,15,13.08197917
resource_constrained,315,68,10,6,0.7837837838,18,207.5997292
intermediate_capacity,315,24,4,2,0.7692307692,46,24.5055625
high_capacity,315,12,3,0,0.75,15,13.08197917
resource_constrained,316,99,36,1,0.63,19,207.5997292
intermediate_capacity,316,28,7,1,0.724137931,67,24.93072917
high_capacity,316,12,3,0,0.75,16,13.06720833
resource_constrained,317,62,10,12,0.7027027027,30,155.6040833
intermediate_capacity,317,25,5,2,0.7407407407,82,21.05622917
high_capacity,317,9,0,0,1,16,13.06720833
resource_constrained,318,71,11,4,0.8,17,207.5997292
intermediate_capacity,318,29,8,1,0.7,47,25.49491667
high_capacity,318,9,0,0,1,16,13.06720833
resource_constrained,319,84,23,3,0.7011494253,15,207.5997292
intermediate_capacity,319,29,7,0,0.7586206897,29,34.79958333
high_capacity,319,10,1,0,0.9,14,13.11922917
resource_constrained,320,97,33,0,0.6597938144,14,207.6623542
intermediate_capacity,320,30,9,1,0.6774193548,50,25.49491667
high_capacity,320,12,3,0,0.75,16,13.06720833
resource_constrained,321,66,9,7,0.7808219178,23,207.5997292
intermediate_capacity,321,24,4,2,0.7692307692,67,21.05622917
high_capacity,321,11,2,0,0.8181818182,16,13.06720833
resource_constrained,322,76,18,6,0.7073170732,20,156.9935625
intermediate_capacity,322,26,6,2,0.7142857143,60,24.69104167
high_capacity,322,10,1,0,0.9,16,13.06720833
resource_constrained,323,83,23,4,0.6896551724,17,207.6623542
intermediate_capacity,323,28,11,5,0.5151515152,51,25.49491667
high_capacity,323,8,2,3,0.5454545455,16,13.06720833
resource_constrained,324,82,18,0,0.7804878049,48,152.3110833
intermediate_capacity,324,28,6,0,0.7857142857,96,18.05179167
high_capacity,324,12,3,0,0.75,16,13.06720833
resource_constrained,325,66,12,10,0.7105263158,22,156.9935625
intermediate_capacity,325,29,7,0,0.7586206897,67,24.10502083
high_capacity,325,9,0,0,1,16,13.06720833
resource_constrained,326,90,26,0,0.7111111111,13,207.5997292
intermediate_capacity,326,28,8,2,0.6666666667,42,25.49491667
high_capacity,326,12,3,0,0.75,16,13.06720833
resource_constrained,327,105,45,4,0.5504587156,19,207.6623542
intermediate_capacity,327,36,17,3,0.4871794872,46,33.0049375
high_capacity,327,14,5,0,0.6428571429,16,13.06720833
resource_constrained,328,74,16,6,0.725,12,207.6623542
intermediate_capacity,328,28,10,4,0.5625,40,25.49491667
high_capacity,328,9,3,3,0.5,15,13.08197917
resource_constrained,329,72,12,4,0.7894736842,20,205.5636667
intermediate_capacity,329,22,1,1,0.9130434783,67,21.58458333
high_capacity,329,9,0,0,1,16,13.06720833
resource_constrained,330,83,23,4,0.6896551724,17,156.9935625
intermediate_capacity,330,25,5,2,0.7407407407,62,24.33625
high_capacity,330,9,0,0,1,16,13.06720833
resource_constrained,331,75,17,6,0.7160493827,21,156.9935625
intermediate_capacity,331,26,8,4,0.6,58,24.5055625
high_capacity,331,10,3,2,0.5833333333,16,13.06720833
resource_constrained,332,78,17,3,0.7530864198,33,155.6040833
intermediate_capacity,332,27,5,0,0.8148148148,62,21.58458333
high_capacity,332,12,3,0,0.75,16,13.06720833
resource_constrained,333,85,26,5,0.6555555556,20,156.9935625
intermediate_capacity,333,27,7,2,0.6896551724,37,27.79154167
high_capacity,333,10,1,0,0.9,16,13.06720833
resource_constrained,334,108,44,0,0.5925925926,20,205.5636667
intermediate_capacity,334,39,17,0,0.5641025641,59,24.33625
high_capacity,334,10,1,0,0.9,16,13.06720833
resource_constrained,335,83,26,7,0.6333333333,18,207.5997292
intermediate_capacity,335,28,8,2,0.6666666667,33,34.79958333
high_capacity,335,9,0,0,1,15,13.08197917
resource_constrained,336,80,18,2,0.756097561,16,156.9935625
intermediate_capacity,336,33,12,1,0.6176470588,47,26.9125
high_capacity,336,10,1,0,0.9,16,13.06720833
resource_constrained,337,85,21,0,0.7529411765,20,156.9935625
intermediate_capacity,337,26,5,1,0.7777777778,70,21.05622917
high_capacity,337,10,1,0,0.9,16,13.06720833
resource_constrained,338,65,7,6,0.8169014085,13,207.6623542
intermediate_capacity,338,24,2,0,0.9166666667,38,26.9125
high_capacity,338,9,0,0,1,14,13.11922917
resource_constrained,339,97,33,0,0.6597938144,13,207.6623542
intermediate_capacity,339,34,12,0,0.6470588235,45,24.93072917
high_capacity,339,13,4,0,0.6923076923,15,13.08197917
resource_constrained,340,65,9,8,0.7671232877,10,207.5997292
intermediate_capacity,340,27,5,0,0.8148148148,44,25.49491667
high_capacity,340,9,0,0,1,15,13.08197917
resource_constrained,341,68,12,8,0.7368421053,15,156.9935625
intermediate_capacity,341,26,6,2,0.7142857143,72,19.73402083
high_capacity,341,8,0,1,0.8888888889,16,13.06720833
resource_constrained,342,102,38,0,0.6274509804,24,205.5636667
intermediate_capacity,342,36,14,0,0.6111111111,54,24.33625
high_capacity,342,11,2,0,0.8181818182,16,13.06720833
resource_constrained,343,103,42,3,0.5754716981,23,205.5636667
intermediate_capacity,343,34,14,2,0.5555555556,41,27.79154167
high_capacity,343,12,3,0,0.75,16,13.06720833
resource_constrained,344,63,7,8,0.7887323944,22,156.9935625
intermediate_capacity,344,23,3,2,0.8,52,21.05622917
high_capacity,344,10,1,0,0.9,16,13.06720833
resource_constrained,345,72,16,8,0.7,14,207.6623542
intermediate_capacity,345,31,9,0,0.7096774194,39,27.79154167
high_capacity,345,12,3,0,0.75,15,13.08197917
resource_constrained,346,92,31,3,0.6421052632,24,207.5997292
intermediate_capacity,346,37,16,1,0.5526315789,58,24.5055625
high_capacity,346,12,3,0,0.75,16,13.06720833
resource_constrained,347,82,20,2,0.7380952381,15,207.6623542
intermediate_capacity,347,25,7,4,0.6206896552,53,24.5055625
high_capacity,347,8,2,3,0.5454545455,16,13.06720833
resource_constrained,348,89,26,1,0.7,16,156.9935625
intermediate_capacity,348,30,8,0,0.7333333333,68,24.33625
high_capacity,348,9,1,1,0.8,16,13.06720833
resource_constrained,349,72,11,3,0.8133333333,14,156.9935625
intermediate_capacity,349,27,5,0,0.8148148148,39,26.9125
high_capacity,349,10,1,0,0.9,15,13.08197917
resource_constrained,350,70,11,5,0.7866666667,20,156.9935625
intermediate_capacity,350,21,4,5,0.6538461538,66,21.05622917
high_capacity,350,7,1,3,0.6,16,13.06720833
resource_constrained,351,83,24,5,0.6704545455,13,207.5997292
intermediate_capacity,351,25,7,4,0.6206896552,30,33.0049375
high_capacity,351,12,3,0,0.75,15,13.08197917
resource_constrained,352,80,16,0,0.8,16,156.9935625
intermediate_capacity,352,24,2,0,0.9166666667,50,26.9125
high_capacity,352,9,0,0,1,16,13.06720833
resource_constrained,353,75,13,2,0.8051948052,14,207.5997292
intermediate_capacity,353,27,5,0,0.8148148148,50,24.69104167
high_capacity,353,12,3,0,0.75,16,13.06720833
resource_constrained,354,64,9,9,0.7534246575,13,200.584375
intermediate_capacity,354,22,2,2,0.8333333333,31,27.79154167
high_capacity,354,9,0,0,1,15,13.08197917
resource_constrained,355,63,5,6,0.8405797101,13,156.9935625
intermediate_capacity,355,23,2,1,0.875,60,24.10502083
high_capacity,355,8,0,1,0.8888888889,16,13.06720833
resource_constrained,356,72,16,8,0.7,25,156.85825
intermediate_capacity,356,25,8,5,0.5666666667,62,24.5055625
high_capacity,356,6,0,3,0.6666666667,16,13.06720833
resource_constrained,357,59,3,8,0.8358208955,15,207.5997292
intermediate_capacity,357,23,1,0,0.9565217391,40,26.9125
high_capacity,357,9,0,0,1,15,13.08197917
resource_constrained,358,88,26,2,0.6888888889,15,207.5997292
intermediate_capacity,358,31,11,2,0.6060606061,52,21.05622917
high_capacity,358,12,3,0,0.75,15,13.08197917
resource_constrained,359,96,35,3,0.6161616162,22,205.5636667
intermediate_capacity,359,37,15,0,0.5945945946,75,19.73402083
high_capacity,359,13,4,0,0.6923076923,16,13.06720833
resource_constrained,360,101,37,0,0.6336633663,24,205.5636667
intermediate_capacity,360,29,8,1,0.7,77,20.11314583
high_capacity,360,14,5,0,0.6428571429,16,13.06720833
resource_constrained,361,75,16,5,0.7375,14,156.9935625
intermediate_capacity,361,29,9,2,0.6451612903,58,24.5055625
high_capacity,361,8,1,2,0.7,16,13.06720833
resource_constrained,362,88,28,4,0.652173913,18,156.9935625
intermediate_capacity,362,28,8,2,0.6666666667,45,24.33625
high_capacity,362,9,0,0,1,15,13.08197917
resource_constrained,363,98,35,1,0.6363636364,22,156.9935625
intermediate_capacity,363,33,12,1,0.6176470588,50,24.5055625
high_capacity,363,12,3,0,0.75,16,13.06720833
resource_constrained,364,76,12,0,0.8421052632,11,207.5997292
intermediate_capacity,364,24,3,1,0.84,31,34.79958333
high_capacity,364,9,0,0,1,15,13.08197917
resource_constrained,365,83,23,4,0.6896551724,22,156.9935625
intermediate_capacity,365,29,9,2,0.6451612903,52,24.93072917
high_capacity,365,8,0,1,0.8888888889,16,13.06720833
resource_constrained,366,83,19,0,0.7710843373,14,207.6623542
intermediate_capacity,366,27,5,0,0.8148148148,42,26.9125
high_capacity,366,8,0,1,0.8888888889,15,13.08197917
resource_constrained,367,86,24,2,0.7045454545,23,207.5997292
intermediate_capacity,367,28,7,1,0.724137931,70,21.58458333
high_capacity,367,11,2,0,0.8181818182,16,13.06720833
resource_constrained,368,70,14,8,0.7179487179,18,156.9935625
intermediate_capacity,368,24,4,2,0.7692307692,58,21.58458333
high_capacity,368,10,1,0,0.9,16,13.06720833
resource_constrained,369,107,43,0,0.5981308411,17,207.6623542
intermediate_capacity,369,36,14,0,0.6111111111,42,24.33625
high_capacity,369,11,2,0,0.8181818182,14,13.11922917
resource_constrained,370,81,20,3,0.7261904762,13,207.5997292
intermediate_capacity,370,28,8,2,0.6666666667,37,25.49491667
high_capacity,370,12,3,0,0.75,16,13.06720833
resource_constrained,371,103,39,0,0.6213592233,18,205.5636667
intermediate_capacity,371,32,11,1,0.6363636364,68,21.58458333
high_capacity,371,11,2,0,0.8181818182,16,13.06720833
resource_constrained,372,74,15,5,0.746835443,13,207.5997292
intermediate_capacity,372,28,6,0,0.7857142857,38,27.79154167
high_capacity,372,12,3,0,0.75,15,13.08197917
resource_constrained,373,71,7,0,0.9014084507,34,156.9935625
intermediate_capacity,373,29,7,0,0.7586206897,76,21.05622917
high_capacity,373,9,0,0,1,16,13.06720833
resource_constrained,374,80,19,3,0.734939759,23,156.9935625
intermediate_capacity,374,30,9,1,0.6774193548,58,24.5055625
high_capacity,374,12,3,0,0.75,16,13.06720833
resource_constrained,375,110,46,0,0.5818181818,19,207.6623542
intermediate_capacity,375,39,17,0,0.5641025641,59,24.33625
high_capacity,375,12,3,0,0.75,16,13.06720833
resource_constrained,376,99,35,0,0.6464646465,30,200.7844167
intermediate_capacity,376,31,10,1,0.65625,54,20.11314583
high_capacity,376,13,4,0,0.6923076923,16,13.06720833
resource_constrained,377,96,36,4,0.6,18,207.5997292
intermediate_capacity,377,38,16,0,0.5789473684,43,24.93072917
high_capacity,377,10,1,0,0.9,15,13.08197917
resource_constrained,378,64,6,6,0.8285714286,13,156.9935625
intermediate_capacity,378,25,4,1,0.8076923077,57,21.05622917
high_capacity,378,9,1,1,0.8,16,13.06720833
resource_constrained,379,72,12,4,0.7894736842,17,156.9935625
intermediate_capacity,379,27,5,0,0.8148148148,54,21.05622917
high_capacity,379,12,3,0,0.75,15,13.08197917
resource_constrained,380,84,26,6,0.6444444444,19,205.5636667
intermediate_capacity,380,28,9,3,0.6129032258,47,27.79154167
high_capacity,380,12,3,0,0.75,16,13.06720833
resource_constrained,381,94,30,0,0.6808510638,16,207.6623542
intermediate_capacity,381,31,9,0,0.7096774194,49,24.93072917
high_capacity,381,12,3,0,0.75,16,13.06720833
resource_constrained,382,82,20,2,0.7380952381,14,207.5997292
intermediate_capacity,382,31,9,0,0.7096774194,40,27.79154167
high_capacity,382,9,0,0,1,15,13.08197917
resource_constrained,383,87,24,1,0.7159090909,11,207.5997292
intermediate_capacity,383,25,3,0,0.88,46,27.79154167
high_capacity,383,10,1,0,0.9,16,13.06720833
resource_constrained,384,105,43,2,0.5794392523,24,156.9935625
intermediate_capacity,384,42,20,0,0.5238095238,50,27.79154167
high_capacity,384,10,1,0,0.9,16,13.06720833
resource_constrained,385,85,22,1,0.7325581395,17,205.5636667
intermediate_capacity,385,28,6,0,0.7857142857,54,21.58458333
high_capacity,385,10,1,0,0.9,16,13.06720833
resource_constrained,386,64,3,3,0.9104477612,15,207.5997292
intermediate_capacity,386,23,1,0,0.9565217391,41,24.93072917
high_capacity,386,8,0,1,0.8888888889,15,13.08197917
resource_constrained,387,88,24,0,0.7272727273,18,156.9935625
intermediate_capacity,387,37,15,0,0.5945945946,46,26.9125
high_capacity,387,8,0,1,0.8888888889,16,13.06720833
resource_constrained,388,64,8,8,0.7777777778,14,156.9935625
intermediate_capacity,388,24,5,3,0.7037037037,43,21.58458333
high_capacity,388,11,3,1,0.6666666667,15,13.08197917
resource_constrained,389,61,6,9,0.7857142857,23,156.9935625
intermediate_capacity,389,23,3,2,0.8,64,20.11314583
high_capacity,389,11,3,1,0.6666666667,16,13.06720833
resource_constrained,390,77,21,8,0.6588235294,22,205.5636667
intermediate_capacity,390,31,9,0,0.7096774194,61,24.33625
high_capacity,390,8,0,1,0.8888888889,16,13.06720833
resource_constrained,391,54,2,12,0.7878787879,19,156.9935625
intermediate_capacity,391,21,1,2,0.8695652174,51,21.05622917
high_capacity,391,9,1,1,0.8,16,13.06720833
resource_constrained,392,75,13,2,0.8051948052,29,155.6040833
intermediate_capacity,392,29,7,0,0.7586206897,56,21.58458333
high_capacity,392,10,1,0,0.9,16,13.06720833
resource_constrained,393,88,24,0,0.7272727273,12,207.6623542
intermediate_capacity,393,31,9,0,0.7096774194,35,27.79154167
high_capacity,393,10,1,0,0.9,14,13.11922917
resource_constrained,394,62,5,7,0.8260869565,23,156.9935625
intermediate_capacity,394,22,3,3,0.76,58,21.05622917
high_capacity,394,9,1,1,0.8,16,13.06720833
resource_constrained,395,59,2,7,0.8636363636,21,156.9935625
intermediate_capacity,395,23,1,0,0.9565217391,70,21.05622917
high_capacity,395,9,0,0,1,16,13.06720833
resource_constrained,396,76,14,2,0.7948717949,25,156.9935625
intermediate_capacity,396,27,5,0,0.8148148148,48,24.33625
high_capacity,396,10,1,0,0.9,16,13.06720833
resource_constrained,397,77,15,2,0.7848101266,12,207.6623542
intermediate_capacity,397,28,6,0,0.7857142857,53,24.33625
high_capacity,397,11,2,0,0.8181818182,15,13.08197917
resource_constrained,398,97,36,3,0.61,14,207.6623542
intermediate_capacity,398,38,16,0,0.5789473684,65,24.33625
high_capacity,398,9,1,1,0.8,16,13.06720833
resource_constrained,399,90,26,0,0.7111111111,18,156.9935625
intermediate_capacity,399,31,9,0,0.7096774194,52,24.33625
high_capacity,399,9,0,0,1,16,13.06720833
resource_constrained,400,65,7,6,0.8169014085,14,156.9935625
intermediate_capacity,400,24,4,2,0.7692307692,40,26.9125
high_capacity,400,10,1,0,0.9,15,13.08197917
resource_constrained,401,84,23,3,0.7011494253,16,156.9935625
intermediate_capacity,401,31,11,2,0.6060606061,61,24.33625
high_capacity,401,9,1,1,0.8,16,13.06720833
resource_constrained,402,77,15,2,0.7848101266,17,156.9935625
intermediate_capacity,402,30,8,0,0.7333333333,42,24.33625
high_capacity,402,9,0,0,1,15,13.08197917
resource_constrained,403,89,25,0,0.7191011236,18,207.5997292
intermediate_capacity,403,31,9,0,0.7096774194,42,24.93072917
high_capacity,403,11,2,0,0.8181818182,15,13.08197917
resource_constrained,404,64,4,4,0.8823529412,19,156.9935625
intermediate_capacity,404,23,2,1,0.875,51,21.05622917
high_capacity,404,12,3,0,0.75,15,13.08197917
resource_constrained,405,80,16,0,0.8,12,207.5997292
intermediate_capacity,405,26,4,0,0.8461538462,38,25.49491667
high_capacity,405,11,2,0,0.8181818182,15,13.08197917
resource_constrained,406,84,20,0,0.7619047619,14,156.9935625
intermediate_capacity,406,24,3,1,0.84,52,25.49491667
high_capacity,406,9,0,0,1,16,13.06720833
resource_constrained,407,77,19,6,0.6987951807,19,205.5636667
intermediate_capacity,407,28,7,1,0.724137931,48,21.58458333
high_capacity,407,12,3,0,0.75,15,13.08197917
resource_constrained,408,92,28,0,0.6956521739,20,207.5997292
intermediate_capacity,408,26,5,1,0.7777777778,65,21.58458333
high_capacity,408,11,2,0,0.8181818182,16,13.06720833
resource_constrained,409,86,22,0,0.7441860465,13,207.5997292
intermediate_capacity,409,26,4,0,0.8461538462,41,27.79154167
high_capacity,409,11,2,0,0.8181818182,16,13.06720833
resource_constrained,410,88,24,0,0.7272727273,14,207.5997292
intermediate_capacity,410,35,13,0,0.6285714286,51,24.93072917
high_capacity,410,8,0,1,0.8888888889,16,13.06720833
resource_constrained,411,84,21,1,0.7411764706,13,207.6623542
intermediate_capacity,411,27,6,1,0.75,50,24.5055625
high_capacity,411,13,4,0,0.6923076923,15,13.08197917
resource_constrained,412,74,16,6,0.725,21,156.9935625
intermediate_capacity,412,26,7,3,0.6551724138,47,24.5055625
high_capacity,412,10,1,0,0.9,16,13.06720833
resource_constrained,413,55,0,9,0.859375,29,156.9935625
intermediate_capacity,413,21,1,2,0.8695652174,80,20.11314583
high_capacity,413,8,0,1,0.8888888889,16,13.06720833
resource_constrained,414,89,27,2,0.6813186813,18,207.5997292
intermediate_capacity,414,36,14,0,0.6111111111,45,27.79154167
high_capacity,414,9,1,1,0.8,16,13.06720833
resource_constrained,415,76,12,0,0.8421052632,10,207.5997292
intermediate_capacity,415,24,2,0,0.9166666667,32,27.79154167
high_capacity,415,9,0,0,1,15,13.08197917
resource_constrained,416,77,17,4,0.7407407407,21,207.5997292
intermediate_capacity,416,24,4,2,0.7692307692,61,24.5055625
high_capacity,416,11,2,0,0.8181818182,16,13.06720833
resource_constrained,417,70,12,6,0.7631578947,19,156.9935625
intermediate_capacity,417,24,4,2,0.7692307692,43,26.9125
high_capacity,417,8,0,1,0.8888888889,16,13.06720833
resource_constrained,418,58,1,7,0.8769230769,16,156.9935625
intermediate_capacity,418,22,1,1,0.9130434783,51,21.58458333
high_capacity,418,10,1,0,0.9,16,13.06720833
resource_constrained,419,87,25,2,0.6966292135,15,207.5997292
intermediate_capacity,419,28,7,1,0.724137931,44,24.93072917
high_capacity,419,13,4,0,0.6923076923,15,13.08197917
resource_constrained,420,71,12,5,0.7763157895,17,156.9935625
intermediate_capacity,420,25,3,0,0.88,52,24.33625
high_capacity,420,8,0,1,0.8888888889,16,13.06720833
resource_constrained,421,59,2,7,0.8636363636,22,156.9935625
intermediate_capacity,421,21,1,2,0.8695652174,59,21.58458333
high_capacity,421,8,0,1,0.8888888889,16,13.06720833
resource_constrained,422,85,24,3,0.6931818182,22,200.584375
intermediate_capacity,422,28,8,2,0.6666666667,45,33.0049375
high_capacity,422,11,2,0,0.8181818182,16,13.06720833
resource_constrained,423,91,28,1,0.6847826087,16,156.9935625
intermediate_capacity,423,25,4,1,0.8076923077,42,24.33625
high_capacity,423,12,3,0,0.75,15,13.08197917
resource_constrained,424,77,22,9,0.6395348837,23,156.9935625
intermediate_capacity,424,29,8,1,0.7,50,26.9125
high_capacity,424,8,0,1,0.8888888889,16,13.06720833
resource_constrained,425,80,22,6,0.6744186047,16,207.5997292
intermediate_capacity,425,28,7,1,0.724137931,45,26.9125
high_capacity,425,12,3,0,0.75,15,13.08197917
resource_constrained,426,84,22,2,0.7209302326,17,207.5997292
intermediate_capacity,426,30,8,0,0.7333333333,38,33.0049375
high_capacity,426,9,0,0,1,16,13.06720833
resource_constrained,427,84,22,2,0.7209302326,21,156.9935625
intermediate_capacity,427,31,9,0,0.7096774194,43,24.93072917
high_capacity,427,11,2,0,0.8181818182,15,13.08197917
resource_constrained,428,101,38,1,0.6176470588,18,207.5997292
intermediate_capacity,428,34,12,0,0.6470588235,51,27.79154167
high_capacity,428,12,3,0,0.75,16,13.06720833
resource_constrained,429,80,22,6,0.6744186047,18,156.9935625
intermediate_capacity,429,28,10,4,0.5625,56,24.5055625
high_capacity,429,11,3,1,0.6666666667,16,13.06720833
resource_constrained,430,66,9,7,0.7808219178,16,156.9935625
intermediate_capacity,430,22,3,3,0.76,49,21.58458333
high_capacity,430,11,3,1,0.6666666667,16,13.06720833
resource_constrained,431,78,19,5,0.7108433735,15,156.9935625
intermediate_capacity,431,33,12,1,0.6176470588,36,27.79154167
high_capacity,431,8,1,2,0.7,15,13.08197917
resource_constrained,432,80,19,3,0.734939759,16,156.9935625
intermediate_capacity,432,20,3,5,0.68,44,24.93072917
high_capacity,432,11,2,0,0.8181818182,16,13.06720833
resource_constrained,433,115,51,0,0.5565217391,15,205.5636667
intermediate_capacity,433,38,16,0,0.5789473684,43,24.33625
high_capacity,433,11,2,0,0.8181818182,15,13.08197917
resource_constrained,434,93,31,2,0.6526315789,25,156.9935625
intermediate_capacity,434,41,19,0,0.5365853659,56,26.9125
high_capacity,434,9,1,1,0.8,16,13.06720833
resource_constrained,435,73,13,4,0.7792207792,18,207.5997292
intermediate_capacity,435,26,5,1,0.7777777778,53,24.5055625
high_capacity,435,11,2,0,0.8181818182,16,13.06720833
resource_constrained,436,81,17,0,0.7901234568,13,156.9935625
intermediate_capacity,436,27,6,1,0.75,41,26.9125
high_capacity,436,10,1,0,0.9,15,13.08197917
resource_constrained,437,93,29,0,0.688172043,18,205.5636667
intermediate_capacity,437,30,8,0,0.7333333333,38,24.93072917
high_capacity,437,9,0,0,1,15,13.08197917
resource_constrained,438,89,27,2,0.6813186813,29,156.9935625
intermediate_capacity,438,35,14,1,0.5833333333,82,20.11314583
high_capacity,438,9,1,1,0.8,16,13.06720833
resource_constrained,439,80,16,0,0.8,19,205.5636667
intermediate_capacity,439,27,5,0,0.8148148148,57,20.11314583
high_capacity,439,10,1,0,0.9,16,13.06720833
resource_constrained,440,84,24,4,0.6818181818,12,207.5997292
intermediate_capacity,440,33,11,0,0.6666666667,34,27.79154167
high_capacity,440,13,4,0,0.6923076923,14,13.11922917
resource_constrained,441,76,16,4,0.75,21,156.9935625
intermediate_capacity,441,26,6,2,0.7142857143,40,26.9125
high_capacity,441,9,0,0,1,16,13.06720833
resource_constrained,442,66,9,7,0.7808219178,15,156.9935625
intermediate_capacity,442,23,3,2,0.8,49,25.49491667
high_capacity,442,7,0,2,0.7777777778,16,13.06720833
resource_constrained,443,68,9,5,0.8082191781,18,155.6040833
intermediate_capacity,443,27,5,0,0.8148148148,52,21.58458333
high_capacity,443,10,1,0,0.9,15,13.08197917
resource_constrained,444,75,17,6,0.7160493827,17,207.6623542
intermediate_capacity,444,34,13,1,0.6,41,24.5055625
high_capacity,444,12,3,0,0.75,15,13.08197917
resource_constrained,445,90,29,3,0.6559139785,20,205.2228542
intermediate_capacity,445,28,6,0,0.7857142857,48,24.93072917
high_capacity,445,9,0,0,1,16,13.06720833
resource_constrained,446,78,17,3,0.7530864198,25,156.9935625
intermediate_capacity,446,31,9,0,0.7096774194,68,24.10502083
high_capacity,446,12,3,0,0.75,16,13.06720833
resource_constrained,447,88,27,3,0.6703296703,19,207.6623542
intermediate_capacity,447,31,9,0,0.7096774194,66,21.05622917
high_capacity,447,11,2,0,0.8181818182,16,13.06720833
resource_constrained,448,88,33,9,0.5670103093,19,207.6623542
intermediate_capacity,448,36,14,0,0.6111111111,46,24.93072917
high_capacity,448,9,0,0,1,16,13.06720833
resource_constrained,449,78,18,4,0.7317073171,20,155.6040833
intermediate_capacity,449,27,5,0,0.8148148148,53,24.33625
high_capacity,449,9,0,0,1,16,13.06720833
resource_constrained,450,79,17,2,0.7654320988,14,207.5997292
intermediate_capacity,450,26,4,0,0.8461538462,58,24.93072917
high_capacity,450,9,1,1,0.8,16,13.06720833
resource_constrained,451,72,12,4,0.7894736842,18,207.5997292
intermediate_capacity,451,26,4,0,0.8461538462,40,27.79154167
high_capacity,451,8,0,1,0.8888888889,16,13.06720833
resource_constrained,452,81,20,3,0.7261904762,22,207.5997292
intermediate_capacity,452,24,4,2,0.7692307692,60,20.11314583
high_capacity,452,12,3,0,0.75,16,13.06720833
resource_constrained,453,79,15,0,0.8101265823,14,207.5997292
intermediate_capacity,453,30,8,0,0.7333333333,48,24.33625
high_capacity,453,8,0,1,0.8888888889,15,13.08197917
resource_constrained,454,101,39,2,0.6019417476,22,205.5636667
intermediate_capacity,454,34,14,2,0.5555555556,58,24.93072917
high_capacity,454,9,0,0,1,16,13.06720833
resource_constrained,455,68,10,6,0.7837837838,22,156.9935625
intermediate_capacity,455,25,3,0,0.88,58,21.58458333
high_capacity,455,10,1,0,0.9,16,13.06720833
resource_constrained,456,83,19,0,0.7710843373,15,207.5997292
intermediate_capacity,456,28,7,1,0.724137931,48,24.93072917
high_capacity,456,9,0,0,1,16,13.06720833
resource_constrained,457,76,16,4,0.75,28,156.9935625
intermediate_capacity,457,18,3,7,0.6,80,20.11314583
high_capacity,457,10,1,0,0.9,16,13.06720833
resource_constrained,458,73,12,3,0.8026315789,17,156.9935625
intermediate_capacity,458,28,6,0,0.7857142857,48,24.33625
high_capacity,458,9,0,0,1,15,13.08197917
resource_constrained,459,62,6,8,0.8,11,205.5636667
intermediate_capacity,459,22,3,3,0.76,48,24.5055625
high_capacity,459,8,0,1,0.8888888889,16,13.06720833
resource_constrained,460,63,9,10,0.7397260274,21,156.9935625
intermediate_capacity,460,23,4,3,0.7307692308,45,24.5055625
high_capacity,460,11,3,1,0.6666666667,16,13.06720833
resource_constrained,461,61,8,11,0.7361111111,18,156.9935625
intermediate_capacity,461,24,4,2,0.7692307692,52,24.33625
high_capacity,461,9,0,0,1,16,13.06720833
resource_constrained,462,84,28,8,0.6086956522,21,200.7844167
intermediate_capacity,462,25,5,2,0.7407407407,40,24.93072917
high_capacity,462,10,1,0,0.9,15,13.08197917
resource_constrained,463,100,37,1,0.6237623762,18,207.5997292
intermediate_capacity,463,33,11,0,0.6666666667,33,27.79154167
high_capacity,463,10,1,0,0.9,14,13.11922917
resource_constrained,464,75,14,3,0.7820512821,14,207.5997292
intermediate_capacity,464,26,4,0,0.8461538462,46,26.9125
high_capacity,464,9,1,1,0.8,16,13.06720833
resource_constrained,465,79,17,2,0.7654320988,15,207.6623542
intermediate_capacity,465,29,7,0,0.7586206897,51,25.49491667
high_capacity,465,12,3,0,0.75,15,13.08197917
resource_constrained,466,72,17,9,0.6790123457,24,156.9935625
intermediate_capacity,466,24,4,2,0.7692307692,64,21.58458333
high_capacity,466,9,0,0,1,16,13.06720833
resource_constrained,467,71,11,4,0.8,17,156.9935625
intermediate_capacity,467,25,3,0,0.88,64,21.58458333
high_capacity,467,9,0,0,1,16,13.06720833
resource_constrained,468,74,12,2,0.8157894737,16,156.9935625
intermediate_capacity,468,27,5,0,0.8148148148,39,27.79154167
high_capacity,468,9,0,0,1,16,13.06720833
resource_constrained,469,105,41,0,0.6095238095,16,207.6623542
intermediate_capacity,469,32,10,0,0.6875,63,24.33625
high_capacity,469,9,1,1,0.8,16,13.06720833
resource_constrained,470,62,6,8,0.8,13,207.5997292
intermediate_capacity,470,27,5,0,0.8148148148,37,27.79154167
high_capacity,470,9,0,0,1,15,13.08197917
resource_constrained,471,97,33,0,0.6597938144,22,205.5636667
intermediate_capacity,471,36,14,0,0.6111111111,52,24.33625
high_capacity,471,11,2,0,0.8181818182,15,13.08197917
resource_constrained,472,74,16,6,0.725,30,156.9935625
intermediate_capacity,472,37,15,0,0.5945945946,69,20.11314583
high_capacity,472,10,1,0,0.9,16,13.06720833
resource_constrained,473,94,33,3,0.6288659794,18,205.5636667
intermediate_capacity,473,29,9,2,0.6451612903,44,27.79154167
high_capacity,473,12,3,0,0.75,16,13.06720833
resource_constrained,474,75,13,2,0.8051948052,41,156.9935625
intermediate_capacity,474,23,3,2,0.8,66,19.73402083
high_capacity,474,12,3,0,0.75,16,13.06720833
resource_constrained,475,71,15,8,0.7088607595,23,200.7844167
intermediate_capacity,475,25,4,1,0.8076923077,66,21.58458333
high_capacity,475,8,0,1,0.8888888889,16,13.06720833
resource_constrained,476,80,18,2,0.756097561,20,205.5636667
intermediate_capacity,476,25,3,0,0.88,77,20.11314583
high_capacity,476,9,0,0,1,16,13.06720833
resource_constrained,477,109,45,0,0.5871559633,19,205.5636667
intermediate_capacity,477,36,14,0,0.6111111111,69,24.33625
high_capacity,477,9,1,1,0.8,16,13.06720833
resource_constrained,478,106,49,7,0.5044247788,18,207.5997292
intermediate_capacity,478,29,12,5,0.5,48,24.33625
high_capacity,478,11,2,0,0.8181818182,14,13.11922917
resource_constrained,479,99,36,1,0.63,26,207.5997292
intermediate_capacity,479,33,11,0,0.6666666667,77,21.58458333
high_capacity,479,11,3,1,0.6666666667,16,13.06720833
resource_constrained,480,66,8,6,0.8055555556,26,156.85825
intermediate_capacity,480,24,3,1,0.84,83,20.11314583
high_capacity,480,8,0,1,0.8888888889,16,13.06720833
resource_constrained,481,74,19,9,0.6626506024,21,155.6040833
intermediate_capacity,481,30,8,0,0.7333333333,52,24.33625
high_capacity,481,12,3,0,0.75,16,13.06720833
resource_constrained,482,83,22,3,0.7093023256,14,207.5997292
intermediate_capacity,482,35,13,0,0.6285714286,36,33.0049375
high_capacity,482,11,3,1,0.6666666667,15,13.08197917
resource_constrained,483,67,12,9,0.7236842105,19,156.9935625
intermediate_capacity,483,23,5,4,0.6666666667,58,24.5055625
high_capacity,483,8,0,1,0.8888888889,16,13.06720833
resource_constrained,484,84,22,2,0.7209302326,16,156.9935625
intermediate_capacity,484,30,10,2,0.625,57,24.33625
high_capacity,484,8,0,1,0.8888888889,16,13.06720833
resource_constrained,485,61,5,8,0.8115942029,12,156.9935625
intermediate_capacity,485,24,3,1,0.84,50,24.33625
high_capacity,485,8,0,1,0.8888888889,15,13.08197917
resource_constrained,486,61,6,9,0.7857142857,17,156.9935625
intermediate_capacity,486,24,2,0,0.9166666667,53,24.5055625
high_capacity,486,9,0,0,1,16,13.06720833
resource_constrained,487,101,37,0,0.6336633663,18,207.6623542
intermediate_capacity,487,32,11,1,0.6363636364,53,21.58458333
high_capacity,487,15,6,0,0.6,16,13.06720833
resource_constrained,488,91,28,1,0.6847826087,20,156.9935625
intermediate_capacity,488,35,13,0,0.6285714286,55,26.9125
high_capacity,488,9,1,1,0.8,16,13.06720833
resource_constrained,489,71,10,3,0.8243243243,26,156.9935625
intermediate_capacity,489,28,6,0,0.7857142857,62,24.5055625
high_capacity,489,11,2,0,0.8181818182,16,13.06720833
resource_constrained,490,66,6,4,0.8571428571,19,200.584375
intermediate_capacity,490,22,1,1,0.9130434783,43,24.93072917
high_capacity,490,9,0,0,1,15,13.08197917
resource_constrained,491,92,30,2,0.6595744681,15,205.5636667
intermediate_capacity,491,31,9,0,0.7096774194,56,20.11314583
high_capacity,491,11,2,0,0.8181818182,16,13.06720833
resource_constrained,492,86,22,0,0.7441860465,14,207.5997292
intermediate_capacity,492,29,8,1,0.7,46,33.0049375
high_capacity,492,11,2,0,0.8181818182,16,13.06720833
resource_constrained,493,64,3,3,0.9104477612,31,156.9935625
intermediate_capacity,493,22,1,1,0.9130434783,65,19.73402083
high_capacity,493,10,1,0,0.9,16,13.06720833
resource_constrained,494,67,8,5,0.8194444444,18,156.9935625
intermediate_capacity,494,29,7,0,0.7586206897,51,24.33625
high_capacity,494,11,2,0,0.8181818182,16,13.06720833
resource_constrained,495,121,57,0,0.5289256198,27,207.5997292
intermediate_capacity,495,41,19,0,0.5365853659,47,24.93072917
high_capacity,495,14,5,0,0.6428571429,15,13.08197917
resource_constrained,496,94,33,3,0.6288659794,23,207.6623542
intermediate_capacity,496,38,16,0,0.5789473684,54,26.9125
high_capacity,496,9,1,1,0.8,16,13.06720833
resource_constrained,497,74,13,3,0.7922077922,15,207.5997292
intermediate_capacity,497,24,4,2,0.7692307692,38,25.49491667
high_capacity,497,12,3,0,0.75,15,13.08197917
resource_constrained,498,70,12,6,0.7631578947,20,156.9935625
intermediate_capacity,498,26,5,1,0.7777777778,57,24.10502083
high_capacity,498,10,2,1,0.7272727273,16,13.06720833
resource_constrained,499,116,54,2,0.5254237288,22,207.5997292
intermediate_capacity,499,35,15,2,0.5405405405,43,27.79154167
high_capacity,499,10,2,1,0.7272727273,16,13.06720833
