draw,cost_basic_segmentation,cost_least_privilege_segmentation,cost_patch_level_upgrade,cost_detection_improvement,cost_rapid_isolation,cost_periodic_backups,cost_protected_backups,cost_identity_controls,burden_basic_segmentation,burden_least_privilege_segmentation,burden_patch_level_upgrade,burden_detection_improvement,burden_rapid_isolation,burden_periodic_backups,burden_protected_backups,burden_identity_controls
0,3.059829172,3.103258376,2.605702151,3.710097989,5.684480523,0.8890593166,1.620462572,3.965007317,1.781975105,3.362241515,4.318368244,2.573932091,2.05034431,0.8104944671,1.934375824,2.856031603
1,3.753696097,4.81670104,2.177667551,2.851012911,6.51571943,0.7516065123,1.826154776,2.155895711,2.120662095,2.821699532,4.403855926,1.85842099,4.228277498,0.94972378,2.814240621,1.536136216
2,2.928002991,4.014345728,1.435794972,1.856790745,6.765048868,0.8643491713,1.520634666,5.727272437,2.843619433,5.650366499,3.792968211,1.602607152,4.308564779,1.16242445,2.723477561,3.289893819
3,4.413924347,6.524850416,1.983988265,1.918827933,5.000144756,0.9200033093,1.420091966,2.730316771,1.910202718,4.058743019,1.524020652,1.99228032,3.162230213,0.6162253677,2.110830582,3.449666171
4,3.727768678,4.966342705,1.781078033,3.702849421,2.591213125,0.5041992816,2.624988484,2.239778589,2.286949374,2.790240848,1.823586568,1.810103737,3.30153598,0.7777787565,2.867542927,3.020831313
5,4.368982484,6.346520913,1.167625567,3.910870836,5.977772766,0.889173443,1.284394155,5.774113372,1.839983572,5.800297742,2.693489798,2.06885683,2.619078839,0.5902072471,1.275224324,2.808870826
6,2.372105143,3.485130865,1.711617197,2.238366544,6.961360051,1.466574232,2.091821776,2.167262314,1.741428685,4.528160711,2.750623278,1.347968828,2.445471293,0.6477559751,1.738821962,4.490563929
7,2.138711898,4.305622273,2.818322247,4.219079342,7.013971968,0.507645419,1.980433145,3.582746018,2.560766143,3.696633579,3.394699964,1.700263766,2.203060437,0.8179298007,2.253272625,2.974496974
8,4.306806219,6.72833363,2.947216962,2.255322041,3.681220592,1.417591831,2.970918287,4.231192657,2.426680056,4.825569875,2.446337793,1.825057574,2.55715372,1.414159106,2.765496397,4.335675385
9,1.739828078,4.98715604,1.581563008,1.777161247,6.61600649,1.432373046,2.858967801,3.469850134,1.562859552,2.694876044,2.714474461,1.253931275,1.657496146,1.022264624,1.472971939,2.610447343
10,1.65126962,6.698538722,2.578292345,2.690924856,7.492504107,0.8404165127,1.498770799,3.773731676,2.701679079,4.511053243,4.426099319,2.834204959,2.074981973,0.9159601993,2.016141019,2.730662683
11,3.932236887,5.645698705,1.480678206,3.851286643,5.872447124,0.8048899577,2.089863991,5.794291463,1.313234949,4.930796739,3.350919963,1.082778839,1.652940206,0.8695444047,2.17255991,1.978678412
12,3.945021121,6.691909952,2.07547218,4.163527649,7.494188782,0.8228771458,2.038086405,4.75186077,2.091412917,3.139676782,3.211968204,2.473275851,3.708645101,0.588030055,1.940677109,4.488075137
13,4.004214009,4.00445095,1.713362581,2.778379701,3.025600746,0.7903661671,1.644374149,4.175714342,2.675192859,2.981062146,1.709344998,1.150129097,3.514732096,1.250643078,2.818134738,1.823574274
14,3.116606567,4.236455015,1.443019465,2.02746855,5.166238366,1.422891556,2.68235966,5.963091835,1.188850152,5.920394729,2.919011443,1.874886102,3.289281657,0.6829214138,2.433304059,4.277864017
15,2.223182924,6.534038815,2.496015811,3.018425467,3.388279259,1.43944464,2.78435067,5.746067662,2.919341215,5.210686829,3.852725231,2.298679401,4.07632838,1.358933475,2.769921339,1.552223746
16,2.125779636,2.773736843,1.620687063,2.999409608,3.014501306,1.150522886,2.055714269,5.370898463,1.224634387,4.29175533,4.048957668,2.642958172,2.459249391,0.7695777658,2.910121087,2.565724012
17,2.359128682,6.843957878,2.290942296,2.528810884,3.413545108,1.249588224,1.39564865,5.07213822,1.87867758,2.692924993,3.377929607,2.18371571,3.659714187,1.142198696,2.578882117,3.999536883
18,1.76025906,5.496593759,2.048398704,3.360157144,6.262319182,0.7425582548,1.666347094,4.165333352,1.225804915,2.330119113,2.407801662,2.20188057,2.255005129,1.243224612,1.740543402,2.061596907
19,4.489044881,5.19713425,2.406948087,3.141448067,6.963206049,0.9450877745,2.928267441,4.151451977,2.644536027,3.657455073,4.405369799,2.75587703,4.207329145,0.6273900576,1.22509075,2.119167032
20,2.877171516,4.141814137,1.111729654,3.780406951,3.117089038,0.7846535958,2.175605991,4.131696023,1.833909085,3.844029607,3.643607765,1.430838775,2.505277514,0.9355388078,1.794291676,1.960388325
21,4.11153854,6.578961245,1.548826618,3.824213508,7.001069616,0.7241250621,2.091601536,2.709535827,2.430416896,2.672919041,3.597235551,1.170301597,2.347825213,1.130010392,1.469646409,3.811120312
22,4.431610828,5.07251316,1.998184281,3.245331977,6.068100891,1.463294141,2.750030668,4.488125165,2.12636615,3.210575498,3.29802764,1.054145607,4.002107261,1.03472269,2.176356784,3.637360976
23,3.030426364,7.102459711,1.185541123,1.899105789,5.229765399,0.8387002125,2.739556969,2.4670571,2.284980387,3.250347935,3.602519045,2.082011774,3.315811883,0.8568016062,1.104016594,1.857276827
24,2.937487429,6.946774971,1.906061589,2.360515969,4.128675278,0.7559933882,2.039912457,3.336807947,2.512992941,3.376831679,1.821546945,1.367906518,1.769478923,0.9518700942,1.096950046,1.57349506
25,4.370984688,5.531680896,1.494375683,4.025650296,5.856009713,0.8924874195,2.670883519,5.093204066,2.057654177,5.049739807,3.063960341,1.651286357,2.641572973,1.337705869,1.656403562,4.451325217
26,2.446471904,6.00429656,2.681796057,2.763174651,4.333538606,0.7873089546,2.171599115,2.77201824,2.172725862,2.405894688,4.206644788,1.644063821,1.581253572,1.44743477,2.393189113,4.087009073
27,2.140502642,6.159038293,1.816667151,2.991992619,6.836372123,1.306207612,1.481801965,3.535929633,1.25259727,5.828551008,3.67130847,1.516254464,1.509111543,1.362083048,2.74525551,1.690818194
28,3.365851757,4.876716035,1.389067539,2.015400026,6.654890206,1.132774864,1.394205562,3.401312907,1.252807562,2.989610778,1.857418608,1.034682877,2.786462166,1.10302738,1.492490526,4.472589515
29,1.890400414,4.495054229,1.866713805,3.872859224,7.452861684,1.181010754,2.116218273,2.041674422,2.459834178,5.291615604,1.50433665,2.034804212,4.297889744,1.481730779,1.686791804,1.923172924
30,2.229904484,6.46285228,1.144820771,3.072617675,3.428201735,1.181508384,2.92975161,4.832048876,2.037782942,3.716585607,2.684494473,1.200054765,4.428918139,1.393629741,1.949580721,3.166015506
31,3.8046398,4.888377842,2.176637062,4.148600928,3.112227464,0.979889918,2.051243804,5.263179193,1.142887135,3.873718377,2.476974624,1.684844092,1.92620493,0.5850122602,2.533205302,2.043638172
32,4.022915965,4.535102485,2.639362208,4.012543332,6.750498979,0.6606534997,2.39914998,5.030741291,1.42645602,2.504885402,3.831263823,1.037733827,1.510628239,0.5460289931,1.952496782,2.780021806
33,3.124628249,4.897794964,1.737353266,3.243054062,4.430531173,1.192942763,1.495949222,2.61813421,1.534936196,4.896026563,3.920313425,2.093903954,2.485363042,1.359098121,2.304955375,2.938599496
34,3.204888929,5.985611455,2.569758347,2.544164642,7.331523373,0.7202031722,2.342914579,3.950812718,2.152326546,2.710488572,4.211325788,2.384431998,2.409382364,0.5095055036,1.16751947,3.008771998
35,3.900870138,7.001278608,2.495378659,3.418806955,3.067513424,1.012681911,2.142750852,3.065862206,1.12559042,3.675655352,4.4444954,2.726481852,2.787062008,1.143252208,1.215080114,4.452507464
36,1.515477236,4.221565536,2.610531412,1.891287315,6.639858973,0.7902552569,1.094856945,3.209740042,2.961426563,5.515296833,1.565283208,2.810200437,3.270017223,1.157950835,2.271130731,2.011447647
37,2.448811517,4.802128828,1.351411237,1.518338779,7.156849433,0.9329638027,2.113917925,5.099532491,1.562389204,2.902007654,3.906745236,1.239735549,1.828429059,1.233658165,1.9270288,2.200877324
38,3.849265417,3.95235989,2.314993893,3.66110986,2.554349604,0.9662615047,1.482594823,5.846485762,2.057426738,2.211784025,2.51703593,2.042819459,3.966908612,1.035418422,1.043108017,1.632081738
39,2.090463741,2.820309553,2.447535717,3.887096799,4.462390273,0.7812882276,2.296720521,3.782626219,1.302135148,5.608734151,2.340949124,1.347488771,1.972797835,0.7678494867,1.132783016,3.243519504
40,2.796835666,6.899596416,1.651564489,4.260445077,7.112719524,1.406948177,2.388418708,5.416339518,2.194630714,5.086646826,2.273386849,1.585443031,3.467540072,0.6227812262,1.459248688,1.74356103
41,3.206984448,4.405904822,1.274495284,4.184845733,3.110382346,0.7021368015,2.538482887,3.180737845,2.29747064,3.558373906,4.103003123,1.200782361,2.748941489,0.9062910589,2.926166991,3.638202561
42,4.270082998,4.772865614,2.768025452,2.601130506,7.131735884,0.9732889217,1.472667504,3.283283078,2.720468466,5.460249248,1.87551653,1.313825872,3.359764464,1.01060988,1.883957914,4.368651412
43,1.605212289,5.879131691,1.720622992,1.889169598,5.920313408,1.270865824,1.703973659,4.363904837,1.888181019,3.117060439,2.5344934,1.872810695,3.680738414,1.115973926,1.395276542,1.765738512
44,1.745387638,4.358885072,1.878085453,2.668070672,5.196048401,0.9766514028,1.748981843,2.315262605,1.978114044,3.49401209,3.561493517,1.235159411,1.993143347,1.435032934,1.993011386,4.374883846
45,2.607740809,5.209372304,1.264084112,2.966351168,3.039012108,1.018493297,1.861567725,2.778953718,1.380751106,2.42565949,2.584250496,2.954924337,1.615747009,0.6968157612,1.114669757,3.927604561
46,1.852418656,3.269492539,1.905943136,4.236545451,3.180139028,0.9768916871,2.60602609,4.631265923,1.175348352,5.743300181,3.066016395,1.755149698,2.395826808,1.038872406,1.551882359,2.938742454
47,2.185139795,4.406207512,2.97575663,3.504215899,4.771456879,1.135997086,2.978226571,2.428854607,1.95264445,2.506387393,3.478469401,1.157638412,4.137600116,1.429697068,2.659647304,2.708580082
48,2.79460872,5.821971359,1.882106503,1.801032515,3.496613645,1.322341978,2.703492332,5.331859478,2.428908051,4.389576564,1.74792445,2.263205228,1.580717723,0.8962396539,1.171794452,1.822921724
49,2.415525957,6.662188521,2.061786614,3.498430275,2.530179103,1.287914856,1.815311601,3.981863301,2.689508324,4.178161842,2.413387727,2.708302826,2.093821226,1.030122201,1.636980102,2.857412095
50,3.606104839,5.134875409,1.821672253,2.042714973,4.852859928,1.06422169,1.88544061,4.285706977,2.179926809,2.437946002,2.926902274,2.359344703,1.945804766,1.370162874,2.209940305,2.13467508
51,3.978476061,4.633795991,1.002685343,3.073824268,3.298095411,1.030537675,1.947719317,3.465087874,1.699102784,5.368892537,4.42490668,1.429490767,2.93874102,1.01552214,2.273487238,2.622564948
52,3.152274188,5.397609791,1.756841643,4.016541886,5.31629257,0.9367102669,2.344394263,4.579652416,1.533422032,5.020568701,2.982094645,2.851080307,4.041025742,1.024893058,1.249019753,1.724687409
53,1.573415236,3.070644982,2.05409766,3.047203757,3.244866852,1.383338312,2.053452307,3.471740207,2.885783444,4.598268559,2.452515298,1.918005025,2.351611569,0.7545689147,2.090583023,3.942764963
54,1.685376397,3.240639582,2.184995652,2.894317371,5.740157136,1.104854796,2.05866349,5.012289178,1.763328896,2.492696121,3.028552514,1.261089774,2.659019219,0.8972762434,2.550423739,3.130429112
55,1.793051484,3.177144967,2.566635442,4.265266226,7.130023463,0.8913060682,2.636018105,3.066355922,1.442436061,5.012189985,2.187790294,2.127862072,4.014712238,0.6571581726,1.891492223,4.231606145
56,2.744638719,3.337187831,1.742674594,2.177039347,3.293148747,0.8681584463,1.980608148,2.841202045,1.931161532,2.680767215,2.674853059,1.078773452,4.173928132,0.7496596292,1.121246186,2.307108706
57,1.552499485,7.384071135,2.001092925,2.31118935,2.553692973,1.335942527,1.388398503,5.505290774,2.030230153,4.795107037,1.723938726,1.364136263,2.99585206,0.5012702724,1.343598002,4.293076653
58,4.253887067,6.60713997,2.232584146,2.284297732,3.086706147,0.5452588871,1.243831735,2.661845692,1.832468098,4.350327558,2.465553254,2.20972173,4.098680572,1.151292344,1.348857046,3.108048551
59,3.647229201,6.480751934,2.623493431,1.630225371,6.9539827,0.9319095875,1.509030279,4.537576527,2.004536111,3.802096336,2.981710697,1.434914108,2.754183141,0.827964559,2.141631561,3.621133322
60,4.405703252,7.231421375,1.113930566,2.372670146,3.038223342,1.481485139,1.904149481,3.021673339,2.939397791,4.866532747,3.673033197,2.519149515,4.078246775,0.5098955767,2.638397585,4.094597812
61,2.785849998,3.653704036,1.435043688,1.734412497,6.717861146,1.23901199,2.053239889,2.29433891,1.59232248,2.747023721,1.53378147,1.179164075,2.1216106,1.477049031,2.601920821,2.28876926
62,1.866965989,5.829250912,1.025335294,3.43406734,5.829707412,1.003316744,1.267582507,4.209246951,1.967092688,4.360848003,3.87277153,1.070662431,1.633975221,1.078871612,2.109829031,4.236127569
63,4.397638201,5.178671063,2.057830789,2.336554059,5.910375104,0.684158368,2.263874318,3.720345069,2.045881276,5.673104463,4.441032973,2.622893297,2.222011392,0.6583952539,1.583106,4.260371846
64,3.083392198,6.228478343,2.672488305,3.873214504,4.575420139,1.268961127,2.6400626,5.339922989,1.232380815,2.053770295,3.488732574,2.208931839,3.774598193,0.5482879128,1.179314168,3.059183911
65,3.36947766,6.762993079,2.513067744,3.671359487,5.079718818,0.9386761029,2.821671143,4.218279727,2.136067898,5.357200986,1.979277543,2.281443717,2.939418259,0.5806304641,2.653515935,2.108814025
66,3.460465967,7.27573198,1.231958567,2.515843455,3.192514694,0.6040181117,1.152201479,2.967442839,1.90253679,3.170676649,4.315432495,1.387774051,4.055463838,1.370327463,1.807926926,2.233420034
67,2.265863527,7.368056023,2.503259336,1.680087079,6.22475141,0.504863277,2.17354547,2.345806161,2.75594391,3.949601704,3.891935359,2.352196696,3.309624897,0.8656159089,1.117233555,4.320955689
68,2.932725122,5.834674224,2.889768477,1.623484653,5.584663589,0.8173634302,1.605375213,5.707506677,1.135878066,5.139498746,4.097383544,1.542489188,2.622745836,0.839924264,1.50930034,1.509099677
69,2.784990965,5.358493938,2.848622936,3.709791383,6.76260622,0.5880492443,2.340219936,2.298980467,1.475904617,3.644162885,3.169206005,1.853992854,3.922217758,0.8539255545,1.03776786,3.598159611
70,1.641412391,3.272259963,1.4093049,3.887923336,7.192867113,0.514962505,1.196739252,2.453204096,2.410368339,3.91863233,2.874746608,2.890307023,3.70820111,1.260382669,1.41685944,2.068340525
71,3.011547482,4.797888836,1.742089227,2.389231018,3.797317199,1.014722087,2.084706952,2.883596039,1.958104613,5.09370126,2.514758785,1.396211599,2.1092084,0.9962959398,1.783154548,2.306440561
72,1.722740987,7.081533752,1.175890292,4.333118002,6.393822089,0.6458276446,1.750075926,4.113040539,2.423848616,3.7744918,2.542763827,2.449319511,3.854904034,1.045778388,2.024513807,2.926065723
73,2.761204827,4.749739534,1.054801799,1.599861612,4.91081682,1.393639414,2.535272194,2.858050264,2.234631365,4.041378618,1.675339598,1.765860799,4.253145749,0.6609210912,1.202559802,3.487753012
74,3.340702874,7.451769959,1.184074372,1.951299831,4.754871319,0.8299127455,1.187625092,5.762944241,2.05794245,4.102084435,4.248583798,1.066258186,3.514463937,1.194355809,1.97827806,1.865621406
75,3.201480171,7.196102514,1.799725742,2.55585798,6.031004638,0.5320863316,1.053020501,2.130177361,2.94332172,4.651255993,2.82257891,2.123059449,3.822450187,1.166295129,2.786075217,2.732620065
76,1.935712238,6.969676529,1.135510409,1.573760289,3.420947912,1.195109129,2.634273551,4.799862132,1.693393363,4.942410668,4.254565629,1.706116355,1.604791778,1.213975028,2.597665234,4.467900603
77,2.439975192,6.080631558,2.48008364,4.276479498,6.163177645,0.5518244398,1.836261033,5.532093747,2.972100484,5.402189729,1.747277358,2.337045227,3.001656692,1.302317485,2.102611688,4.408414561
78,2.560077394,4.964679324,1.805750517,2.503397764,5.897533916,1.097040936,2.570000755,2.859538485,1.707021391,4.711862432,4.080543249,2.122031154,3.426404676,0.5067468444,2.850655469,1.943925344
79,2.197098079,3.971943739,1.286113564,1.752780683,6.671637782,1.33542499,2.264214262,3.087384212,2.55891665,4.918773895,4.435124874,1.556087653,4.175941621,1.400207596,2.269428238,3.620301041
80,2.62069086,4.421173197,1.597998464,1.996377069,2.644561428,1.23399378,2.778080301,2.605130878,2.603785464,2.911028951,2.6870411,1.60234326,1.63587653,0.5873644348,2.857775072,2.268682989
81,2.992371094,3.492909963,1.106412952,4.110602845,6.265162461,1.375068709,2.325524158,2.391175754,2.677593148,3.336976009,4.147682415,2.016094949,1.566878422,1.027490177,2.254362405,3.491418611
82,3.722751923,6.139483173,2.112447443,4.212723338,3.469590303,0.8786985109,2.804783086,2.787945565,1.394433885,5.047468157,3.539578293,2.414520239,4.305559586,1.009947052,2.551906765,1.549593636
83,2.610988729,2.955752413,2.872155983,4.340462143,5.689653906,0.8870729859,2.407504357,5.206167514,2.271405041,4.743502517,3.173914696,2.604970839,3.312667054,0.9650255486,2.085070621,3.407652345
84,2.033292106,6.921715983,2.227351952,2.180152947,4.451128982,0.6337632235,1.632682009,5.847427844,1.004350206,4.943054411,2.341315379,1.037669736,2.671841522,0.8834272234,2.431359458,4.076002519
85,2.38349473,3.319374952,1.478500069,1.976386355,3.592704854,1.440299196,2.300179588,3.104036732,2.421792327,5.986517256,3.201146961,1.989163463,3.255721833,1.048140953,1.675400218,1.811724449
86,2.578606522,5.851561424,1.663976472,4.226976032,4.431256691,0.7520935926,2.724984357,2.654938664,2.614135843,5.193411277,4.040166494,2.204069012,3.849790062,0.7910896796,1.01568461,2.588392044
87,4.22019528,4.545638013,2.965481046,4.386850433,6.781260782,0.6697962816,1.481974998,4.147014119,1.542750361,5.177091115,3.634064265,1.004005006,3.682979639,1.389224099,2.428024129,3.415294896
88,2.392417468,3.199945932,2.414684505,2.382831852,3.548730548,0.559744149,1.48526641,2.199485753,2.052738091,5.140364411,3.556560194,1.775180801,4.164180628,0.5205960873,1.656729461,2.833388127
89,2.915669024,4.082421417,1.314566975,4.418109542,4.734451729,1.396200807,2.9780363,5.852228936,2.218990223,4.536033203,1.914189277,2.48216794,1.904934891,1.032683204,1.498371549,1.506782578
90,3.267055279,5.833916935,1.367929921,3.962171936,6.298324279,0.5625422583,1.041010594,5.095111614,2.558665957,4.591533306,4.297985715,1.302577419,2.707501518,0.6780359096,2.574650112,3.992862149
91,2.061875927,4.489288986,2.955278583,3.178324719,4.455511612,0.5961454616,1.735448301,3.902158851,2.822609487,3.347916841,3.144568386,1.460887045,4.2933015,0.8745122971,2.412168331,2.999834741
92,3.202350137,5.125763646,1.828716701,4.081709965,5.322188591,0.7402775738,1.508685426,5.942685011,1.913407149,2.611845506,2.991945815,1.407160469,4.425064524,0.7814952724,2.609575155,3.374831122
93,2.51239714,4.589740612,1.990532189,2.039037889,3.712824812,1.26113195,1.874834166,4.092177362,1.107764727,5.892854667,1.855376519,2.919836585,4.482217486,1.121742397,1.703819005,2.005429948
94,1.914159861,4.682093455,2.960948284,2.18984993,5.271453564,1.420491983,2.315680031,2.793361117,1.746443537,3.466705063,2.503654313,2.050746917,4.458953942,0.9625561047,2.765779878,2.501751757
95,2.098142722,5.841258058,1.96796814,2.635913623,2.696052674,0.8026826136,2.855146272,4.988563378,2.491046802,4.145169536,4.051650469,2.860145816,2.01435811,0.9740845418,2.532726445,1.805760734
96,2.36103636,6.849802886,1.918490824,4.354960385,3.907098146,1.286336287,2.762718854,2.432433862,2.760701977,5.440335118,2.284294179,2.672794518,4.279877356,0.819017173,2.983908293,3.24172817
97,2.297357808,4.88707917,1.085475591,1.694594328,4.42633638,1.145238146,2.230335296,4.412226431,1.584786143,5.129440895,2.00821931,1.429802155,2.615117732,0.5614045151,1.657721027,3.640008478
98,2.319100516,3.749611728,2.795357814,2.818569904,3.90046979,0.6139607891,1.351448897,5.975740814,1.192836478,5.306220882,4.211044277,2.619960989,2.354930183,0.580038685,2.17215161,2.293095451
99,3.645920755,4.337500651,1.275050013,3.800112572,3.271607137,1.483135361,2.276612833,4.798325877,1.390769421,5.973540069,3.003629986,2.398172322,4.091234544,0.9227678679,1.262860507,2.421905519
100,2.446267187,4.498308504,2.742833643,1.999997468,4.244127302,0.9759765286,2.223423836,2.65215909,2.934266079,3.48115258,3.749037163,1.107472672,2.087863267,1.106278955,2.077517708,4.156213526
101,3.336921388,4.677293976,1.945303966,4.302879428,2.562559352,0.6832408611,1.538830593,4.023625135,2.39819921,3.465379781,3.154742289,1.266912334,2.640458062,0.7331218829,2.874406722,2.994954926
102,2.079552178,6.908329804,1.469052014,3.136546153,5.485751556,0.9655711922,1.871584545,3.008666751,1.758027272,2.935957595,3.644237495,2.724924627,1.954665794,1.03931828,2.630881925,4.241569806
103,1.655781281,2.962641706,2.479392701,3.517632781,3.164780073,0.8984371206,2.422227173,4.185549417,2.791901456,4.862971012,2.437852884,2.568902773,1.692263987,1.449504582,1.989524972,2.933098091
104,4.380109843,6.249386614,1.608634636,3.274254025,4.604575148,0.629333209,2.432705363,4.389501312,1.85992586,4.496307464,2.26697518,2.047343431,3.501515591,1.017886129,1.482009942,2.423003634
105,2.588244215,3.857129932,1.404365552,3.815979411,3.401205132,1.015958323,2.733854938,5.616721368,1.337000717,5.740621481,2.325921218,2.174668907,3.852969962,0.7258877,2.420690509,2.015440571
106,2.406337973,5.570469831,1.833556523,3.453867955,6.728428162,0.6153603566,2.942519195,5.470514386,1.962377209,3.195771932,4.271496694,1.962408387,2.545795085,1.387301818,2.05451184,3.911911673
107,1.619967015,4.297736013,1.312198009,2.80807727,7.160682447,0.6641460878,1.88692734,4.644167467,1.448052488,3.83886402,2.90143852,1.70709281,2.934054267,0.58463371,2.044210399,2.25379591
108,2.599822691,5.650921246,1.765555974,1.804642327,7.324795577,1.073158237,1.559598884,2.011191459,2.899865266,4.379355484,4.290577506,2.836420041,2.779087481,0.832785919,2.630859221,1.846055099
109,3.4100116,6.062014174,2.776576167,2.158457164,7.217547259,0.5593642639,1.357744447,2.738346445,1.893507832,3.949371467,2.27939169,1.531384587,3.379159522,1.063934861,2.775871899,2.172566763
110,3.388063003,4.652788206,2.870867811,2.008715386,4.785930905,0.717405104,2.701391029,2.184098623,2.040219672,5.261154662,1.872483329,2.630354368,3.585227961,1.135256937,1.722564401,2.869370448
111,1.684608929,6.721390983,1.216035553,3.481747616,2.662661558,0.6813079641,1.592664666,2.99095759,2.537817543,4.95518917,1.538536256,2.802770117,2.322984627,1.336717544,1.364768917,1.537715673
112,2.068219331,5.557154443,1.827076634,1.558089061,4.068067874,1.010298725,2.184076177,3.540981055,2.478531654,3.303108061,2.769754838,2.215481852,2.259280224,0.5948180659,2.273932841,3.447985629
113,3.895353012,5.027610805,1.199767932,3.981693817,2.981741869,1.175936977,1.819185779,2.654825485,2.56774854,4.020484183,4.366487838,2.259701312,2.030716142,1.431502977,1.828608434,2.606593021
114,1.795349856,7.437878035,2.265665197,2.723623356,7.383201699,1.352295957,2.824796337,3.95660407,1.593049101,4.718205486,4.2380427,2.719181264,4.199003312,0.788616308,2.271733933,3.827118653
115,1.743551345,6.160799487,2.863331119,4.412651647,6.034930294,1.290904274,2.662365967,3.869887831,1.739950577,4.465401551,3.097862976,1.493049048,1.588426401,1.176308473,1.383288732,1.696153183
116,2.168773122,6.056609785,1.289024574,2.090754434,5.415433563,1.003885866,1.565735613,5.768953844,1.843735462,3.423888372,3.37095354,2.114594957,2.129441889,1.193898246,1.535747771,4.413598063
117,3.245019761,6.779491535,2.710219198,2.217233589,7.456762343,1.21491741,2.51535776,2.249588501,1.682598829,3.501055586,3.398712615,1.278337725,2.748823108,0.6472296263,1.589356346,3.564542504
118,4.064061846,4.099276137,1.93118826,4.145104848,5.869410864,0.5557198687,1.116491564,2.914561582,1.743241666,2.671466777,3.650932854,1.854214428,2.473396855,0.9796423492,2.434187171,3.262828925
119,4.14643194,7.005206153,1.054337716,1.799923328,2.669020004,0.9350038297,2.453393506,3.530861121,2.996508791,3.525598032,3.849789659,2.008905001,2.125414485,0.5746315819,2.523245503,3.117558516
120,2.100876971,6.754912089,1.806165164,3.816835281,3.286937705,1.128606732,2.703276591,4.644088843,1.363707225,3.172591122,2.21569597,1.587461639,4.141054862,1.015343653,2.31760306,4.323743679
121,2.292541503,4.581774574,1.200964224,2.732637702,2.857252377,1.448816876,2.90947749,4.651704447,1.900579652,4.980531009,3.332970186,1.643191783,1.73448179,0.5204454789,1.281796409,3.00210654
122,2.639572622,6.938122876,2.18297433,4.422054293,5.326949381,1.49966071,2.897677461,2.703025391,1.029660114,2.163611276,2.828098162,1.168314194,4.317115815,1.355902776,2.998443745,3.994301223
123,2.354500154,7.31797742,2.424141341,2.414237579,4.937399407,0.9710664437,1.289038112,3.299418816,1.504147587,2.616297538,4.139323356,1.504021717,3.682427693,1.092319454,2.233838781,2.890612322
124,1.902410528,6.096050198,1.061678572,3.650056649,3.091025196,0.8542611689,1.636847356,5.517157292,2.276100925,5.708581835,2.26727069,2.804043125,1.971664623,1.150255858,1.952414378,3.453760792
125,2.429520403,7.02373793,1.153739954,4.157948258,3.164356221,1.401547178,2.022192896,5.854200543,1.975661828,5.539318862,3.637399135,2.525961924,2.983727699,0.6588395141,1.253477625,2.664693504
126,1.93851171,7.175123894,1.120259231,1.615460937,5.340474709,1.304076378,1.575682497,3.733121887,1.064667038,4.856872422,4.474837026,1.037272526,3.953774301,1.098793892,2.682439398,3.700755025
127,1.81879552,6.715547722,1.912851311,1.932346061,7.35369475,1.251447134,1.922058192,4.046786627,2.474184678,4.693896547,2.741052775,2.433270351,2.073467011,1.053850884,2.29997991,3.123268479
128,3.59016404,3.890246187,2.75951317,3.762886207,6.415829844,1.467393553,1.521105477,4.648775181,1.358243444,2.013437307,1.968950215,1.787808827,2.607051263,0.5709237432,2.677737794,1.662199834
129,1.918957686,4.774374737,2.690299521,3.761475242,4.930848034,0.8603055061,1.340078964,2.402131031,2.280526566,3.386350048,1.566549859,1.264330021,3.171848503,1.362357028,2.778757195,1.626127068
130,3.018452152,4.158563723,2.164119814,3.381352912,6.587598623,0.5827509599,2.462418207,4.62806751,1.282833384,2.982127603,2.81875849,2.992388594,2.974221036,1.468166482,1.642484652,3.3992603
131,1.625124893,2.760229334,2.409840438,2.124638864,5.55880169,1.372653786,2.700993758,2.095199265,2.980853205,3.226415928,2.923568854,2.448275041,4.231665116,1.219614922,2.872055844,4.366982211
132,2.263175679,5.516865768,1.898598464,2.225409755,5.541610503,1.010503206,1.700032135,2.133058267,2.885693639,5.940789161,2.082115138,1.562323362,4.224573956,1.224873525,1.295711974,2.73151154
133,3.795662519,4.585073691,2.116708363,3.273558287,4.685227251,0.8140454392,1.746861467,2.559055658,2.355845094,3.412025815,3.794772652,2.245142781,2.558382021,0.5051517355,2.992952664,2.512398874
134,3.112186545,6.973477712,2.721375267,4.330118896,5.388759177,1.329233809,2.421252634,2.85282502,2.452833666,3.509540156,3.062401072,1.996134528,3.086013551,1.200455943,2.683898934,2.165459923
135,3.977249526,5.837560904,2.040796793,3.315886449,3.226116226,0.5536973753,1.760962,5.290291162,1.622562429,4.901713283,3.190703265,2.694105393,4.448412565,0.5242564883,2.850436192,2.401461745
136,2.887843526,4.274330743,2.206695535,2.439208363,4.21928588,0.6778763715,1.668670745,5.086948163,1.430997374,4.015354236,2.951947103,2.089426977,2.032495695,0.598362565,1.981942432,3.201987994
137,2.985837689,3.343599736,1.493232365,2.42649883,7.016237617,0.9603590988,1.693140124,2.837982245,1.135964079,5.011781408,2.849739862,1.342788579,2.381378259,1.371911485,2.891161186,4.190945541
138,2.354725373,6.62226679,2.377058314,3.807399776,2.965437822,0.8616813047,1.307842841,2.828421976,1.705800835,2.230757097,3.118378653,1.301112649,1.908434226,0.8778420732,2.877099949,3.290334086
139,1.785197691,4.166803875,1.852655113,2.914698648,7.311169965,1.267609071,2.521199648,4.756858197,1.634605304,5.548648372,3.299431825,2.667908923,3.250954441,0.5556462221,1.355610915,4.240916819
140,2.764511459,4.442385284,1.068569311,3.969324049,4.241135788,0.764513303,2.843927101,4.180928465,1.599229399,4.357105242,1.713050309,1.067562119,4.457864072,0.5202383729,1.963685855,3.256252772
141,1.640298848,5.383198615,2.426021904,4.485225437,3.933264778,1.173253722,1.314568017,5.189310912,1.126542327,4.287736339,2.093744153,1.930655507,3.089087151,0.9234765477,2.568442616,4.083085272
142,3.846797718,4.365119607,2.458697417,4.274073412,7.247042132,1.490117878,2.76947528,2.122375203,2.506227263,5.309320013,2.024519748,2.941546454,2.688822285,0.9024282006,2.981957097,4.05443929
143,4.067389491,5.297142627,2.352575542,2.330679677,4.51859008,1.152803784,1.225575509,5.654179239,1.457027865,5.708465633,1.885654928,2.051387389,1.993019029,0.7709984913,1.212055179,4.098282992
144,1.57796922,5.094813074,1.174811369,3.482237052,4.361317783,0.9296262309,1.184417656,5.229118184,1.633881813,2.210853145,3.291426985,2.00604513,1.829877254,1.02462284,1.497281574,2.147489153
145,2.778737755,4.824558947,2.93844154,2.221265087,7.209201758,0.5521761392,2.353217749,2.577979309,2.622696974,5.553667586,3.724012649,1.529912554,1.866056249,1.093808716,1.953072063,4.368707198
146,2.698803242,7.271771257,2.723028998,3.407480059,6.706303474,0.8419673229,1.625957271,5.359748728,1.524874027,3.771812792,4.250286849,2.387825015,2.926715795,0.8003529214,1.231302597,2.980765217
147,2.492178227,6.853729888,2.812509148,2.943602572,5.351161212,0.5875434098,2.900768016,5.298806119,1.472435773,4.822463046,2.178637335,1.877907682,2.688309992,1.050821286,2.419993819,2.716535542
148,1.747598148,3.29968805,2.717633743,2.308233487,3.010884035,1.148518297,2.943089153,5.162355803,2.959954724,3.600031491,4.167742466,1.740563906,4.430603159,0.9602261967,1.136524066,3.316069904
149,4.459156621,4.745402003,2.892509168,2.453795892,2.76746164,1.489966948,2.342990286,2.78782083,1.838232207,2.618604481,4.229888669,2.886835401,2.841713351,0.6215835958,2.301607819,1.75633237
150,1.568617849,7.470985804,1.534025813,1.543109366,7.17013235,0.5222328155,2.463373946,2.158440203,2.089338408,3.068246254,4.20653048,2.580788108,2.37573583,1.116497606,1.602358542,2.130611484
151,4.280952014,5.972610032,2.708105726,1.993563651,4.508976218,0.7092931202,2.592993597,5.667390797,1.983871023,3.335024599,4.356902098,1.927638099,2.759625883,1.321444121,1.54839494,3.630718582
152,2.400133458,3.607273651,1.193361944,4.25502867,3.959088829,1.109702098,1.373240078,4.422480894,1.142925135,4.981660772,4.009014132,1.398840626,3.522091809,1.471487411,2.876956722,3.545447979
153,2.090857549,3.826759711,1.919110878,2.517778757,5.025232782,0.5118009385,2.325336015,3.102028655,1.542183343,3.311688256,2.862316513,2.162642502,2.51526647,0.8890186747,1.834569353,2.019260222
154,1.977823932,2.752162744,2.993512164,4.225897487,4.994876863,0.7737236809,2.577388068,3.740447056,2.495304276,4.760765384,4.136449738,1.792504422,3.807337979,0.6938674564,1.822950019,2.763173848
155,1.913207886,3.931328897,2.410633709,2.945582639,6.414019969,1.208012228,1.814184657,3.685580905,1.441766009,4.486188952,3.339978662,1.999681103,1.750033953,0.5772473982,1.809702668,3.135613235
156,2.066778578,5.471208109,2.200604721,3.948110536,3.618208311,1.322235319,2.03416511,5.045428791,1.54293013,3.456851852,3.958510306,1.46750567,2.355186239,1.42079471,2.049416067,3.302699919
157,4.428963583,7.008219544,1.600427193,3.657978829,6.187983175,0.8630938104,1.350507515,2.183932835,2.823566195,5.412319632,4.472405444,1.640742742,3.103551107,1.418697489,2.965343645,3.933329869
158,3.031560708,3.859594631,2.393214226,1.954637662,7.152589008,1.123764669,2.727273633,4.438126103,2.268960486,5.314107171,4.229657379,2.326841397,3.658465652,1.109870126,1.147695845,2.706598435
159,2.733086183,3.44095411,2.894559941,1.609744242,3.220210598,1.03208999,1.373571346,4.951524725,1.524875715,4.255860392,3.736414785,2.439378204,3.820868648,1.02594023,1.934097604,3.190697207
160,2.621933507,2.765633554,2.613463432,3.449633366,3.886487965,1.118844905,2.378567199,2.2770419,2.850748522,5.717114702,3.102976798,1.556532083,2.818922385,0.8439266883,1.498733781,2.93137307
161,4.447473201,5.820451941,2.085662352,1.524513417,3.893001615,1.012533442,1.100620399,3.638236095,2.877420769,4.629547465,1.985487751,1.67697007,2.134048371,0.5293281701,1.423886445,3.261493657
162,1.767383699,5.504709563,1.723485053,4.017944469,5.281235703,1.00783014,1.112631931,5.524928147,2.129747105,3.400662381,3.421990184,2.399050187,3.012396764,0.976348863,2.226349314,1.505687064
163,3.969090742,6.595685746,1.463588458,2.13557721,7.375412546,0.7405935965,2.351947251,2.65629732,1.663189725,5.334917506,4.293834713,1.918095944,2.44212833,0.7002508391,2.225255724,2.502295011
164,3.698264274,6.992632719,2.404297998,2.514673678,7.307457647,1.418123964,2.934648159,4.049726548,1.755353722,2.28434812,4.258873207,1.586357871,1.877319854,0.861960104,1.450105229,3.509866751
165,2.947458591,5.168333006,2.290461247,2.547460297,4.058180821,0.6410087412,2.951093476,2.160960533,2.917946082,3.200013813,2.832450444,1.723650031,2.547898244,1.111679975,2.740190131,3.736445767
166,3.106913917,3.38599015,2.74255329,3.470552971,6.546262062,1.101944158,1.559950419,5.229404178,2.373608534,3.391585221,3.394328626,2.650378881,4.186935432,1.254552243,2.576221329,2.488031815
167,4.263165241,6.629237652,1.842685577,2.40586088,5.142118398,1.198302133,2.510350011,3.727119163,1.460848381,3.602680865,2.166276875,1.249799243,2.240061495,0.9183364776,1.160322236,3.256198607
168,2.081290785,5.755920588,1.639284949,4.277080658,6.124759764,1.37904155,2.568733155,3.147883165,2.465880679,3.02503135,3.211345906,1.523861586,3.588208406,0.5533461035,1.120806522,2.824751462
169,3.12842903,7.454244408,2.381066786,2.457403525,7.170112207,0.5860586187,2.950614885,4.222611466,1.817229375,5.155305072,3.649108258,2.199354232,4.302227659,1.06899853,1.623725312,1.977284248
170,2.112441471,6.760881214,1.136829269,2.422488184,3.103216748,0.6575305246,1.026516014,5.042269304,2.553779633,3.776345138,2.260957366,1.159396506,2.652205599,1.438365344,2.374546446,3.050532676
171,4.455576927,6.079427361,1.564809347,3.545590104,7.453663264,1.07739136,2.950145432,5.846103907,1.700607043,2.896011294,2.756019021,2.199976707,4.103573854,0.5685545018,1.17608491,3.943285582
172,2.224381742,7.386526254,1.086732502,2.890628693,5.462561156,1.207828942,1.623781682,3.592217321,2.842121698,3.321622481,2.04896193,2.444031339,4.137717836,1.146278025,1.502837935,2.131519998
173,2.383499985,4.27125509,1.669735426,3.881463903,3.37084394,0.9615222879,1.919993871,2.971156971,1.341636489,4.152157727,4.476597044,2.27981569,3.07010716,1.13376088,1.621605141,3.295206554
174,1.56315146,2.774241359,1.243228027,1.681619189,4.319072203,1.10107165,1.605982052,3.675045106,1.32353067,2.096089836,2.127022324,1.578818619,4.237312988,1.27433531,2.129050137,2.851572101
175,3.434492663,4.182711795,1.668706587,4.09593425,7.228724793,1.151437044,1.800182904,2.91034562,1.445801957,4.110833628,1.753203198,1.709063664,2.330943761,1.237722144,1.939280781,1.930334727
176,2.752668645,6.106945986,2.593811314,2.82687831,5.255501946,0.93784095,1.716309431,5.387247474,1.652325518,2.228009748,2.281744692,1.570881048,3.512235357,1.39112195,2.790640601,1.977570486
177,2.153070146,4.680474617,1.929880951,2.686289715,4.034941605,0.8090790583,2.608466994,2.53863788,2.848779883,4.235041691,2.039359764,2.523235363,1.960642816,1.121925368,2.045174586,1.925499445
178,3.671148597,4.884325501,2.233403634,2.046917276,5.389488834,0.7854777157,2.139133191,5.009177926,2.773921678,5.765745375,1.82024263,2.71130751,4.374379888,0.8557956453,2.82719151,1.764772405
179,2.50461003,4.473412049,1.588187596,3.624754529,2.970098437,0.9708618641,2.937559897,3.557807056,2.517672735,5.720818763,2.099737853,2.052241601,3.017725614,0.6996450561,1.435198152,1.833431572
180,3.136588142,5.185018117,2.817429118,3.718395147,5.80564565,0.5455705663,1.471629702,2.725695847,1.205598836,2.704284973,4.443402716,2.588702357,2.695383651,0.6149312973,1.469205702,1.838165176
181,3.043222834,5.061262572,2.158209553,3.333780796,3.54726133,0.6569269366,1.115286214,2.265414678,1.27803383,2.733764655,2.036872299,1.645365271,4.084561496,1.01648085,2.214738273,2.749027544
182,4.200732336,4.630583213,2.439640501,3.801776171,2.519975889,0.6199076227,2.557873808,4.310425422,2.575470824,4.339814809,3.652013598,2.109785332,3.418109486,0.9749813959,2.131861755,2.687497869
183,3.192508259,5.222907476,2.628270802,2.98813418,4.022122349,1.121715832,2.280227279,2.936474481,1.862341789,5.173752774,3.8334927,1.620249289,4.1884481,1.200284765,1.594999751,4.391079355
184,3.185051656,3.780399289,1.906052394,2.251217824,5.877005758,0.5616843162,2.046971756,5.920018052,1.962228639,3.79661369,3.479323491,2.573224835,3.226140885,0.9287972493,2.699358094,2.343683351
185,3.976528423,5.411489521,1.073353961,3.387939657,4.983067568,0.9821061382,2.573333389,4.133943323,1.803537964,2.167893703,2.151137696,1.64124027,3.440616498,1.368343557,1.815096541,4.052468462
186,2.898221153,5.042280277,1.537043265,2.371403276,5.12538557,0.7893861156,1.751398002,4.170007302,1.447630934,3.572629403,2.589392007,1.247420521,2.43427306,0.7098951888,2.310037627,4.42020504
187,1.61618415,6.639210844,1.274395106,3.041843525,7.363787038,0.6240174113,2.893767614,5.772965955,2.800565325,4.555814539,3.173256183,1.783626539,3.977398051,1.408460943,2.167068344,3.2827449
188,1.669483931,3.214467271,1.358647738,4.335829377,6.349451987,0.631470554,2.805526263,2.027988205,1.940406681,3.678791869,3.697764663,2.365391367,2.593211224,0.8212292108,2.734145422,3.235802414
189,4.309706399,4.43312059,2.505971973,1.997178999,6.614971683,0.646569459,2.242511664,2.589717943,2.622938018,4.39827941,2.635553938,2.311529455,3.908611228,1.380601318,1.940630865,2.556725763
190,2.28937247,7.417327328,1.294415388,3.661271453,6.985504483,1.426189571,2.468564293,5.793956016,1.289107509,3.313016993,4.341106447,1.817964548,4.246451386,1.133688248,2.512869612,2.029718318
191,1.518901486,7.102028563,1.536313416,3.579595468,5.27089723,1.478829421,2.463496472,2.435460584,2.510335531,4.260816359,4.478178427,2.760634304,1.62973145,0.8358307319,2.332590098,2.805915483
192,4.445504172,7.458662591,2.719117976,4.301954455,3.019076757,1.335807579,1.935695451,4.14549536,1.726428457,3.14753321,2.127732984,1.206572375,1.954033201,1.185571279,2.798737126,3.615965469
193,1.879439835,5.488182142,1.299247339,2.030800596,4.399883979,0.6660538239,2.869104603,2.213432765,2.773952076,3.006239312,4.371344517,1.544961709,2.922997855,0.8164720038,2.615504259,2.454611859
194,2.630551484,3.070243475,2.538166186,2.389143178,5.58407653,0.7730749069,1.576360935,2.904802964,2.078315474,4.516051693,2.433533422,1.948059596,4.443342521,0.6089881647,2.7726328,2.671820256
195,3.356225396,5.328158737,1.507511333,4.160315644,3.895319554,0.8562154362,2.306598855,2.875586163,1.374629983,3.213317857,2.738892482,1.153398726,4.15474073,1.152458138,2.392623786,3.0642955
196,3.073344318,4.003926857,1.025420686,2.912852492,4.963444645,0.8623874193,2.476119039,5.297561391,1.104382229,4.655542385,3.197320835,2.508850899,2.074012893,0.5744770134,1.427772578,4.251943216
197,1.767272429,4.729179217,2.6974585,3.2633525,7.009216723,1.479766063,2.700841376,2.103909724,2.00965436,3.488792911,3.331011666,1.595319874,4.057419679,1.29201207,1.532533803,3.543838504
198,2.692985115,7.082180508,2.53318271,2.720963825,7.474738092,0.8326895305,1.014222362,5.706994009,2.350394075,2.822149673,1.752541587,1.898023812,3.927061265,0.5470003978,2.506916351,2.676054402
199,3.290523502,7.405164418,2.334798839,3.015940408,5.160609642,0.925131628,1.973994559,4.93308677,1.326582469,2.187354277,2.373598663,2.206485196,2.869650268,1.111259328,2.510185008,2.190383137
200,3.773601069,6.721161327,2.29323235,4.212782757,5.32918905,0.629234112,2.937267391,5.665613814,1.542544362,3.665685803,4.428217498,1.172984008,2.28700809,0.9348984446,2.053973563,3.953731472
201,1.544060197,5.330652511,2.920489432,2.126325343,4.446921269,1.224431258,1.297499114,3.472105864,1.564701264,5.042036389,3.420669869,2.318977383,1.830755917,1.453236928,2.470089903,2.762891132
202,3.916026561,4.463782356,1.42836626,4.301687991,3.522583485,0.5313032798,2.776824915,3.770047662,1.686820145,5.120871336,2.980802331,2.763005326,1.854846273,0.77384847,1.066569653,3.336880316
203,3.460871839,3.831415571,1.457667354,2.273795385,6.184337884,0.7702890752,2.562483386,2.01002518,1.824390266,4.555745734,3.073924339,2.342287766,2.215230235,1.239306124,1.972566159,2.441785476
204,1.760290431,6.651761266,2.092751518,2.218488291,6.770851915,1.049577312,1.285907681,5.310330683,2.562080905,3.167556176,4.318305188,1.166374873,2.754782793,1.092620478,2.060583374,3.934168818
205,3.381593382,6.866056949,2.097294377,1.598553594,4.867390495,0.7049493209,1.16964368,5.728175695,1.386000214,5.37322377,4.35058502,2.209848094,2.111481187,0.5906013928,1.796152139,2.20791864
206,2.470430863,5.846103873,2.27992423,3.92852289,3.618811348,0.9029212111,1.397061738,4.156544061,1.393574749,3.810130429,3.869206768,1.883809611,4.181697321,1.187122216,1.567579922,2.094797587
207,3.750933046,6.299433464,2.156049098,4.414837659,3.821755012,0.6677239029,2.252837295,3.822777759,2.207064648,5.956044577,3.559519702,2.756467878,2.441839825,0.613893509,1.685816582,3.627190946
208,3.322982055,4.177072516,2.663248065,3.261131385,7.137488388,0.5547501206,1.778785388,5.76154344,2.570003371,3.48482061,3.997329486,2.960117038,1.543287418,0.6613665445,1.790720339,4.416300124
209,1.538211486,6.887130203,2.341211396,3.139757951,6.888360422,1.217421702,2.142117903,4.713157649,1.368132139,2.448165281,3.237668625,1.645160979,4.069543327,0.9636547135,1.105012208,3.193732307
210,1.842043648,5.637301799,1.258686357,4.206226683,3.76522935,1.394454364,2.012967122,3.306067058,1.379837302,2.79758617,4.116797962,1.927282374,4.355755677,1.380008308,2.678594155,4.07405342
211,3.207755306,5.464664184,2.224848929,4.223533386,6.386396752,1.484213486,2.460144503,5.382338255,1.670162776,4.973700577,2.475705839,1.876880865,4.034308021,1.081194305,1.33532751,3.032580202
212,4.395067854,7.202213725,2.595430006,1.774663201,4.233523564,1.09599317,2.04355954,3.310659934,1.805484863,5.792996407,4.495860151,2.763481243,3.711744432,0.5723160814,1.021335314,4.078483625
213,2.466034669,5.920745978,2.892444357,3.845932056,3.08230669,1.454885341,1.854163878,4.81622291,1.801644859,3.789839229,1.587804284,2.790442009,2.759257734,0.9867983084,2.72506574,3.202058399
214,1.952963019,5.866382108,2.154580561,2.307609777,6.834410726,0.7878789929,1.439267812,5.06499189,1.741652657,5.906498012,1.991507027,2.637250063,1.921795971,1.354946785,2.396025287,4.004335957
215,3.557937942,5.229986855,2.153218502,2.978917587,5.529416375,0.6686156531,2.00108497,4.192321998,1.509559225,2.88164402,2.008805872,1.731440808,4.171751953,1.062604945,2.236610475,3.74252159
216,2.882384015,7.254344039,2.424966094,3.632067587,4.417397281,1.30301355,2.765533519,5.894123134,2.233681202,5.762802074,3.580215015,1.811689705,1.934162474,0.6115762119,1.555920986,3.661966192
217,2.987067177,4.837598075,2.295065546,3.951985595,3.34451647,0.6447776992,2.165312675,3.103065328,1.723798924,4.595496532,2.447824921,1.133422018,2.678970396,0.6136688551,2.620145214,4.487075724
218,1.504601042,3.456169579,1.033334927,2.914533872,3.874624904,1.048472742,1.615335673,5.408186421,2.349037232,5.98101013,1.762479671,1.753852797,2.283153784,1.486870649,1.53105313,1.526003954
219,2.504768916,3.963938233,1.447750043,3.066408475,4.55605782,0.5788408708,1.626688391,2.697203135,1.821196453,4.952954089,2.397341213,1.696102467,3.846173024,1.403392264,2.86447621,3.573616346
220,4.180723904,5.821246263,2.482778442,4.396025748,3.643442469,0.9803061079,2.085292587,3.640384077,2.328809077,5.208924139,2.391391696,1.659412607,1.969306259,1.183235999,1.83647341,3.138889797
221,3.127628577,6.928890425,1.168810568,2.427271694,6.485236844,1.3096128,2.806831666,3.284180524,2.986898382,4.453604806,2.346446189,2.999396862,1.824588283,0.8548142506,2.092583642,3.317007508
222,2.312908163,4.537952629,1.235064477,3.216410899,5.204891472,1.209811848,2.279036061,5.259482198,1.418503418,4.354463718,2.659332635,1.95735199,3.139695912,0.573772044,1.842943276,2.599833627
223,2.519036674,5.380801803,1.68019314,2.629967303,6.260662487,1.159845749,2.765477901,3.245302264,1.775500897,4.48818655,2.975208022,2.482406838,2.294723895,1.26692296,2.794797757,2.122824894
224,2.546286591,3.823989066,1.039797335,2.318417728,3.436594294,0.919467298,1.967277259,3.886397064,1.107806703,2.94423018,3.207205755,2.742208489,2.972367175,1.403130182,1.427789535,4.028491371
225,4.238975572,6.987883135,2.7587621,1.824566449,5.650052104,0.8405266844,1.36969522,3.42590377,1.283523404,5.219973584,3.32048003,1.604145383,1.85710324,0.5909501799,1.053808092,2.000531437
226,2.900756936,5.411127168,2.015904078,3.189049658,6.721566357,0.890685758,1.46094049,5.558705764,1.920207137,5.068294141,3.579325024,2.099607891,2.581095794,0.9194212636,2.607900522,1.626000576
227,2.655497856,2.93206192,1.62951466,1.658580155,4.778055617,1.273574747,2.746716529,5.239792231,1.002597823,4.385092942,3.137436853,2.845696671,3.211387376,1.329396024,2.550028026,3.789556762
228,4.153418319,6.059376256,2.702151687,3.486117144,5.449581484,0.7672649625,1.045811571,3.159378271,2.931508166,3.097881038,2.33067744,1.904166932,1.539008562,0.910985341,1.73485085,1.965698116
229,4.074425903,7.299624893,2.39315434,1.609819277,4.242843157,0.5530819295,1.554985763,4.362262966,2.200387324,3.50646158,3.416925521,1.692221721,3.910894117,1.340874908,2.962921412,4.13247267
230,4.499298002,6.824089255,1.2554195,2.08481926,7.445097857,0.837834353,1.944758971,5.07159227,1.332603444,5.885832284,1.892790554,1.176888568,2.556714574,1.022924711,1.906281172,2.822255039
231,2.595988736,6.275977536,1.984864093,2.319571376,3.877319085,0.7496952673,1.140169051,5.030381986,2.349833631,3.272728394,2.71459592,1.394848622,2.585526009,0.8673432729,2.719386516,1.706752446
232,3.116865941,3.133471303,2.695287231,1.830708037,5.548685553,1.162736394,1.369280805,3.801538839,1.708266157,3.456512025,3.521956224,1.85852076,3.275628967,1.267069156,2.254986654,1.857634096
233,3.30385332,4.660118833,2.361565284,3.736160389,7.168737713,1.011330198,2.594666431,4.283945611,2.739740347,4.764739924,1.872643101,1.188742499,3.75479458,0.9571235835,2.899301973,3.82515218
234,3.190868766,7.243481012,2.778180427,4.123365354,6.237340626,1.367792757,1.703341931,5.354953556,2.197556115,5.762742491,3.663921091,2.71250693,3.522639358,1.124518454,1.147384529,4.461526389
235,3.28409835,5.687820558,2.062363844,3.553694348,3.794014382,1.257919081,1.759091594,5.079832672,1.031176611,5.175416122,2.531317592,2.771023707,4.381483515,1.041786272,2.907990824,1.95693305
236,1.876859801,3.278052739,1.279271569,1.616208037,4.590693771,1.220389501,1.623858454,5.301069171,1.171384178,3.137929538,2.654997682,1.130923101,4.369554302,0.9392206935,2.269739778,3.330489524
237,3.252453059,4.673007011,1.44122144,1.657560794,6.186163293,1.06031352,2.540996811,2.702845338,1.153053135,3.825837412,2.474778029,2.738379153,4.115931177,1.47565294,2.418287624,3.816958554
238,1.957420973,2.801774863,1.588315119,4.289760255,5.530225011,1.096414607,1.312819885,5.439713305,1.937095583,2.852715232,2.286480682,2.541646199,2.885150276,1.405435213,2.761873788,2.828442089
239,2.617942615,4.374995109,1.254773034,2.281326742,2.618335408,0.6658967841,2.565272899,5.265119035,2.569444257,2.73356392,3.965173732,2.465534248,1.50942047,1.099907137,1.876387957,3.230118321
240,2.167107007,5.983652208,1.076032282,1.639488925,3.953477022,0.9087571892,2.624816921,4.022040055,2.495756281,5.94881473,3.943824872,1.539888982,1.8852037,0.5740048546,2.095417006,3.276968343
241,2.383318467,5.494254393,1.484064453,3.285336752,3.009320433,0.7893588553,2.261072795,4.181692275,2.264677374,4.163191013,2.431750734,2.767648549,3.424165589,0.5515959844,1.026923183,1.515072709
242,3.403842334,4.479408929,1.025591398,2.728843721,6.052955191,0.9083154319,2.533438288,2.180348544,2.207629812,3.173764369,4.020161068,1.524139985,3.162099137,0.8653090131,1.439130869,4.35819214
243,2.963263884,4.394300189,1.826219367,3.893422385,4.78040702,0.5272479757,1.689339628,2.693540317,1.636562875,2.477257817,1.976634552,2.405850812,4.423301426,1.153872918,2.140972776,4.204095468
244,3.262144171,6.001184881,2.327300932,2.052521713,3.898259035,0.7800640959,2.870708437,5.88615544,1.040047811,2.937189232,4.358700893,2.084844172,4.395568671,1.25407074,2.034378247,1.962539106
245,2.351726667,4.096753892,1.07471088,2.475482704,6.760537212,0.6657733024,2.480333188,2.081595848,1.659800556,2.63960816,2.736735719,1.015334066,3.709930902,0.6184521061,2.330181084,3.004485041
246,3.545848997,5.397007779,2.214343779,1.686800964,4.91979563,1.171498299,2.289038355,2.849578085,2.257251498,2.789664309,4.115566016,2.675211437,2.695435824,0.8765418469,1.10184743,3.559975731
247,2.152493371,3.604179321,2.886516552,1.983259697,7.342609592,1.477295771,2.669187626,2.883702132,1.781009731,2.109660849,4.473409976,2.084220547,4.285076001,0.5823630534,2.504075062,3.714401706
248,3.414128253,5.550958405,2.684339442,2.052966456,2.638022354,1.328020248,2.941493273,4.889829715,2.665760515,3.967842664,3.111038187,2.71763186,2.523068447,1.363496548,2.850961457,3.796184719
249,3.435081764,4.284288679,2.316689723,2.780340094,3.418513094,1.443034744,2.020871282,2.860114851,2.136232634,2.816219896,2.35086845,2.461035555,1.669667587,0.885405258,1.659298841,2.652692591
250,2.192148594,6.072712497,1.269215532,1.667665192,7.366616742,0.5451026063,2.394975579,2.250544279,2.262404467,4.938557439,4.250081213,1.777287798,3.005544,0.6571625415,2.219963594,3.972742226
251,1.774899235,3.793161155,1.369524083,1.994044514,5.574519365,1.236297038,2.806341861,3.969211762,1.250317735,3.516949222,2.928098907,2.57675456,1.582871021,1.384821977,1.652690728,1.567645502
252,2.647631633,6.287858728,1.006725755,2.995799803,5.710359168,0.5001731704,1.35352955,3.335668556,2.797346331,4.554365358,4.48578399,2.272295813,4.492286386,1.170134799,1.741234049,1.954457519
253,3.481008259,3.911832679,2.420904044,2.279874109,4.773543647,0.7662846539,2.763281722,3.680528822,1.937843987,2.855374761,2.463109305,2.088091325,3.901193512,1.196706369,1.541148496,2.338830507
254,2.600004078,4.608905409,1.595084717,3.624401591,7.15448408,1.17843908,2.688690912,3.02305142,2.515949046,4.693854189,4.217961381,2.946106897,3.9014912,0.7223770298,2.30054532,3.377038802
255,1.960979791,5.684943866,2.116785182,2.574565181,4.610883381,1.493224734,1.812595386,3.501181222,2.286721131,3.128948635,3.044943625,1.924188223,2.612239193,1.435723927,2.786432289,3.15847726
256,3.916977889,6.707534886,2.085711005,1.639968593,5.701402839,1.019766194,1.36709756,3.108961741,1.884739059,3.419453695,3.720144882,1.240430921,2.267350206,0.9832889776,2.962072896,2.237297842
257,2.24864795,6.537408222,1.293396777,4.188035933,3.931807898,0.8996410639,2.328756247,3.94046114,2.85530536,3.876291499,3.551977612,1.95406877,2.222689214,0.7903312213,2.702634355,4.146857053
258,4.260815133,4.70861172,1.717439187,3.716662446,6.247495572,0.8648958361,1.720538988,2.514267333,2.98099185,4.038222102,3.140457236,2.050875897,3.874247474,0.8002084847,1.490000872,1.971115915
259,2.402692199,4.525902613,1.45217573,1.581471396,5.700441778,0.6335488031,2.256303511,3.731821127,1.901067508,5.896661788,2.465734366,2.637455712,1.844412693,0.7580815384,2.324626356,3.232705619
260,2.826948706,6.774099052,2.883394171,4.07169649,7.197728473,1.079482349,1.821149908,5.255405385,2.419495075,4.104477614,4.441492205,1.412546213,3.129008141,0.6372565312,2.501583222,2.186038683
261,4.150261286,5.327023669,2.412890235,2.601188952,3.445982716,0.5631956716,2.60807641,3.071775729,2.03529059,5.507782573,4.281878452,1.505822609,2.784344742,0.58016739,1.304200985,3.747076114
262,2.803466501,6.83227106,1.001861065,2.079760696,6.224403142,1.251672073,1.754640017,5.803524796,2.61072015,3.244639532,4.377872678,2.355699567,3.132003805,1.052521193,1.670657835,3.890347633
263,2.052834509,5.879251825,1.998962404,4.314880299,3.568716818,0.6266147729,2.015376447,2.671761186,1.392412699,4.837908581,3.816418373,2.738496598,3.724064344,0.8232617725,1.144559127,3.881462877
264,4.281945436,5.641819162,2.565989854,4.416717833,3.853576626,0.6052179792,1.714941097,4.15256931,1.919453393,2.187715996,3.934383366,1.444085582,2.568228717,1.367236536,2.653010295,4.016135146
265,3.130001101,3.711562271,1.548136207,1.894063305,4.492696663,1.403491196,1.914470942,4.757237361,2.202894735,2.213941425,3.736904939,1.8951795,3.591841225,0.5901281904,2.278031836,2.299785958
266,3.918151754,6.943377139,2.509697571,2.579361008,7.274817869,0.9701441142,1.015149563,4.011529571,2.104460633,4.379273533,3.414076169,1.019272665,2.630452244,1.38421729,1.832344922,4.171628405
267,1.846822695,3.197987296,1.273255252,3.573169792,7.122304351,1.279701713,1.750293367,3.593406037,2.822302397,4.635970329,2.618662487,2.680550455,3.83004166,0.7871795612,1.917581234,2.243734331
268,1.689437003,3.217009096,1.779495266,2.585860874,6.092550086,0.5727082894,1.858849048,5.586221849,1.15144456,4.262829593,2.722800323,2.597609917,2.993318125,0.5818918137,2.309897347,2.540645593
269,3.127755069,5.72146152,1.518251847,4.248377511,4.778849437,1.113529122,1.245948034,2.046109154,2.641597598,5.039168301,3.209182467,2.08003474,1.576296864,0.9020452555,1.164708406,2.222071454
270,3.221406803,7.012157922,1.355512942,3.863447139,3.058479234,0.6881249027,2.110586367,3.353381569,1.24399927,2.410937284,3.212991146,1.228149738,1.536989729,1.245435288,1.979113746,3.23266812
271,3.163199628,5.105598136,1.61058633,3.581874011,2.751615575,1.066118903,2.564998806,4.352134611,2.13209015,3.47704977,2.441998686,1.247953726,2.172682967,1.31756655,2.062923628,1.587652484
272,3.950521874,7.183336842,2.641957288,4.257485324,3.842568785,0.6572155857,1.797267025,4.379908198,1.345623537,2.578861457,4.176604439,1.316094103,3.879519741,0.5685513254,1.953498319,1.921884394
273,2.257597869,2.56070091,2.467510211,3.043107498,2.931610509,0.891639015,2.02696455,3.828523891,2.911135571,5.315857835,1.755610531,1.801003912,4.002907562,1.228000543,2.125347427,4.435278858
274,1.510797084,6.318610651,2.63158709,2.302093119,6.619909383,0.9196428561,2.105165299,2.205285764,1.992597019,4.190534037,1.89366272,2.642699683,2.097250732,0.9896139881,2.695544284,2.317635851
275,2.583660493,5.323198578,2.691833699,3.267701425,3.373454611,1.025998342,2.426301896,2.341371092,1.29725043,2.679084194,3.015798624,2.353492804,2.122258306,1.070186404,2.554084167,3.558845866
276,3.264837612,5.05615802,2.330235278,1.501857874,6.053192329,1.349407772,2.178401181,5.503109074,2.806694516,5.764696517,3.756253096,2.752721283,1.793869496,0.6612241817,2.904667257,3.325834099
277,2.66096939,4.669087897,2.725764765,1.83148917,4.84600035,0.7558552726,2.3213743,2.906242557,2.519056475,5.288157361,2.621627371,1.925741765,4.478784825,1.33521068,2.823932194,3.372734927
278,3.533371963,4.799449465,1.881097004,2.690232968,6.609405942,0.929788543,1.840703294,4.940194872,1.469983758,2.684007988,4.392635603,1.277015717,2.144941948,0.7986440731,2.384745917,1.955402311
279,2.563944744,4.393555668,2.086514155,2.07872399,4.583109191,0.6370535412,2.209260322,5.258650352,1.362995358,3.260336479,1.840607939,2.477780771,2.920216508,0.7570096693,1.986885741,3.227763099
280,3.055438362,5.453192981,2.241823822,2.53906314,6.41616023,0.5021908356,1.99508886,2.62829786,1.691535216,4.330460788,2.927931149,2.354661831,1.856907284,1.471038781,1.544510838,2.713013496
281,2.358316519,3.813674089,2.609422336,3.448021342,2.84235608,0.533579547,2.125958807,5.040748246,2.481440399,5.332435612,4.464989948,1.369122986,3.853609086,0.8673019453,1.873958285,4.028641986
282,2.287260698,6.321680198,2.837290646,2.622151503,3.060993478,1.18973308,1.66027356,4.717576413,1.735167865,2.811815457,3.60634755,1.97854641,4.277459703,0.9120668278,1.465627161,3.488622359
283,3.625446942,3.942511026,1.995987622,4.193811914,3.380600641,0.7674847288,2.9485431,5.973209441,2.029097428,2.802157359,3.602692913,1.652093191,1.798426577,0.8551724891,2.268395545,4.192161902
284,3.516569144,5.089566029,2.445993605,1.949241572,3.152588793,1.160969146,1.231201243,4.905231809,1.897837826,5.957672565,1.949170048,1.079594785,2.839369272,1.372306598,2.466210301,2.270675413
285,3.736162635,6.478660057,2.017846327,4.415506355,4.979115563,1.258813427,2.689440563,5.994058727,1.362288286,2.610362648,1.944070338,1.839838825,3.072869729,1.297081218,2.355456628,3.322434551
286,4.114768192,6.851124784,2.895186663,1.62929425,6.565468109,1.033376634,1.887221408,4.874876048,1.530037081,5.288030219,4.201041007,2.332477625,3.55298092,0.5369253576,2.739528169,2.700439458
287,2.608666442,2.703485595,1.313656985,2.550887484,6.751690937,0.7212605656,2.391438604,4.125469145,1.243377159,2.029036909,2.36169121,1.670558252,1.784595217,0.5767550409,2.49654582,3.018296287
288,3.674753499,4.238913025,2.503319931,3.123864643,4.522685891,0.626290617,1.262421933,2.405910784,1.77694124,5.170605555,3.718769432,2.837198734,2.417903722,0.5584285068,1.486395,1.588997004
289,2.275377372,6.674716595,2.380404153,4.115089198,5.943388412,0.5947918886,1.671587769,2.750077076,2.82506427,5.112097097,3.094604802,2.965502242,1.942686846,0.7098620469,2.429666196,3.904732833
290,3.52145825,6.876665529,1.520564574,1.593280495,6.055604857,0.920309371,2.235823922,3.051127496,1.147423473,3.959322982,3.386656954,1.913130924,1.565088092,0.6007985472,2.440635143,4.347698859
291,2.493196944,3.425220198,1.803727273,3.082623496,4.156995669,0.6588475789,2.66591707,4.254060636,2.542765207,2.824455673,3.762252325,2.307634772,3.244462649,0.7046377447,2.485397534,4.264908787
292,2.190280848,6.060129837,1.870804106,1.90796439,2.774529898,0.5829110941,1.990850151,5.921740862,1.771551285,2.467650146,3.808905681,1.598397046,4.174614401,0.9273657069,2.813134772,3.707123744
293,1.553324534,2.965971157,2.366104907,1.835402165,4.479943658,0.7639955246,2.029054436,2.987291383,1.115743226,4.505276077,1.685799765,2.621780284,4.485260908,0.7529156179,1.389772512,1.912530585
294,2.084533762,3.773333194,1.655477798,3.649636129,7.425406701,1.132352113,2.064644192,5.463635217,1.213190234,5.847432894,3.157886273,1.110355417,3.748775143,1.327653528,2.238148375,3.651817847
295,3.119491789,4.207013983,2.007930717,4.033093506,3.163280827,0.7711851804,1.313946959,5.175186651,1.494337973,2.649200179,2.522449871,2.294911288,1.786363307,0.730554383,1.707024708,2.144381488
296,3.58896227,5.645809089,1.846689514,3.587053356,5.384190632,1.001787815,2.519891883,3.103616923,2.764473867,2.923731432,4.175518989,1.837361235,3.50197714,1.031726364,1.77618767,2.71527965
297,3.584309824,4.919293877,2.973615475,1.565359649,6.94671361,0.9018982961,2.100269236,2.881923786,1.160735416,5.536209069,2.826106938,1.97929664,1.509418354,0.8815994321,1.286311428,2.405244713
298,2.105375973,6.158973949,1.087561749,2.427063122,3.324209201,1.075294036,1.753618296,4.530876709,1.413051667,4.550671447,2.757675173,2.48463688,1.567353364,1.357860642,2.461982705,3.21427873
299,1.760631392,4.01629983,1.587314219,2.076296676,4.768700664,1.376145127,2.537133691,3.214388739,1.924485676,2.529269573,3.359131522,2.798792142,3.324994445,1.357471992,2.907806549,3.886590059
300,2.281061031,3.869969085,1.785097877,3.960988523,3.090612886,0.5441421282,1.757798928,2.766662125,1.30467313,5.848879843,2.182058021,2.365036558,3.334618141,0.8682072658,2.02125809,1.52804112
301,3.292892608,5.907195146,1.305519606,3.615087267,6.221687524,0.8343337708,2.492578439,5.138759424,1.45825049,2.521679264,1.68096723,2.139130202,3.499694351,0.8200006851,1.029826478,2.776274822
302,2.502899242,4.84044782,1.522956194,3.783419118,5.229427327,1.051732037,2.435284553,3.946862631,1.042968138,3.367433699,2.388909771,2.684789228,2.731560291,0.7934897172,1.791788167,2.028002869
303,1.951645504,3.450803974,2.685558824,4.482351433,7.113955162,0.619185689,1.903562081,5.586050504,2.598239739,3.023485926,2.894131151,2.95476914,3.216380454,0.5149255143,1.684673429,2.344254542
304,3.194426198,5.934522686,1.561847087,2.668220689,2.946742285,0.5683792286,2.581757765,5.805288637,1.909578041,2.326562109,3.660828269,2.38654059,3.496987319,1.285817448,1.754106769,3.75849993
305,3.23445942,3.315865818,1.653986243,2.211659359,5.803397509,0.5986879172,2.002814883,4.432879548,2.900845345,4.747078633,1.853126269,1.34313118,4.168121591,1.116243624,1.839485437,2.247705117
306,1.580219759,5.245930848,2.139036532,4.462538275,5.964387208,1.288826447,2.317539608,4.437184084,2.579138806,5.599901119,2.406622289,2.306845111,4.106490514,1.086838927,2.002449822,2.695451867
307,3.195808623,5.96501361,2.994437563,2.729869123,6.108323071,1.075465772,2.604559439,4.651743037,2.81653935,5.063229758,3.284219244,2.109672869,1.607070853,1.385121546,2.326170155,2.326125484
308,3.45091005,3.642363738,2.668822014,2.565494542,3.090439442,0.6523029905,2.276952277,2.105729544,1.355650935,3.488709354,4.269156372,2.034665574,1.63279099,0.8901830637,2.26890498,1.90528059
309,3.196294399,5.285134969,2.061269773,2.445422175,4.466135849,0.8899324243,1.440327299,2.158514352,2.124871903,4.162370212,1.986588898,1.942864477,3.671732693,0.9834387423,1.761671303,2.534703123
310,2.337879749,2.512353192,2.069889287,2.502002047,6.309701611,1.150547987,2.269160146,5.418848883,1.046271832,4.840562659,3.467037639,1.719021711,2.983998899,1.013068717,1.991872292,3.104779368
311,2.274548581,6.183286692,1.595750617,1.821380397,4.52024811,0.6111290699,1.531115484,2.818734434,1.98701945,2.925484328,1.512720794,2.499480996,2.871677049,1.326438278,2.095294358,3.071719381
312,4.493497577,7.051620747,2.848742642,2.795180536,2.659400707,1.467759506,2.157682588,5.316104607,1.536567853,3.123676313,3.851926933,2.697855964,3.495111499,1.387442928,2.685523737,2.603906109
313,2.152296539,6.076666228,1.594764927,2.609870189,4.876018636,1.346951759,2.3335617,4.844660768,1.721781397,3.051377808,4.341948597,2.770407015,2.289574805,1.356619414,1.994058189,3.857524374
314,2.940442448,4.923776169,2.550508248,2.617522899,5.440017698,1.024758756,1.924875302,5.868685499,2.945969431,3.425732436,4.196734661,1.06901214,3.055445747,0.9551636852,2.861022426,2.930402053
315,2.366067247,3.658863293,2.982508341,4.10703,5.796402167,0.5906273176,1.300039351,2.524471675,2.272664362,3.690917313,2.099776678,1.782037355,3.747480133,1.475983215,2.696300318,2.935819783
316,3.500235281,5.524077328,1.848356961,3.625902825,2.581813428,0.6131999272,2.257028603,2.82197148,2.338357134,2.478617133,3.393278945,1.248691162,3.20020839,0.7013188296,2.669971334,1.767152069
317,2.991373241,5.255467018,1.356727763,1.54239788,3.00747378,0.9371286416,1.08299619,3.70672578,1.643081326,4.520540458,1.749597429,1.56860235,4.18796745,0.6799948651,1.206624037,3.242093711
318,1.617400921,3.434258334,2.78911196,3.728911062,4.38289081,0.741850553,2.104852783,3.738299257,1.258890949,4.397954703,3.574730197,2.472451336,2.547614904,1.223438917,1.6598442,4.060232656
319,1.617818637,6.762610611,2.417120604,3.606427862,7.382653861,0.6204353398,2.075839423,4.701112204,1.773386619,2.282249039,4.082716574,2.161413167,2.847194364,1.043957912,2.44704901,2.593351342
320,3.099348048,5.92757723,2.220038874,4.092811855,3.825949656,1.147188708,2.489873065,2.823336941,2.881721369,5.899255871,1.766145938,2.601865579,1.569261624,1.392363743,2.851831003,3.093489944
321,2.201721898,2.641389681,2.419778197,3.605640368,4.105831704,1.153196838,2.009282263,2.254379984,2.25809869,3.340850951,2.648664259,1.247371037,2.874289319,1.010514871,1.103621831,2.726688366
322,3.942786755,6.858738265,2.013295518,1.634869001,3.357194144,0.7097805844,2.20440248,3.956392414,1.824506289,5.570259682,1.647006099,1.806848338,4.354021768,1.184811736,2.818517523,2.540537425
323,2.04231116,5.943265683,2.593710808,3.984141592,3.604918131,1.453488653,2.092300381,2.008069708,1.643090526,3.431373728,3.870890574,2.271003532,2.993220635,0.8327551118,2.404023927,2.642258774
324,3.394822209,4.548967306,1.055894485,1.600128367,2.675974021,1.032365579,1.082855092,2.268453987,1.924713499,3.932509655,2.413687387,2.978342913,2.602925891,1.430886377,2.562220841,2.72509328
325,3.250057125,5.142066871,1.312580573,2.007476971,3.538706896,1.356878819,1.859723031,5.070811527,1.089763132,3.210918819,1.587536981,2.406008611,3.260251548,0.6405717811,1.550649173,3.143526608
326,3.900172732,7.030231039,2.159202381,3.807071825,6.323015168,1.113087208,2.453926016,2.627014975,1.296924718,2.368360987,2.267116412,2.895218085,2.336653038,1.20595607,2.222677011,2.054988415
327,2.33763425,7.306351967,1.75463533,4.23439966,5.387437295,1.073509355,1.261527296,2.398399124,1.748859656,4.109483982,3.652022742,1.002436083,2.529848075,1.029617999,1.641262518,1.783323692
328,3.704153013,6.640924133,2.911332729,4.182387138,5.903439525,0.9231886283,1.627935616,2.314737943,1.914917688,4.57015758,2.205500634,1.435935859,3.561749333,1.331447405,1.933915246,1.678106528
329,2.747087606,3.629599089,1.852594534,2.591980267,3.843103776,0.8211976168,2.86291697,3.343401057,2.793438424,4.197554432,4.261789851,1.177905955,3.660085751,0.6709884111,1.702982441,1.792203747
330,4.010398075,6.306057086,1.386992195,2.256958327,4.054604731,1.203282133,2.269668836,4.708619091,2.855666298,4.838605109,3.174226288,1.97785102,3.148954662,0.6987542299,2.433224016,2.468113751
331,2.080132922,4.291628517,2.854562473,2.445038478,2.56228111,0.6775646429,1.097076376,4.508223202,1.926841479,4.495272533,2.868065909,2.622915684,2.434849707,0.8374119082,1.613484542,2.327780617
332,1.861393635,2.506687047,1.370243332,2.093106138,5.389861201,0.7729165942,1.378674036,5.470908754,2.149835511,2.604680698,3.15131226,2.121651155,1.95628409,1.191833701,2.629746068,1.787132021
333,2.265466551,7.470210654,1.980539169,2.598269466,6.267772354,0.5261515511,2.39195255,3.390512189,1.908762305,5.704176433,1.868128564,1.691047989,2.14513699,1.338614603,2.351438255,3.816595178
334,3.688706061,6.995842354,1.115058125,3.354687753,2.75605381,1.461933425,2.405261874,5.027001484,1.408595309,2.286488344,3.895290879,2.38172525,3.223574594,0.6566591519,2.559434573,2.851547803
335,1.872947889,6.725959013,1.663011478,3.964807939,5.766932931,0.6025553398,2.704970764,4.359994716,1.152150313,5.105178062,2.860325528,1.478998162,3.104423069,1.14947206,1.195634221,3.054034369
336,2.956681186,6.608033635,2.601579976,3.282904753,3.023770488,0.876947918,1.228263403,4.818413826,1.302246292,3.148363307,4.229131135,1.906082089,2.938282273,0.9297965554,1.378853574,2.526533803
337,3.440120337,5.253514183,1.689025247,2.414622636,4.538206994,1.21320242,2.242547396,2.417115489,2.489167378,2.744919605,4.183550718,2.256448996,3.551472468,0.5834563413,2.133652183,4.139348642
338,1.863333089,4.039447067,2.518034783,4.454010233,5.806918725,0.9272834509,1.00217527,5.001134635,1.73784195,3.185922322,2.329554115,2.479801721,3.283703138,0.7527152451,1.956618117,3.098222627
339,3.849305203,5.094155373,1.749939799,4.373070444,6.873895498,0.8862601444,2.265347055,3.678949808,2.841959241,5.202477374,2.148415843,2.268564783,1.800518863,1.423995476,2.7002846,3.289467765
340,4.268429224,6.295765985,2.549028568,3.398092304,5.332378701,1.020163483,1.996079497,4.356458148,1.731232499,4.654581092,1.90596893,1.444074818,4.215277293,0.7142219643,1.662404065,2.406465401
341,3.686633851,3.935102517,2.004094488,1.860406655,5.089743946,1.372172478,1.585212798,3.548626475,1.88886319,5.998858184,2.139506965,1.113285613,2.286322118,1.432644306,1.667474508,2.771798218
342,2.156557145,3.65707993,1.096033507,3.465703976,4.184406997,1.054634118,2.709948704,5.61359143,2.506561094,5.799173593,3.666036049,2.582482622,2.779013107,0.5052897441,1.843399393,2.418875618
343,1.869451917,7.342320338,1.097258582,3.388327547,7.297609614,1.484174658,2.052047254,3.187133426,2.711641371,5.807313359,1.559527059,1.813767271,2.421133968,1.139120867,2.614837009,2.584782557
344,3.22817727,3.29036907,2.96191759,1.646430709,7.439874409,0.5103609559,1.339131382,2.8911308,1.841137122,2.109282522,1.85183765,2.271827344,2.614774746,1.130610589,1.477553495,3.173125421
345,1.878107801,6.269710675,1.880198733,3.575448142,6.486606006,1.471742565,2.167326722,3.421084323,1.312056345,2.421086073,2.536500203,1.966655684,4.231176592,1.193541973,1.241932339,3.418464864
346,1.936423769,5.050721054,2.153291283,3.460109642,3.880600806,0.665206515,1.758869577,2.101841481,1.590329636,2.542705244,2.95854892,2.897103823,1.691783818,1.232108062,1.609775304,3.638128236
347,3.593926157,4.80373606,2.942170158,4.360909943,3.689200308,0.772499985,1.944042869,2.438909572,2.858805606,5.02864448,2.565485974,1.249687289,2.854639197,0.9124716537,2.44569933,1.852387063
348,4.293262402,6.084248125,1.464234808,2.550498199,3.616087095,1.425345597,2.317388565,4.226076307,2.568527465,3.509279498,3.595437621,2.765314248,2.298708393,0.9318232406,2.526690991,3.373935537
349,2.684508405,5.010664971,2.391709641,3.256617303,6.745918738,1.304337748,1.652561703,4.928046759,1.123381976,2.169279964,4.485303909,2.468058453,2.183889071,0.950407302,1.931468235,2.708209739
350,2.967847457,4.331264039,2.644430654,1.717150658,5.125487197,0.8934458524,1.194742048,2.370019314,1.494326364,3.577013335,3.992137691,1.646359547,2.10953554,1.231714839,2.338566311,3.201829616
351,2.013641587,5.909609292,2.789100649,3.77067195,7.277777085,0.9017031062,2.413407297,3.336544863,1.742145212,5.172269516,3.515347768,2.015976331,2.324678421,0.7762749616,2.763613766,3.958684041
352,3.376675526,6.861779918,2.426302679,2.607707858,3.142294793,0.8737459113,2.278582905,4.116022669,1.754855987,2.055516784,3.492578262,1.606908585,3.55561578,0.5636975476,2.377974712,1.740247166
353,2.879651473,4.364846645,2.273263734,3.327784006,2.883159484,0.9991586568,2.446994689,5.947768016,1.653185638,3.245869349,4.074113842,2.873025298,4.161695109,1.033686767,1.27132323,2.738278138
354,1.665266176,4.641471427,2.694111098,2.822578889,5.099268071,0.8710184371,2.932108772,5.625027239,2.448132359,5.08746154,1.529400928,2.388855267,3.994941603,1.23129209,2.575873426,2.833822634
355,2.87789409,2.880636508,2.888240065,2.77747196,3.514705285,1.494150294,2.198556053,5.193335746,2.231501768,4.961670351,3.698678065,1.26813542,4.289029696,0.8838133096,1.405015918,3.979704409
356,2.555987955,5.998590539,2.974094776,1.813906566,3.480689263,0.7619612149,1.056334747,2.018818304,2.489421041,3.648146505,4.186290589,1.354962585,2.832934082,0.9700868088,1.003282797,3.19099496
357,1.894042647,4.155152669,2.63080685,3.111800471,4.343191188,0.5307226847,2.50048339,5.389885552,2.353555068,3.903381641,2.017232156,1.472857446,3.572262476,0.8588066249,1.72092984,3.51193354
358,3.205037394,3.779271589,2.057742824,3.424136798,7.166755698,1.314791693,2.567847417,2.437902538,1.495496115,5.292337119,3.692413333,2.493706945,2.690030679,0.6154702176,2.484243549,3.024849058
359,3.758593021,4.915320924,1.277888043,3.024744423,4.751756319,1.32701185,2.205618576,2.181622783,1.496508229,4.225579775,1.642136631,2.230494504,1.508857262,0.5923728549,1.465993939,3.745780595
360,4.478980033,5.093265866,1.149106726,3.741865296,3.490809077,0.5560606503,2.28871119,2.458422763,2.305107564,5.336607571,4.361017707,1.204932962,3.332093211,0.9556068575,1.097735179,4.361173652
361,3.315547289,4.79744466,2.919733311,2.413565227,3.262251421,1.293198578,2.081605463,4.106314541,1.195757931,3.787892647,3.92269663,1.82093637,1.807541835,1.411379205,2.59195529,2.575527583
362,2.575677238,5.879359762,1.361403498,2.735286215,5.15099102,1.184342514,2.118886469,5.925169354,2.734515747,5.172504174,2.787290147,1.74749864,4.305120005,0.6293057538,2.823559687,2.145719163
363,3.261976561,7.261152896,1.628221604,2.524828777,6.911310443,0.8919763974,1.182683388,2.678302293,2.594787619,2.858786824,2.769712928,1.978694272,2.713909789,1.126122872,2.411034356,1.868750885
364,3.29602895,7.384436291,2.748706477,3.945388242,4.350977662,0.7439450459,2.868204692,4.512125924,2.059718384,3.789033822,3.526571042,2.193439857,3.920999135,1.36562615,1.691052556,3.213211023
365,2.474889424,6.498617797,1.726004432,2.08792577,3.149424761,1.174090129,2.489971638,4.789260184,2.0671318,5.531196959,3.944311439,1.30909884,3.413557211,0.5518464456,1.881446009,3.777370432
366,3.169549162,4.773277806,2.095177573,4.401104447,4.851475653,0.7915398553,1.585575915,5.584646522,2.232058238,4.551407443,3.860200681,1.124805174,2.480061393,0.7963612699,2.886256535,3.799645797
367,2.786745932,2.992732447,1.658303545,3.999625095,3.736257664,0.7085366787,2.67363432,2.579447475,1.354696628,3.925600601,2.983943942,2.833542719,2.928330669,0.7366950582,1.980094817,2.02062766
368,4.485838755,7.022986419,1.403368743,2.205502642,6.053369243,1.228987237,2.156929274,3.659118473,1.489653939,5.444926173,2.393206699,2.848964971,3.272439866,1.40027542,2.104274504,4.120112535
369,3.439537013,6.338554684,1.143701141,4.296702174,5.969168908,1.472974871,1.558138745,5.849081907,1.345740391,2.150873423,4.404785814,2.019871666,3.540798418,0.6620439894,2.443806983,1.797348602
370,2.393120256,5.894559885,2.777468459,3.269851992,6.631525768,0.8233380045,2.845194619,2.180048211,2.397117513,4.011678722,3.689495826,2.444334563,3.603032069,0.6117486581,1.324177387,4.04695527
371,4.112968923,6.889976817,1.425735676,3.291470091,3.537484841,1.475094159,2.806711259,2.356293593,1.212938446,2.381188047,3.521306819,2.010456255,2.37524663,1.089740773,2.173410964,3.42994787
372,2.812350453,5.409600816,2.396041009,3.898165498,4.650046926,0.6692972791,2.180357133,5.206905219,2.200908966,5.091645637,1.915577498,2.039042602,4.232567599,1.409924627,1.646110662,1.878724262
373,1.606156405,3.490208575,1.389834544,2.155097678,3.31224172,1.263780526,1.470870012,4.009180649,1.006116676,3.26525652,3.132034198,1.614177568,3.443105934,1.078950331,2.494864603,2.934412416
374,2.711852873,6.938458842,1.885718235,2.214216061,5.43236859,1.109564293,1.28874246,2.165295506,1.801049803,2.979855773,2.529331767,1.521855414,3.606724315,1.42491518,2.669995072,3.796305875
375,3.024702125,4.717788103,1.34386709,4.337184033,4.687075759,1.137996833,1.987335421,3.33259402,2.008616806,5.887543611,3.683533917,1.667652071,1.701727604,1.327730529,1.914979074,1.50442984
376,2.263232804,4.25266905,1.075028921,2.804665478,7.439198393,1.363919127,2.671783687,2.033362089,2.614808212,4.012261985,3.183035036,2.889902288,1.764841189,1.206491398,2.346792726,2.742269069
377,2.475052608,5.056474444,1.650250293,4.093577992,6.010271338,0.6993918079,1.112921836,4.581034146,1.090348473,3.279920301,2.23791143,2.821611521,2.060853806,1.16259986,1.475020881,4.268449892
378,3.997411568,5.319043774,2.528588624,2.17201209,6.079797311,1.494449089,1.716763331,3.298658191,1.075059521,3.828803515,2.342344852,1.038036948,2.441752631,0.5167228022,1.442881885,4.144162037
379,4.125937462,4.472973955,1.939625813,2.901785554,6.543909528,0.6174831851,1.335299979,3.717432922,1.03909674,3.344473141,2.40274107,2.45142459,3.724225962,0.7728865114,2.315459127,2.14554645
380,2.743299533,7.495074562,1.699576118,3.272253328,5.265294783,1.015447419,1.953462988,2.555219478,2.309904529,4.725310914,2.656688952,2.167351876,4.133537934,1.283623966,2.369316399,3.317471241
381,3.271404587,5.596570899,1.458261207,3.949668232,5.240287111,1.120820661,2.95585797,3.431763094,1.1449591,4.135925046,4.116380423,1.995032527,2.948236017,0.9351004682,2.058075196,2.896807452
382,1.965017085,5.433305824,2.468036382,4.03982069,5.00408176,0.6590792272,1.260471129,4.805117425,1.443699205,3.820687852,4.037156307,1.92517398,2.614846732,1.47061605,2.595281358,4.442003795
383,4.492403763,7.228415107,2.558508246,3.828686567,3.007221318,0.7564050823,2.469935638,4.320429524,2.004679335,2.761985854,3.072250076,1.200184504,3.763531681,1.099279696,2.362776535,1.798284115
384,2.142289374,6.978481675,1.66749248,3.368083471,3.52617739,0.5941762354,1.176908253,3.463069407,2.836773902,4.784606833,3.414711157,2.481366711,1.558486161,1.111343449,1.270822021,2.634822863
385,2.432062731,3.93194391,1.386690706,2.791823925,5.884946646,1.218523684,2.617200003,3.871130463,2.919573744,5.518835633,3.679187591,1.836559613,2.601753507,0.7624306844,2.909048813,3.93086587
386,2.063005292,2.827938891,2.985342824,3.181251485,4.892640738,0.6484849398,1.930827646,5.769320189,2.571040336,5.077195105,3.664586167,1.51708667,3.937824121,1.091524751,2.980596225,4.3456579
387,2.583878322,7.064943979,1.928869702,2.960619452,3.184597689,1.295752472,1.729994993,5.298617716,2.032716103,2.073286093,4.129785392,1.512917808,3.060015778,1.009635448,2.118726803,3.170642881
388,2.986178265,3.662228779,2.911675184,2.459012691,7.489267466,1.28964421,2.421142241,3.53473978,1.712716435,3.081670708,4.441415808,2.555945271,2.915028289,1.15106866,1.43035072,2.036216289
389,2.550697428,2.734736997,1.877333123,1.870360616,5.872119707,0.982864437,2.455113155,3.621867398,1.393830664,2.526524216,2.950313443,2.557736549,2.948560757,1.302577915,2.49464744,1.51005555
390,2.121508376,3.33706364,1.60142324,3.39658611,4.450130734,1.302265163,1.71254212,4.93909268,1.096216509,4.442650104,1.829477292,2.64813328,3.435037076,1.312780063,2.736516157,3.892490377
391,2.578687958,3.153923574,2.146275896,1.834981569,6.973503893,1.373352779,2.603473252,3.936858024,2.361198625,2.75184224,2.576278225,2.11310399,3.404419172,1.408400742,2.279702601,3.546592313
392,2.378470835,4.122096909,1.227143312,2.033614477,6.920199857,0.9685697615,1.248696709,4.811336737,2.594667742,4.530791885,4.370184011,1.222533645,4.095054405,0.8788685834,1.955829146,2.41180161
393,2.752331115,6.812206144,1.850146422,4.05406746,7.092789276,1.416875697,2.334690916,4.759459883,1.451600054,3.014395911,3.507537183,1.907314745,2.999384636,1.041424866,2.161321938,3.756638278
394,2.254299194,3.073842137,2.286386631,2.092926424,5.983083963,1.169688852,2.281095269,2.717742079,1.19205038,4.214230145,2.216794972,1.957229399,3.107672719,1.043402191,2.634656689,2.675568353
395,3.200440695,4.086067852,2.412470067,2.583931359,3.913322089,0.5803748446,1.429284927,2.718437535,1.407473866,3.264231844,2.446472061,1.82562355,3.575122048,0.7705212306,1.709882808,4.181779856
396,1.53675764,4.560295525,1.694674719,2.401738349,7.105391854,1.002966145,1.626907211,3.37317263,2.303107064,2.935869643,3.146738056,1.320500623,2.467944321,0.6476493117,1.521622078,1.769157603
397,2.958697914,4.121362131,2.082358653,3.857128265,5.626368401,1.434641557,2.155488897,3.606979143,2.704613083,5.957537288,3.809885587,1.961415056,3.5144288,1.154219566,2.890127026,3.111368349
398,4.016870072,6.313785163,1.79618832,3.759925736,2.768256555,1.458286399,1.593555635,3.915452989,2.69859055,2.948370552,3.702592855,2.996525871,1.976486778,1.256660934,1.557609796,4.464417921
399,2.700609608,5.023457658,1.351356709,3.131273416,5.210647577,1.190934761,1.424699219,5.212761723,2.33844698,3.161195561,2.675933643,1.223080854,2.719505979,1.162511099,1.267269539,2.112177711
400,3.560038049,7.479358084,2.123718055,3.019138682,6.65082982,0.9929156301,1.034301176,4.309648954,1.174507778,4.219812322,2.493277249,2.521830208,4.028939771,1.467491058,2.73944705,3.477023203
401,3.890618533,6.175587685,1.74870099,1.8863919,3.940893747,1.325625321,2.358049125,4.703566056,1.968372781,5.116684304,2.906559932,2.504110282,1.51391306,1.32918682,2.330165565,3.44792297
402,3.187324911,7.149583375,1.806315703,2.167833121,6.415067718,1.378183507,1.531794491,4.853553967,1.477263835,2.59618808,4.4140573,1.342006184,3.651383047,0.5579743601,1.161152715,2.892875727
403,1.855208416,4.830103248,1.653890893,3.597952667,6.147931155,0.9886124548,2.705247415,4.589249967,2.394282778,2.922599405,2.523509139,1.801835069,2.350810418,1.318376733,1.450215183,1.730570807
404,2.849156596,3.018216695,2.421595123,1.978593172,7.25585621,0.9573124196,2.15581794,3.914314444,1.173719069,2.437879925,2.852225039,2.93315017,3.353919954,0.9431195865,2.30769829,2.126438152
405,4.332674127,5.515010279,2.689601929,3.543446945,7.042155073,0.6556377836,2.077828111,4.245275207,2.911638931,5.152299896,2.937795615,2.990800114,2.557607779,1.27412851,2.159992131,3.747436501
406,4.246841089,7.252241871,2.269527586,2.768407049,4.213575601,1.118223673,1.95132016,3.599642336,2.334909504,2.474357004,4.058929204,1.175090356,3.048388874,0.7299696793,2.559111141,2.612800967
407,3.195767061,4.445069813,1.45958881,3.22697408,7.479359967,1.102319837,2.434523683,2.876807885,2.001113559,2.205849042,2.708022785,1.585799664,2.389691128,1.319356635,2.296765988,4.23514122
408,3.284167625,5.386838751,1.571737675,3.583917566,3.520605539,0.7537932032,2.613753687,2.601905109,2.961837564,5.300954278,3.922546334,2.482750892,4.263317299,0.5515883571,1.252228931,3.458691849
409,3.574227262,7.258375321,2.094754944,3.46816001,3.712291855,0.9180989906,2.873499079,5.296526423,2.289726006,3.434674737,3.0297509,2.026943996,3.836494492,0.9969321832,2.225544054,1.784430802
410,3.959449961,6.428611324,1.930705822,3.460004118,3.626402608,0.8557663267,1.668222018,5.480592553,1.589788804,4.270760464,3.362778269,1.748195061,2.084020576,1.474870176,1.946506701,3.559255061
411,3.780525758,4.914448243,2.363226457,4.34688992,5.819453781,1.350194352,1.909056442,2.775003252,1.825954014,2.339816971,2.341147113,2.278507584,1.854586519,1.262949988,2.570893197,3.516173315
412,1.683769064,4.251975017,2.489298943,2.502427819,6.619757039,1.018008968,1.813668073,2.647438209,1.017954951,5.260511586,2.967345555,1.154521184,1.843498315,0.9116130664,2.674629526,4.341114057
413,2.484470133,3.703257644,2.124327268,1.936237204,3.689766567,0.8643889354,1.228069455,2.427353481,1.974042185,3.417617574,2.069487213,1.271920333,3.609941989,0.9393893906,2.165587278,3.099595471
414,2.259925435,6.081760139,2.285727269,3.822973139,2.545732258,1.124585037,1.388963563,5.765744167,1.123554137,4.184565646,3.690094531,1.533067557,2.894695536,1.497653972,2.852219067,3.989426376
415,3.825044626,7.205585432,2.897007372,3.309061102,4.75982359,0.7257353163,2.517317584,5.701830189,2.856780362,3.1466752,3.662700128,1.552037154,4.221314178,0.7789445801,2.207951116,1.907288133
416,1.839056182,3.168630285,2.527247462,3.917309581,3.013667233,0.8740230778,2.308273354,2.590163046,1.998424759,2.535409175,4.169894981,2.487571418,3.149567925,1.373314722,1.726231888,3.051612009
417,1.824891564,5.969319135,2.733313984,1.960612905,3.175491558,0.6656262838,1.418044544,5.588866454,1.901380034,3.400905339,4.079692846,1.137044382,4.144876426,0.8830717979,2.078175732,1.744336697
418,3.250436846,4.468837706,2.564278152,2.616386583,6.407870174,0.7464867948,1.699860921,3.186523902,2.027252069,3.542753411,3.186562484,1.362566765,4.217268951,0.5535001933,1.107529348,4.07137012
419,3.091192354,4.234409662,2.221794929,4.078934269,6.498938699,0.6987507994,2.565245529,2.929827068,2.949269061,5.084917091,2.871721402,2.267714114,2.048245746,1.243098031,1.560686307,2.178104555
420,3.447661193,5.817235557,1.845746153,2.415227189,3.948997802,0.9701399544,2.484707114,4.961577007,2.153592189,4.696525487,2.142894034,2.289502628,3.007394052,1.340500926,2.009055072,3.19061443
421,1.823644276,2.737720382,2.768253112,2.647703869,4.469729361,1.045742987,1.80938115,3.07001125,2.940818874,5.006266614,3.801619967,2.145054122,3.981889694,0.9938809229,1.440673622,4.268215972
422,1.553860752,6.340396277,2.476160064,3.389665829,3.976247993,0.6598023256,1.980362633,2.548680833,2.166394927,2.489661056,3.292423527,1.111812781,3.12582683,0.8603948816,2.222425411,3.38931293
423,3.573538515,4.930562994,1.506860977,2.686485046,6.058494102,0.8467052558,2.276211473,5.975538774,2.64951784,3.462637965,1.83029459,2.738326229,1.617161903,0.5910916304,2.749884607,1.971026722
424,1.667176985,7.001941307,1.81002726,1.78997092,2.70345714,1.433824283,2.431232126,5.461502091,2.93482913,4.163441533,2.047357545,1.978999134,3.881602192,1.125065665,2.434288768,3.710810351
425,2.083762626,4.618184799,2.325021973,3.898852556,5.285530707,0.8598576426,1.539367524,3.918500114,2.387371767,5.52764185,1.928858766,2.123538352,4.234445993,1.311566874,2.852990456,1.733687946
426,2.035330144,6.970527289,1.881209961,3.28384573,5.431663436,0.6638774181,1.846239405,4.13756303,2.708764675,3.408943015,2.865827223,2.571979709,3.058572414,0.8272356553,1.973547316,3.950865976
427,1.851861053,5.015259595,1.848525823,3.074451567,7.159333271,0.7104568339,1.684111418,3.227455765,1.760612727,3.267277016,4.28399253,2.851581332,2.360263379,1.2198625,2.770430204,4.278598024
428,2.945455178,6.574596039,1.755593403,3.552910022,2.906266245,0.9042010711,2.419775413,4.07993554,2.812718817,4.894053207,2.748545942,2.364315667,4.193780768,0.6528475043,1.935187123,1.676129256
429,2.304146713,5.24210784,2.716162897,2.549466068,4.310458441,1.339356196,1.869379684,2.521416661,2.824498913,5.580984019,3.051580401,2.086032238,1.664109646,0.8893391244,1.718002114,3.520775953
430,3.437620263,5.90028429,2.899614779,2.54628458,5.632715612,0.8094303911,2.026441628,2.073055295,2.534203277,2.55359562,2.800220762,1.012214391,4.465746545,0.650886238,2.386155879,3.460202527
431,2.255810182,7.036379251,2.915700753,2.244224069,4.159723888,0.6806462148,1.197510541,5.881884722,2.861542715,3.942024367,4.278906729,2.41120571,1.768633141,0.9062098894,1.14391572,4.253598574
432,3.606036574,6.405632558,1.794201238,1.884627055,4.667068802,0.5604540526,2.776708386,5.415289294,1.392899976,2.409433403,1.923857319,2.630914882,3.431695301,0.678769178,2.753303298,2.023107287
433,4.130060254,7.349599093,1.236525833,3.560880859,5.832375419,1.019894246,1.644958225,5.545734581,1.824631657,5.085238433,2.812439729,2.974751006,2.52106764,1.29011167,2.446078678,1.67158542
434,1.727602442,5.181580753,1.703536174,3.206262603,2.532889383,1.226743163,1.356672086,5.563600966,2.106057537,3.173764252,2.295071162,1.766460287,1.784003892,0.8959831439,1.397384389,2.791780925
435,2.538509715,4.878053077,2.180659752,3.659644125,4.252154994,1.050324594,1.440361318,3.477348259,1.041595244,2.139569628,3.295558482,1.542122346,3.926333142,1.047400565,2.157220972,4.383770706
436,4.000669129,7.231062982,2.523974108,3.34009117,6.358312289,0.787820061,1.464406921,3.636673759,2.210333309,4.304242908,3.412658496,2.38731563,2.917826993,1.441350816,2.111714049,3.31905039
437,2.045083664,5.217680695,1.448476475,3.24000331,5.803058666,1.359526752,2.694479209,5.502632988,2.923049505,4.500383656,3.658719492,1.410770797,3.435013784,0.7215381167,1.385652645,3.192818669
438,2.956305356,2.967908242,1.122881811,3.524835265,2.805568242,1.170366921,1.364709442,4.090922421,1.230673077,2.266260477,2.871086346,1.76149653,1.528266554,1.129544895,2.459974945,3.350085097
439,3.839869132,4.246751378,1.167546138,3.163698866,7.077714622,1.482529365,2.238328729,3.431863046,1.645496046,4.341064395,3.443023181,1.817851091,3.915299903,1.35331758,2.633400306,2.770321255
440,3.230622415,5.41147596,2.613377025,4.212290298,6.906411224,0.5915058423,1.799236553,4.143468905,2.540195174,5.498279277,1.69662872,2.670684938,1.779213287,0.8973406157,1.661166341,4.078433225
441,1.508930829,6.552013516,2.039222154,2.04660255,5.603879037,0.6053103807,1.470622027,4.992246809,2.884500132,5.758150914,3.292235527,2.015710994,3.301280265,1.078762058,2.128533196,3.857290794
442,2.721772611,6.891019816,2.799379079,2.256453591,3.119418912,1.258007375,2.480932158,3.513761287,1.873937274,4.301100855,2.50549249,1.519871141,3.889832471,1.282902842,2.673292712,3.941946584
443,4.440465162,4.735391232,1.686384854,1.757007283,7.328300406,0.5273573142,1.350766261,5.558868181,1.646653778,5.245029454,2.235427437,1.104767792,3.84692171,0.9939668837,2.2744209,2.827696643
444,2.094312128,2.688420862,2.868897251,3.858852985,7.425631655,1.169168,1.293427828,3.613020777,1.234816248,4.502312668,3.172746913,1.653531099,2.62368191,1.085842779,1.219725844,1.945803909
445,2.715855969,5.886474699,1.180268213,2.694930393,5.008026837,0.5898366579,2.625347704,4.475981979,1.384404655,2.184290767,3.487643412,2.875156642,4.01093285,0.8571632109,1.307110476,3.57583968
446,2.272648358,3.18744249,1.737025265,2.384318083,3.656688867,1.322364424,1.332274293,5.057826075,2.472172177,2.984170656,3.802739538,2.655543575,2.417896734,0.9453330658,1.420186165,1.928436208
447,3.627533477,4.453888526,1.539432283,4.069689028,4.73611635,1.118854994,1.119274468,3.511515745,2.730691569,5.425155844,1.895840996,2.480105982,3.07570819,0.699954707,2.353334434,2.784838823
448,2.07741121,5.928684672,1.078370671,3.94190726,4.136097431,1.432324376,2.212839259,5.630115618,1.007131295,4.899678339,1.982109418,1.404635388,3.943211198,0.7218429819,1.362656183,2.728822815
449,3.756979396,6.622862082,1.505427898,2.220927421,5.431125902,0.5014590296,1.233308718,4.621570552,2.336964332,4.088268629,2.370304667,1.921200543,2.421142536,0.5808647142,1.79783995,3.854741502
450,4.404266477,6.112275171,2.406408866,3.388527421,2.806278797,0.6902951313,2.309263437,3.649879155,1.314260166,4.056938203,2.197290651,1.86050049,4.155650985,1.338885833,2.280846193,4.223825002
451,1.671278138,5.101499698,2.033729046,3.37161423,4.360439957,0.5239242268,2.757068168,4.576517449,1.866565377,2.395714788,2.145099898,1.071032717,2.554979207,0.8485301418,1.441131795,4.156515418
452,2.644598554,2.997446089,2.143616116,2.879892725,5.638400742,0.6375694533,2.749883157,2.104406673,2.728840239,4.083635448,2.313326673,1.101283472,1.802496986,1.354760827,2.100824564,2.691487427
453,3.761165459,4.055883017,1.849638395,3.415552904,5.569707553,0.921111758,2.10677196,5.647008325,1.849928797,4.874652555,3.554989596,2.207623229,2.561461722,0.9966267267,1.650432922,3.839734222
454,2.20043052,6.638004885,1.332751148,2.865446675,4.158402143,1.439837109,2.408362749,3.075914596,2.471950236,4.184283574,3.386036499,1.33439481,1.952264408,0.513827016,1.827257974,2.872526305
455,2.649823195,4.282694612,1.645424129,3.241089444,5.695409073,0.7986285318,1.187895658,3.457625313,1.182690674,3.104076599,2.245168449,1.735315401,2.832636364,1.174409055,1.464529399,4.249050551
456,3.888587293,5.610357118,1.933354635,3.882319371,4.484465668,0.9058652916,2.924054137,3.9365377,2.277941418,5.951930005,3.76488714,1.960552129,2.561973403,1.202106065,2.380731357,4.262876015
457,3.036258661,3.452303116,1.355844984,2.15011595,3.250439073,0.658637271,2.787501576,3.116037051,1.834326007,3.905304853,2.045686808,2.774616349,2.673748039,0.5274383259,2.928606119,2.988262019
458,2.001919636,3.803800649,2.159957333,3.041784849,4.394025479,1.105538518,1.834124435,5.979410157,1.552265035,2.930577789,2.903789102,2.201679972,2.513752092,0.9988394896,1.631861808,2.405469202
459,3.950050307,7.017413838,2.604581917,2.165192048,5.123469183,1.35402113,2.8831894,2.969484169,2.325726484,4.659391926,3.0533716,1.701756063,4.382398761,1.199569591,1.218039075,4.416859537
460,2.468834847,6.133713649,2.353623151,1.705976241,6.293540791,0.7903068202,2.185712244,3.213490112,1.454041885,2.846267861,2.8940833,1.981888653,4.090125685,0.8715047026,2.415760903,1.698007767
461,3.050409616,5.185888012,1.805522931,2.011045349,5.426166926,0.5978135493,2.433678931,4.298548142,1.46853204,5.329183406,2.134089825,1.764838154,3.893673174,1.225321465,1.973500274,3.737220056
462,2.446344305,6.463349646,1.003946457,2.607099348,6.470471117,0.8169778747,2.9796923,5.074220281,1.866047313,3.623005511,2.950051309,1.624122706,4.132051677,1.313560577,2.289390133,1.797531985
463,2.81088427,6.814862026,1.384842248,3.927444705,7.260161356,0.6415941931,1.534857919,5.692069744,1.279300169,2.304983851,2.595256337,1.457971035,2.527335569,1.277147718,2.791396973,3.222792043
464,2.491817054,4.726078013,2.732834027,3.211439999,3.127675755,0.6872511778,2.03491494,5.03294595,2.193275644,3.852823879,2.661437321,2.439599063,2.545896238,0.9444682795,2.72732017,2.64122782
465,2.502189157,3.832496253,2.432839754,4.002650942,4.2544459,1.440816054,1.768013523,4.55395654,1.916648958,4.678908179,2.070263191,2.701754043,2.638407446,1.144448274,2.190941635,2.43719993
466,2.955664817,5.438089935,1.023508122,1.863181962,3.979196226,1.258103834,2.793663717,4.618439737,2.858527445,4.708768877,2.599498747,1.420605357,4.431872848,1.406087144,2.330043197,2.652798925
467,3.270112704,3.46766302,2.123362928,2.37302339,3.944183808,1.293228547,2.598337053,4.510251612,2.54068686,4.271247414,2.908682698,2.228370759,2.721445056,1.169834211,2.86705748,2.699238608
468,2.158151825,6.264984249,2.876534255,1.720767607,3.057048417,1.031036675,2.97432351,5.77480755,1.968227185,2.598304988,1.779547964,2.52590294,3.406299947,0.9633025042,2.426578183,2.664837697
469,4.272754319,5.625128503,1.244270929,4.093056929,3.904915355,0.9142213019,1.505336774,4.167922919,2.152027072,3.318571871,2.993463554,1.648232152,2.877702459,0.7808381181,2.031978975,3.453803184
470,2.174626032,5.916555712,2.562611563,3.125886281,4.8396053,1.319869363,1.941042061,5.762646307,1.235488208,2.065184781,1.876887271,2.431598653,3.539216879,1.132140193,1.83008119,2.97523271
471,2.835271454,3.938576882,1.082258808,3.550381244,6.016311298,1.026302446,2.516462813,4.480983991,1.649764501,4.911836822,3.85238889,2.079193863,1.830582422,1.038323388,2.90921567,3.847341237
472,1.782290706,2.967831009,1.576028912,1.54097118,5.010025502,1.166761765,2.288157522,3.607109219,2.045533051,4.443642458,2.274535331,2.92754704,1.772709599,1.359545481,1.810893931,3.696609102
473,2.765507224,7.37137883,1.405840114,3.372883005,5.39604819,1.221768922,2.86933342,3.157335475,1.243125337,5.828266937,2.388638039,2.971209767,4.283507903,0.7151148294,2.935305163,2.595364484
474,1.758122799,2.608687408,1.449198896,2.256915908,6.125402422,0.5589135414,1.75948218,2.168956399,1.690307887,2.038797719,3.30763376,1.403772953,2.181987523,1.366859521,2.498037273,4.298507078
475,3.305368432,3.981576483,1.180335848,2.566112127,3.495114246,0.8080400975,2.805360683,5.003195608,2.260534879,3.069771468,2.652962492,1.152831164,2.685970882,1.366371883,2.273567824,4.220667537
476,3.364359632,4.073156291,1.413074976,2.435443186,4.003776177,1.453292981,2.914042532,3.01691812,2.596243314,5.455486945,4.020622393,1.149443741,2.276132709,0.7270714646,2.639219541,2.267929281
477,4.481518258,5.938573838,1.168350868,3.752829577,3.214828715,1.081342548,2.062277892,3.930861555,1.597881753,3.69062438,4.1456616,1.892963614,2.625604859,1.399675698,1.41013334,4.024973307
478,2.940670355,3.082087616,1.354778098,3.955435914,6.718138083,0.8688959793,2.295975903,5.437951561,1.453598761,5.93761465,1.53067624,2.477533711,3.627341766,0.5420521303,2.385003931,2.343404208
479,2.484021199,3.908439838,1.263759295,3.741656445,2.801350145,1.15325058,1.552658521,3.448323951,1.831937766,2.969063098,3.80298708,2.396181922,3.183357242,0.5529806816,2.48925575,4.363987511
480,3.207266944,4.299178634,2.477762738,1.814877547,3.067835148,0.9379298702,1.027246306,2.137598182,2.826613245,4.927399485,1.93637926,1.508962505,3.615752247,0.8606539975,1.31064937,4.141206942
481,4.322886618,7.388756273,1.090271106,1.750383827,5.414233982,0.7462867654,1.622075689,5.522051409,2.789762541,3.872031247,1.613699746,2.29631241,4.31219598,1.001424519,1.493901244,2.052017389
482,2.011537518,7.40280179,2.974071911,3.488582543,3.311370126,1.331496006,1.954262119,5.478909284,2.59144142,3.995853742,3.226880984,2.286750694,2.147684557,0.8028137226,1.608292326,2.181329526
483,2.808648812,6.541096835,2.684875376,1.718076996,3.958288402,1.411172684,1.896101616,2.878914158,1.148003822,2.77208187,3.898766359,1.24773184,3.318280019,0.5952975717,1.52855469,2.07869368
484,4.050998603,6.188869849,1.476390455,2.130496448,3.871749633,1.30428157,2.547348206,5.489599215,1.947541837,4.623311378,3.851028813,2.375659983,2.465186003,0.9449663509,2.280827208,2.742673205
485,4.292265992,5.393900909,2.081797083,2.00509897,5.372423879,1.317730076,2.505845459,5.736471533,2.687044019,5.725987206,2.455441406,2.254663895,4.327369696,1.186669334,1.582594405,2.707984641
486,3.533360166,4.986462466,2.291042805,3.533535869,4.806021268,0.5676565041,1.394088336,3.943097827,2.47755515,2.939544123,1.765287763,1.170605131,4.378470825,1.345014449,2.801293046,4.248062133
487,3.852425093,5.73416461,1.282453775,4.373732701,6.339282368,1.167326761,2.383970601,2.422021084,1.531943174,3.465800167,2.140898379,2.928111268,2.493416027,1.235982078,2.780821243,3.10334282
488,2.758768534,7.096181924,2.106781431,2.216193487,3.36039155,0.8570651158,2.091755809,3.545779807,1.456924389,2.49884834,3.51249263,2.06937289,1.90247628,0.9024938182,1.511651199,2.580457735
489,1.541798817,4.363074392,2.716685256,2.420454437,2.837205087,1.048758409,1.483133324,2.249384619,1.273961568,2.324045323,1.645279966,1.830153743,4.257166218,0.8942433111,2.080519253,4.222097501
490,1.535897441,2.774890803,2.374504027,3.132983451,5.70034572,0.5935910665,1.930541116,4.87596868,2.556610444,3.63027058,2.89802005,1.664278133,3.683801909,0.7006290023,2.532763136,2.153811901
491,4.496404595,4.656529935,1.309258556,2.923294448,6.131743227,1.190464667,2.982460474,4.14037096,2.72124638,5.834968891,3.06930018,2.229528007,1.928524188,0.5713114357,2.6408055,3.307741971
492,3.350445345,6.992324061,2.521008103,3.905242522,3.60242671,0.9524816727,1.731790552,3.425944977,1.863701334,4.681924935,2.647901217,2.552858814,2.752162654,1.010607013,2.998095481,1.678574042
493,2.469912454,2.926486772,1.44349884,1.823375721,6.073632128,0.6688281257,2.5563961,2.739944492,1.22833363,3.008848625,4.195955492,2.79197782,4.386057325,0.8206573519,1.293257912,3.824241256
494,2.010951291,3.650023062,1.892198754,2.181315568,6.003151897,1.479981864,2.499787829,4.828300651,1.187705343,3.826251713,2.914332954,2.978910233,3.482769786,1.209457323,1.372571943,1.599187041
495,2.346775526,5.917512276,1.215073023,3.885571476,7.317117901,0.6880647058,1.203662412,2.622331299,2.508580235,2.593150197,2.285038389,2.997611469,2.458431868,1.131178738,2.675677256,2.138572185
496,1.919403846,6.25446109,1.514511746,3.714031763,2.805281964,1.490104584,1.568569085,4.398982992,1.245432489,2.830600173,3.302802208,1.727750565,3.495249641,1.305754019,1.630419929,3.913974933
497,2.185918374,4.89270836,2.53563616,3.537880772,7.422953702,1.027032576,2.399430382,3.171716857,1.607601022,2.400247891,3.791003571,2.589785906,2.851530978,0.9518425741,2.897000657,2.202234712
498,2.005172667,2.762096019,2.627879771,1.949533778,3.811612023,1.449162214,2.058482142,5.477537554,1.03559631,2.525252993,3.741463938,2.646815205,3.387639036,0.7688258867,2.282570604,1.705339812
499,2.215420466,6.340650671,1.306199851,4.123473072,2.512295991,0.633656658,2.972584128,5.748103131,1.518995845,3.309729848,3.224934238,1.666249578,2.688388343,0.6199951791,2.465274851,2.780571515
