profile,portfolio,n_scenarios,mean_hours_lost,tail_hours_lost_cvar90,sustained_outage_probability,sustained_outage_probability_k1,sustained_outage_probability_k2,sustained_outage_probability_k3,sustained_outage_probability_k4,nonrecovery_probability,implementation_cost_points,operational_burden_points,mean_defensive_isolation_hours_per_node,pareto_efficient
high_capacity,seg-least_privilege|patch+0|det0|iso0|bak-isolated|idm0,800,3.80115625,17.70552209,0.00875,0.04,0.00875,0.00875,0.00875,0.00125,0,0,0.3907871247,1
high_capacity,seg-least_privilege|patch+0|det0|iso0|bak-isolated|idm1,800,3.80115625,17.70552209,0.00875,0.04,0.00875,0.00875,0.00875,0.00125,4,3,0.3907871247,0
high_capacity,seg-least_privilege|patch+0|det0|iso1|bak-isolated|idm0,800,3.707666667,17.75699588,0.00625,0.03625,0.00625,0.00625,0.00625,0.00125,5,3,0.3829254125,0
high_capacity,seg-least_privilege|patch+0|det0|iso1|bak-isolated|idm1,800,3.707666667,17.75699588,0.00625,0.03625,0.00625,0.00625,0.00625,0.00125,9,6,0.3829254125,0
high_capacity,seg-least_privilege|patch+0|det1|iso0|bak-isolated|idm0,800,3.376270833,16.57947154,0.00125,0.02625,0.00125,0.00125,0.00125,0.00125,3,2,0.3659222845,1
high_capacity,seg-least_privilege|patch+0|det1|iso0|bak-isolated|idm1,800,3.376270833,16.57947154,0.00125,0.02625,0.00125,0.00125,0.00125,0.00125,7,5,0.3659222845,0
high_capacity,seg-least_privilege|patch+0|det1|iso1|bak-isolated|idm0,800,3.263260417,16.5475,0,0.025,0,0,0,0.00125,8,5,0.3518525367,1
high_capacity,seg-least_privilege|patch+0|det1|iso1|bak-isolated|idm1,800,3.263260417,16.5475,0,0.025,0,0,0,0.00125,12,8,0.3518525367,0
high_capacity,seg-least_privilege|patch+1|det0|iso0|bak-isolated|idm0,800,3.664666667,17.53625,0.00625,0.035,0.00625,0.00625,0.00625,0.00125,2,3,0.3840384242,1
high_capacity,seg-least_privilege|patch+1|det0|iso0|bak-isolated|idm1,800,3.664666667,17.53625,0.00625,0.035,0.00625,0.00625,0.00625,0.00125,6,6,0.3840384242,0
high_capacity,seg-least_privilege|patch+1|det0|iso1|bak-isolated|idm0,800,3.56209375,17.28699187,0.005,0.03375,0.005,0.005,0.005,0.00125,7,6,0.3761596577,0
high_capacity,seg-least_privilege|patch+1|det0|iso1|bak-isolated|idm1,800,3.56209375,17.28699187,0.005,0.03375,0.005,0.005,0.005,0.00125,11,9,0.3761596577,0
high_capacity,seg-least_privilege|patch+1|det1|iso0|bak-isolated|idm0,800,3.32596875,16.6284375,0.00125,0.02625,0.00125,0.00125,0.00125,0.00125,5,5,0.3621588941,1
high_capacity,seg-least_privilege|patch+1|det1|iso0|bak-isolated|idm1,800,3.32596875,16.6284375,0.00125,0.02625,0.00125,0.00125,0.00125,0.00125,9,8,0.3621588941,0
high_capacity,seg-least_privilege|patch+1|det1|iso1|bak-isolated|idm0,800,3.214916667,16.40751029,0,0.025,0,0,0,0.00125,10,8,0.3487774641,1
high_capacity,seg-least_privilege|patch+1|det1|iso1|bak-isolated|idm1,800,3.214916667,16.40751029,0,0.025,0,0,0,0.00125,14,11,0.3487774641,0
intermediate_capacity,seg-basic|patch+0|det0|iso0|bak-isolated|idm0,250,119.5385,245.2443333,0.708,0.724,0.712,0.708,0.708,0.024,1,1,0.5350999674,1
intermediate_capacity,seg-basic|patch+0|det0|iso0|bak-isolated|idm1,250,115.6890333,239.5383333,0.696,0.712,0.7,0.696,0.696,0.024,5,4,0.5350148197,0
intermediate_capacity,seg-basic|patch+0|det0|iso0|bak-periodic|idm0,250,156.2753333,303.4623333,0.708,0.724,0.712,0.708,0.708,0.056,0,0,0.5141862136,1
intermediate_capacity,seg-basic|patch+0|det0|iso0|bak-periodic|idm1,250,151.6175667,297.1893333,0.696,0.712,0.7,0.696,0.696,0.06,4,3,0.5166173466,0
intermediate_capacity,seg-basic|patch+0|det0|iso1|bak-isolated|idm0,250,113.9267333,248.5073333,0.68,0.696,0.684,0.68,0.68,0.024,6,4,0.5341706009,0
intermediate_capacity,seg-basic|patch+0|det0|iso1|bak-isolated|idm1,250,110.5297,243.323,0.668,0.684,0.672,0.668,0.668,0.02,10,7,0.5278859979,0
intermediate_capacity,seg-basic|patch+0|det0|iso1|bak-periodic|idm0,250,148.4613333,305.979,0.68,0.696,0.684,0.68,0.68,0.052,5,3,0.5157558941,0
intermediate_capacity,seg-basic|patch+0|det0|iso1|bak-periodic|idm1,250,144.5106333,300.5783333,0.668,0.684,0.672,0.668,0.668,0.06,9,6,0.5167287174,0
intermediate_capacity,seg-basic|patch+0|det1|iso0|bak-isolated|idm0,250,36.6145,119.003,0.396,0.452,0.424,0.408,0.396,0.016,4,3,0.5107016122,1
intermediate_capacity,seg-basic|patch+0|det1|iso0|bak-isolated|idm1,250,31.70303333,118.589,0.328,0.412,0.376,0.348,0.328,0.016,8,6,0.5118148828,0
intermediate_capacity,seg-basic|patch+0|det1|iso0|bak-periodic|idm0,250,47.06546667,153.512,0.396,0.452,0.424,0.408,0.396,0.016,3,2,0.5579758848,1
intermediate_capacity,seg-basic|patch+0|det1|iso0|bak-periodic|idm1,250,40.5112,150.4236667,0.328,0.412,0.376,0.348,0.328,0.016,7,5,0.5478760775,0
intermediate_capacity,seg-basic|patch+0|det1|iso1|bak-isolated|idm0,250,31.169,120.107,0.332,0.408,0.364,0.344,0.332,0.016,9,6,0.4971103993,0
intermediate_capacity,seg-basic|patch+0|det1|iso1|bak-isolated|idm1,250,26.87206667,118.2173333,0.264,0.376,0.328,0.3,0.264,0.016,13,9,0.4948027995,0
intermediate_capacity,seg-basic|patch+0|det1|iso1|bak-periodic|idm0,250,39.1268,151.4053333,0.332,0.408,0.364,0.344,0.332,0.016,8,5,0.5354348464,0
intermediate_capacity,seg-basic|patch+0|det1|iso1|bak-periodic|idm1,250,33.6784,147.0836667,0.264,0.376,0.328,0.3,0.264,0.016,12,8,0.5235661705,0
intermediate_capacity,seg-basic|patch+1|det0|iso0|bak-isolated|idm0,250,91.11706667,246.1346667,0.532,0.572,0.552,0.536,0.532,0.028,3,4,0.590907858,0
intermediate_capacity,seg-basic|patch+1|det0|iso0|bak-isolated|idm1,250,84.75536667,243.13,0.48,0.552,0.528,0.504,0.48,0.036,7,7,0.5855702981,0
intermediate_capacity,seg-basic|patch+1|det0|iso0|bak-periodic|idm0,250,111.6172333,292.1003333,0.532,0.572,0.552,0.54,0.532,0.056,2,3,0.5932342303,0
intermediate_capacity,seg-basic|patch+1|det0|iso0|bak-periodic|idm1,250,103.8553333,285.3046667,0.48,0.552,0.528,0.508,0.48,0.064,6,6,0.5944006645,0
intermediate_capacity,seg-basic|patch+1|det0|iso1|bak-isolated|idm0,250,88.12026667,252.643,0.496,0.544,0.524,0.5,0.496,0.032,8,7,0.5835069247,0
intermediate_capacity,seg-basic|patch+1|det0|iso1|bak-isolated|idm1,250,80.97043333,242.9526667,0.448,0.528,0.5,0.468,0.448,0.044,12,10,0.581652752,0
intermediate_capacity,seg-basic|patch+1|det0|iso1|bak-periodic|idm0,250,106.7917667,297.4586667,0.496,0.544,0.524,0.504,0.496,0.056,7,6,0.5822437349,0
intermediate_capacity,seg-basic|patch+1|det0|iso1|bak-periodic|idm1,250,97.8775,283.3286667,0.448,0.528,0.5,0.472,0.448,0.06,11,9,0.5861247815,0
intermediate_capacity,seg-basic|patch+1|det1|iso0|bak-isolated|idm0,250,16.32383333,92.664,0.176,0.268,0.2,0.184,0.176,0.008,6,6,0.4905585621,1
intermediate_capacity,seg-basic|patch+1|det1|iso0|bak-isolated|idm1,250,14.4756,89.08733333,0.124,0.228,0.152,0.132,0.124,0.008,10,9,0.4910811487,0
intermediate_capacity,seg-basic|patch+1|det1|iso0|bak-periodic|idm0,250,18.37343333,107.9766667,0.176,0.268,0.2,0.184,0.176,0.008,5,5,0.5060733596,1
intermediate_capacity,seg-basic|patch+1|det1|iso0|bak-periodic|idm1,250,16.05053333,101.8556667,0.124,0.228,0.152,0.132,0.124,0.008,9,8,0.4994578466,0
intermediate_capacity,seg-basic|patch+1|det1|iso1|bak-isolated|idm0,250,13.27393333,78.17466667,0.148,0.236,0.164,0.152,0.148,0.008,11,9,0.472648771,0
intermediate_capacity,seg-basic|patch+1|det1|iso1|bak-isolated|idm1,250,11.74253333,74.772,0.092,0.192,0.112,0.096,0.092,0.008,15,12,0.4740742451,0
intermediate_capacity,seg-basic|patch+1|det1|iso1|bak-periodic|idm0,250,14.5761,89.45533333,0.148,0.236,0.164,0.152,0.148,0.008,10,8,0.4870319111,0
intermediate_capacity,seg-basic|patch+1|det1|iso1|bak-periodic|idm1,250,12.8136,85.06333333,0.092,0.192,0.112,0.096,0.092,0.008,14,11,0.4801515053,0
intermediate_capacity,seg-basic|patch+2|det0|iso0|bak-isolated|idm0,250,61.2598,228.1796667,0.36,0.432,0.388,0.364,0.36,0.028,5,7,0.5776426648,0
intermediate_capacity,seg-basic|patch+2|det0|iso0|bak-isolated|idm1,250,52.4591,223.0363333,0.288,0.4,0.34,0.308,0.288,0.032,9,10,0.5693709098,0
intermediate_capacity,seg-basic|patch+2|det0|iso0|bak-periodic|idm0,250,69.43743333,257.8663333,0.364,0.432,0.388,0.368,0.364,0.052,4,6,0.5842343945,0
intermediate_capacity,seg-basic|patch+2|det0|iso0|bak-periodic|idm1,250,59.30253333,250.6156667,0.288,0.4,0.34,0.312,0.288,0.052,8,9,0.5760131031,0
intermediate_capacity,seg-basic|patch+2|det0|iso1|bak-isolated|idm0,250,57.4404,225.85,0.344,0.42,0.376,0.352,0.344,0.032,10,10,0.5693012151,0
intermediate_capacity,seg-basic|patch+2|det0|iso1|bak-isolated|idm1,250,47.23983333,221.7426667,0.252,0.388,0.324,0.28,0.252,0.036,14,13,0.5590843146,0
intermediate_capacity,seg-basic|patch+2|det0|iso1|bak-periodic|idm0,250,65.38863333,255.8473333,0.344,0.42,0.376,0.356,0.344,0.048,9,9,0.577040357,0
intermediate_capacity,seg-basic|patch+2|det0|iso1|bak-periodic|idm1,250,53.71413333,249.2893333,0.252,0.388,0.324,0.284,0.252,0.052,13,12,0.5707049875,0
intermediate_capacity,seg-basic|patch+2|det1|iso0|bak-isolated|idm0,250,7.983366667,40.693,0.076,0.164,0.096,0.076,0.076,0.008,8,9,0.4679733397,0
intermediate_capacity,seg-basic|patch+2|det1|iso0|bak-isolated|idm1,250,6.965966667,35.21366667,0.052,0.136,0.068,0.052,0.052,0.008,12,12,0.4676890638,0
intermediate_capacity,seg-basic|patch+2|det1|iso0|bak-periodic|idm0,250,8.1397,41.47866667,0.076,0.164,0.096,0.076,0.076,0.008,7,8,0.4773966852,0
intermediate_capacity,seg-basic|patch+2|det1|iso0|bak-periodic|idm1,250,7.0627,35.898,0.052,0.136,0.068,0.052,0.052,0.008,11,11,0.4740153078,0
intermediate_capacity,seg-basic|patch+2|det1|iso1|bak-isolated|idm0,250,7.299566667,36.19433333,0.072,0.152,0.088,0.072,0.072,0.008,13,12,0.4546567687,0
intermediate_capacity,seg-basic|patch+2|det1|iso1|bak-isolated|idm1,250,6.434133333,32.11766667,0.048,0.124,0.064,0.048,0.048,0.008,17,15,0.4542924928,0
intermediate_capacity,seg-basic|patch+2|det1|iso1|bak-periodic|idm0,250,7.4315,36.09551282,0.072,0.152,0.088,0.072,0.072,0.008,12,11,0.4616578642,0
intermediate_capacity,seg-basic|patch+2|det1|iso1|bak-periodic|idm1,250,6.506666667,32.58933333,0.048,0.124,0.064,0.048,0.048,0.008,16,14,0.4581964868,0
intermediate_capacity,seg-least_privilege|patch+0|det0|iso0|bak-isolated|idm0,250,64.1844,196.7143333,0.444,0.516,0.476,0.452,0.444,0.02,3,3,0.5806590787,0
intermediate_capacity,seg-least_privilege|patch+0|det0|iso0|bak-isolated|idm1,250,51.14923333,180.197,0.328,0.492,0.44,0.376,0.328,0.016,7,6,0.5856485432,0
intermediate_capacity,seg-least_privilege|patch+0|det0|iso0|bak-periodic|idm0,250,76.53783333,236.9543333,0.444,0.516,0.476,0.452,0.444,0.024,2,2,0.5915395437,1
intermediate_capacity,seg-least_privilege|patch+0|det0|iso0|bak-periodic|idm1,250,60.7612,218.6353333,0.332,0.492,0.44,0.376,0.332,0.016,6,5,0.5994394607,0
intermediate_capacity,seg-least_privilege|patch+0|det0|iso1|bak-isolated|idm0,250,59.70676667,193.295,0.412,0.504,0.444,0.42,0.412,0.016,8,6,0.5722839044,0
intermediate_capacity,seg-least_privilege|patch+0|det0|iso1|bak-isolated|idm1,250,47.075,175.2276667,0.3,0.48,0.396,0.34,0.3,0.016,12,9,0.5797869674,0
intermediate_capacity,seg-least_privilege|patch+0|det0|iso1|bak-periodic|idm0,250,70.81776667,231.9986667,0.412,0.504,0.444,0.42,0.412,0.024,7,5,0.5898123032,0
intermediate_capacity,seg-least_privilege|patch+0|det0|iso1|bak-periodic|idm1,250,55.1488,209.1436667,0.304,0.48,0.396,0.34,0.304,0.02,11,8,0.5980034009,0
intermediate_capacity,seg-least_privilege|patch+0|det1|iso0|bak-isolated|idm0,250,10.37263333,56.48733333,0.1,0.228,0.136,0.104,0.1,0.012,6,5,0.4846007034,1
intermediate_capacity,seg-least_privilege|patch+0|det1|iso0|bak-isolated|idm1,250,8.162,40.63166667,0.064,0.192,0.096,0.068,0.064,0.008,10,8,0.4821502794,0
intermediate_capacity,seg-least_privilege|patch+0|det1|iso0|bak-periodic|idm0,250,11.02303333,62.67266667,0.1,0.228,0.136,0.104,0.1,0.012,5,4,0.4874122657,1
intermediate_capacity,seg-least_privilege|patch+0|det1|iso0|bak-periodic|idm1,250,8.417333333,43.057,0.064,0.192,0.096,0.068,0.064,0.008,9,7,0.4829427381,0
intermediate_capacity,seg-least_privilege|patch+0|det1|iso1|bak-isolated|idm0,250,9.063666667,48.85,0.092,0.192,0.112,0.092,0.092,0.012,11,8,0.4711906625,0
intermediate_capacity,seg-least_privilege|patch+0|det1|iso1|bak-isolated|idm1,250,7.0899,32.75032051,0.056,0.168,0.084,0.06,0.056,0.008,15,11,0.4666185263,0
intermediate_capacity,seg-least_privilege|patch+0|det1|iso1|bak-periodic|idm0,250,9.514366667,52.915,0.092,0.196,0.112,0.092,0.092,0.012,10,7,0.4733121207,0
intermediate_capacity,seg-least_privilege|patch+0|det1|iso1|bak-periodic|idm1,250,7.178166667,33.47596154,0.056,0.168,0.084,0.06,0.056,0.008,14,10,0.467756868,0
intermediate_capacity,seg-least_privilege|patch+1|det0|iso0|bak-isolated|idm0,250,25.88286667,146.831,0.172,0.312,0.24,0.2,0.172,0.008,5,6,0.5467310128,1
intermediate_capacity,seg-least_privilege|patch+1|det0|iso0|bak-isolated|idm1,250,22.17266667,133.5783333,0.128,0.292,0.196,0.152,0.128,0.012,9,9,0.5513440106,0
intermediate_capacity,seg-least_privilege|patch+1|det0|iso0|bak-periodic|idm0,250,27.79276667,158.9456667,0.172,0.312,0.24,0.2,0.172,0.012,4,5,0.5506612208,1
intermediate_capacity,seg-least_privilege|patch+1|det0|iso0|bak-periodic|idm1,250,23.9757,146.3963333,0.128,0.292,0.196,0.152,0.128,0.016,8,8,0.5556019625,0
intermediate_capacity,seg-least_privilege|patch+1|det0|iso1|bak-isolated|idm0,250,24.9667,143.871,0.168,0.304,0.232,0.192,0.168,0.012,10,9,0.5408383689,0
intermediate_capacity,seg-least_privilege|patch+1|det0|iso1|bak-isolated|idm1,250,21.0575,128.7623333,0.12,0.28,0.192,0.144,0.12,0.012,14,12,0.5433838819,0
intermediate_capacity,seg-least_privilege|patch+1|det0|iso1|bak-periodic|idm0,250,26.73636667,154.6176667,0.168,0.304,0.232,0.192,0.168,0.016,9,8,0.5448466297,0
intermediate_capacity,seg-least_privilege|patch+1|det0|iso1|bak-periodic|idm1,250,22.71553333,140.8896667,0.12,0.28,0.192,0.144,0.12,0.016,13,11,0.5479865238,0
intermediate_capacity,seg-least_privilege|patch+1|det1|iso0|bak-isolated|idm0,250,5.8544,27.70866667,0.044,0.108,0.056,0.044,0.044,0.008,8,8,0.4612983405,1
intermediate_capacity,seg-least_privilege|patch+1|det1|iso0|bak-isolated|idm1,250,5.6318,26.427,0.036,0.1,0.048,0.036,0.036,0.008,12,11,0.461670066,0
intermediate_capacity,seg-least_privilege|patch+1|det1|iso0|bak-periodic|idm0,250,5.9099,28.259,0.044,0.108,0.056,0.044,0.044,0.008,7,7,0.4612272308,1
intermediate_capacity,seg-least_privilege|patch+1|det1|iso0|bak-periodic|idm1,250,5.669433333,26.79866667,0.036,0.1,0.048,0.036,0.036,0.008,11,10,0.461636871,0
intermediate_capacity,seg-least_privilege|patch+1|det1|iso1|bak-isolated|idm0,250,5.650066667,26.97233333,0.044,0.1,0.056,0.044,0.044,0.008,13,11,0.4512181178,0
intermediate_capacity,seg-least_privilege|patch+1|det1|iso1|bak-isolated|idm1,250,5.427533333,25.32371795,0.036,0.092,0.044,0.036,0.036,0.008,17,14,0.4515629074,0
intermediate_capacity,seg-least_privilege|patch+1|det1|iso1|bak-periodic|idm0,250,5.704466667,27.51633333,0.044,0.1,0.056,0.044,0.044,0.008,12,10,0.4512181178,0
intermediate_capacity,seg-least_privilege|patch+1|det1|iso1|bak-periodic|idm1,250,5.468533333,25.71794872,0.036,0.092,0.044,0.036,0.036,0.008,16,13,0.4515629074,0
intermediate_capacity,seg-least_privilege|patch+2|det0|iso0|bak-isolated|idm0,250,13.82546667,86.97,0.1,0.2,0.12,0.104,0.1,0.012,7,9,0.5331865552,0
intermediate_capacity,seg-least_privilege|patch+2|det0|iso0|bak-isolated|idm1,250,11.18796667,65.034,0.072,0.18,0.092,0.076,0.072,0.012,11,12,0.5257811304,0
intermediate_capacity,seg-least_privilege|patch+2|det0|iso0|bak-periodic|idm0,250,14.1986,90.68866667,0.1,0.2,0.12,0.104,0.1,0.012,6,8,0.5344255774,0
intermediate_capacity,seg-least_privilege|patch+2|det0|iso0|bak-periodic|idm1,250,11.37023333,66.30033333,0.072,0.18,0.092,0.076,0.072,0.012,10,11,0.5271837895,0
intermediate_capacity,seg-least_privilege|patch+2|det0|iso1|bak-isolated|idm0,250,13.54193333,86.057,0.1,0.196,0.12,0.104,0.1,0.012,12,12,0.526646618,0
intermediate_capacity,seg-least_privilege|patch+2|det0|iso1|bak-isolated|idm1,250,10.78653333,62.86466667,0.072,0.176,0.088,0.076,0.072,0.012,16,15,0.5214596477,0
intermediate_capacity,seg-least_privilege|patch+2|det0|iso1|bak-periodic|idm0,250,13.91013333,89.72633333,0.1,0.196,0.12,0.104,0.1,0.012,11,11,0.5279501564,0
intermediate_capacity,seg-least_privilege|patch+2|det0|iso1|bak-periodic|idm1,250,10.96366667,64.10533333,0.072,0.176,0.088,0.076,0.072,0.012,15,14,0.5228306862,0
intermediate_capacity,seg-least_privilege|patch+2|det1|iso0|bak-isolated|idm0,250,5.086733333,23.07633333,0.032,0.08,0.04,0.032,0.032,0.008,10,11,0.4577886787,0
intermediate_capacity,seg-least_privilege|patch+2|det1|iso0|bak-isolated|idm1,250,4.913566667,22.36366667,0.024,0.076,0.032,0.024,0.024,0.004,14,14,0.4532941735,0
intermediate_capacity,seg-least_privilege|patch+2|det1|iso0|bak-periodic|idm0,250,5.086733333,23.07633333,0.032,0.08,0.04,0.032,0.032,0.008,9,10,0.4577886787,1
intermediate_capacity,seg-least_privilege|patch+2|det1|iso0|bak-periodic|idm1,250,4.913566667,22.36366667,0.024,0.076,0.032,0.024,0.024,0.004,13,13,0.4532941735,1
intermediate_capacity,seg-least_privilege|patch+2|det1|iso1|bak-isolated|idm0,250,4.949033333,22.88533333,0.032,0.076,0.04,0.032,0.032,0.008,15,14,0.4481278787,0
intermediate_capacity,seg-least_privilege|patch+2|det1|iso1|bak-isolated|idm1,250,4.775633333,22.12166667,0.024,0.072,0.032,0.024,0.024,0.004,19,17,0.4435990387,0
intermediate_capacity,seg-least_privilege|patch+2|det1|iso1|bak-periodic|idm0,250,4.949033333,22.88533333,0.032,0.076,0.04,0.032,0.032,0.008,14,13,0.4481278787,0
intermediate_capacity,seg-least_privilege|patch+2|det1|iso1|bak-periodic|idm1,250,4.775633333,22.12166667,0.024,0.072,0.032,0.024,0.024,0.004,18,16,0.4435990387,1
resource_constrained,seg-basic|patch+0|det0|iso0|bak-connected|idm0,350,310.7157857,374.6916667,0.9285714286,0.9285714286,0.9285714286,0.9285714286,0.9285714286,0.5371428571,3,2,0.1811268225,1
resource_constrained,seg-basic|patch+0|det0|iso0|bak-connected|idm1,350,307.6072619,372.9664286,0.92,0.92,0.92,0.92,0.92,0.5485714286,7,5,0.1838435066,0
resource_constrained,seg-basic|patch+0|det0|iso0|bak-isolated|idm0,350,252.9719048,331.9087838,0.9285714286,0.9285714286,0.9285714286,0.9285714286,0.9285714286,0.2371428571,5,4,0.2853267116,1
resource_constrained,seg-basic|patch+0|det0|iso0|bak-isolated|idm1,350,250.8805952,330.3797619,0.92,0.92,0.92,0.92,0.92,0.2457142857,9,7,0.285252408,0
resource_constrained,seg-basic|patch+0|det0|iso0|bak-periodic|idm0,350,310.4181429,374.4716667,0.9285714286,0.9285714286,0.9285714286,0.9285714286,0.9285714286,0.54,4,3,0.1828229861,1
resource_constrained,seg-basic|patch+0|det0|iso0|bak-periodic|idm1,350,307.2818095,372.7188095,0.92,0.92,0.92,0.92,0.92,0.5514285714,8,6,0.1854831229,0
resource_constrained,seg-basic|patch+0|det0|iso1|bak-connected|idm0,350,305.9438333,374.4471429,0.9171428571,0.9171428571,0.9171428571,0.9171428571,0.9171428571,0.52,8,5,0.1863890471,0
resource_constrained,seg-basic|patch+0|det0|iso1|bak-connected|idm1,350,302.4871429,372.7180952,0.9085714286,0.9085714286,0.9085714286,0.9085714286,0.9085714286,0.52,12,8,0.1898632735,0
resource_constrained,seg-basic|patch+0|det0|iso1|bak-isolated|idm0,350,248.7481429,331.9514286,0.9171428571,0.9171428571,0.9171428571,0.9171428571,0.9171428571,0.2257142857,10,7,0.2900340368,0
resource_constrained,seg-basic|patch+0|det0|iso1|bak-isolated|idm1,350,246.1709286,330.1166667,0.9085714286,0.9085714286,0.9085714286,0.9085714286,0.9085714286,0.2285714286,14,10,0.2910856062,0
resource_constrained,seg-basic|patch+0|det0|iso1|bak-periodic|idm0,350,305.6516429,374.2216667,0.9171428571,0.9171428571,0.9171428571,0.9171428571,0.9171428571,0.5228571429,9,6,0.1882208454,0
resource_constrained,seg-basic|patch+0|det0|iso1|bak-periodic|idm1,350,302.1598571,372.4780952,0.9085714286,0.9085714286,0.9085714286,0.9085714286,0.9085714286,0.5228571429,13,9,0.1916759077,0
resource_constrained,seg-basic|patch+0|det1|iso0|bak-connected|idm0,350,188.6343571,291.7540476,0.8628571429,0.8657142857,0.8628571429,0.8628571429,0.8628571429,0.07142857143,6,4,0.4086003003,1
resource_constrained,seg-basic|patch+0|det1|iso0|bak-connected|idm1,350,185.9098333,291.0371429,0.8514285714,0.8542857143,0.8514285714,0.8514285714,0.8514285714,0.06857142857,10,7,0.4080651814,0
resource_constrained,seg-basic|patch+0|det1|iso0|bak-isolated|idm0,350,135.8850238,224.3785714,0.8628571429,0.8657142857,0.8628571429,0.8628571429,0.8628571429,0.03142857143,8,6,0.4703926665,1
resource_constrained,seg-basic|patch+0|det1|iso0|bak-isolated|idm1,350,133.8875238,224.2657143,0.8514285714,0.8542857143,0.8514285714,0.8514285714,0.8514285714,0.03142857143,12,9,0.4727839455,0
resource_constrained,seg-basic|patch+0|det1|iso0|bak-periodic|idm0,350,187.9368095,291.0919048,0.8628571429,0.8657142857,0.8628571429,0.8628571429,0.8628571429,0.07142857143,7,5,0.4109514619,1
resource_constrained,seg-basic|patch+0|det1|iso0|bak-periodic|idm1,350,185.1847857,290.3180952,0.8514285714,0.8542857143,0.8514285714,0.8514285714,0.8514285714,0.06857142857,11,8,0.4105054173,0
resource_constrained,seg-basic|patch+0|det1|iso1|bak-connected|idm0,350,184.9359048,288.2659524,0.8457142857,0.8457142857,0.8457142857,0.8457142857,0.8457142857,0.06857142857,11,7,0.4164049294,0
resource_constrained,seg-basic|patch+0|det1|iso1|bak-connected|idm1,350,182.1071905,287.5921429,0.8342857143,0.8342857143,0.8342857143,0.8342857143,0.8342857143,0.06571428571,15,10,0.4165238245,0
resource_constrained,seg-basic|patch+0|det1|iso1|bak-isolated|idm0,350,133.4047381,221.3119048,0.8457142857,0.8457142857,0.8457142857,0.8457142857,0.8457142857,0.03142857143,13,9,0.483624142,1
resource_constrained,seg-basic|patch+0|det1|iso1|bak-isolated|idm1,350,131.3059762,221.0533333,0.8342857143,0.8342857143,0.8342857143,0.8342857143,0.8342857143,0.03142857143,17,12,0.4850638993,0
resource_constrained,seg-basic|patch+0|det1|iso1|bak-periodic|idm0,350,184.2204762,287.4869048,0.8457142857,0.8457142857,0.8457142857,0.8457142857,0.8457142857,0.06857142857,12,8,0.4195111829,0
resource_constrained,seg-basic|patch+0|det1|iso1|bak-periodic|idm1,350,181.267881,286.7916667,0.8342857143,0.8342857143,0.8342857143,0.8342857143,0.8342857143,0.06571428571,16,11,0.4196190324,0
resource_constrained,seg-basic|patch+1|det0|iso0|bak-connected|idm0,350,301.1200476,373.6442857,0.8914285714,0.8942857143,0.8914285714,0.8914285714,0.8914285714,0.5771428571,5,5,0.2470491726,1
resource_constrained,seg-basic|patch+1|det0|iso0|bak-connected|idm1,350,298.0993571,371.3171429,0.8885714286,0.8914285714,0.8885714286,0.8885714286,0.8885714286,0.5742857143,9,8,0.2507398131,0
resource_constrained,seg-basic|patch+1|det0|iso0|bak-isolated|idm0,350,248.6872381,331.1938095,0.8914285714,0.8942857143,0.8914285714,0.8914285714,0.8914285714,0.28,7,7,0.3285491291,0
resource_constrained,seg-basic|patch+1|det0|iso0|bak-isolated|idm1,350,246.2815476,329.38,0.8885714286,0.8914285714,0.8885714286,0.8885714286,0.8885714286,0.2885714286,11,10,0.3307582909,0
resource_constrained,seg-basic|patch+1|det0|iso0|bak-periodic|idm0,350,300.3005952,373.0619048,0.8914285714,0.8942857143,0.8914285714,0.8914285714,0.8914285714,0.5771428571,6,6,0.2477346505,0
resource_constrained,seg-basic|patch+1|det0|iso0|bak-periodic|idm1,350,297.2143571,370.8411905,0.8885714286,0.8914285714,0.8885714286,0.8885714286,0.8885714286,0.5742857143,10,9,0.2516023305,0
resource_constrained,seg-basic|patch+1|det0|iso1|bak-connected|idm0,350,296.7459048,373.4630952,0.88,0.8828571429,0.88,0.88,0.88,0.5685714286,10,8,0.2525934922,0
resource_constrained,seg-basic|patch+1|det0|iso1|bak-connected|idm1,350,293.6110714,371.2226191,0.8771428571,0.88,0.8771428571,0.8771428571,0.8771428571,0.5657142857,14,11,0.2570463653,0
resource_constrained,seg-basic|patch+1|det0|iso1|bak-isolated|idm0,350,245.0035714,331.0428571,0.88,0.8828571429,0.88,0.88,0.88,0.2742857143,12,10,0.3341903272,0
resource_constrained,seg-basic|patch+1|det0|iso1|bak-isolated|idm1,350,242.6410714,329.3735714,0.8771428571,0.88,0.8771428571,0.8771428571,0.8771428571,0.2885714286,16,13,0.3371956951,0
resource_constrained,seg-basic|patch+1|det0|iso1|bak-periodic|idm0,350,295.9347619,372.822381,0.88,0.8828571429,0.88,0.88,0.88,0.5657142857,11,9,0.2535921484,0
resource_constrained,seg-basic|patch+1|det0|iso1|bak-periodic|idm1,350,292.7065238,370.6445238,0.8771428571,0.88,0.8771428571,0.8771428571,0.8771428571,0.5657142857,15,12,0.2581306357,0
resource_constrained,seg-basic|patch+1|det1|iso0|bak-connected|idm0,350,181.1832381,307.2235714,0.7971428571,0.8028571429,0.7971428571,0.7971428571,0.7971428571,0.07714285714,8,7,0.4711752737,0
resource_constrained,seg-basic|patch+1|det1|iso0|bak-connected|idm1,350,176.8749048,305.8416667,0.7885714286,0.7942857143,0.7885714286,0.7885714286,0.7885714286,0.08,12,10,0.4731482927,0
resource_constrained,seg-basic|patch+1|det1|iso0|bak-isolated|idm0,350,134.2513809,243.6154762,0.7971428571,0.8028571429,0.7971428571,0.7971428571,0.7971428571,0.02857142857,10,9,0.5202534787,0
resource_constrained,seg-basic|patch+1|det1|iso0|bak-isolated|idm1,350,130.9104762,242.1147619,0.7885714286,0.7942857143,0.7885714286,0.7885714286,0.7885714286,0.02857142857,14,12,0.5233632219,0
resource_constrained,seg-basic|patch+1|det1|iso0|bak-periodic|idm0,350,179.8532619,305.3190476,0.7971428571,0.8028571429,0.7971428571,0.7971428571,0.7971428571,0.07714285714,9,8,0.4751009391,0
resource_constrained,seg-basic|patch+1|det1|iso0|bak-periodic|idm1,350,175.4027857,303.7719048,0.7885714286,0.7942857143,0.7885714286,0.7885714286,0.7885714286,0.08,13,11,0.4777424435,0
resource_constrained,seg-basic|patch+1|det1|iso1|bak-connected|idm0,350,176.4525476,305.3859524,0.7771428571,0.7828571429,0.7771428571,0.7771428571,0.7771428571,0.07142857143,13,10,0.4782686153,0
resource_constrained,seg-basic|patch+1|det1|iso1|bak-connected|idm1,350,170.9593571,303.9809524,0.7628571429,0.7685714286,0.7628571429,0.7628571429,0.7628571429,0.07428571429,17,13,0.4819003347,0
resource_constrained,seg-basic|patch+1|det1|iso1|bak-isolated|idm0,350,130.9860952,241.4164286,0.7771428571,0.7828571429,0.7771428571,0.7771428571,0.7771428571,0.02857142857,15,12,0.5277652891,0
resource_constrained,seg-basic|patch+1|det1|iso1|bak-isolated|idm1,350,126.6990476,239.7152381,0.7628571429,0.7685714286,0.7628571429,0.7628571429,0.7628571429,0.02857142857,19,15,0.5303174668,0
resource_constrained,seg-basic|patch+1|det1|iso1|bak-periodic|idm0,350,174.9653571,302.6092857,0.7771428571,0.7828571429,0.7771428571,0.7771428571,0.7771428571,0.07142857143,14,11,0.4819196068,0
resource_constrained,seg-basic|patch+1|det1|iso1|bak-periodic|idm1,350,169.5517381,301.9145238,0.7628571429,0.7685714286,0.7628571429,0.7628571429,0.7628571429,0.07428571429,18,14,0.4853645621,0
resource_constrained,seg-basic|patch+2|det0|iso0|bak-connected|idm0,350,275.7243333,371.0119048,0.8285714286,0.8342857143,0.8285714286,0.8285714286,0.8285714286,0.6342857143,7,8,0.336088805,1
resource_constrained,seg-basic|patch+2|det0|iso0|bak-connected|idm1,350,271.7582619,368.0616667,0.8257142857,0.8314285714,0.8257142857,0.8257142857,0.8257142857,0.64,11,11,0.3483848201,0
resource_constrained,seg-basic|patch+2|det0|iso0|bak-isolated|idm0,350,231.9730952,328.385,0.8285714286,0.8342857143,0.8285714286,0.8285714286,0.8285714286,0.3285714286,9,10,0.3942270433,0
resource_constrained,seg-basic|patch+2|det0|iso0|bak-isolated|idm1,350,228.7605952,325.63,0.8257142857,0.8314285714,0.8257142857,0.8257142857,0.8257142857,0.3514285714,13,13,0.4046453977,0
resource_constrained,seg-basic|patch+2|det0|iso0|bak-periodic|idm0,350,274.1892857,370.2719048,0.8285714286,0.8342857143,0.8285714286,0.8285714286,0.8285714286,0.6314285714,8,9,0.337284047,0
resource_constrained,seg-basic|patch+2|det0|iso0|bak-periodic|idm1,350,270.171619,367.217619,0.8257142857,0.8314285714,0.8257142857,0.8257142857,0.8257142857,0.6371428571,12,12,0.3497615279,0
resource_constrained,seg-basic|patch+2|det0|iso1|bak-connected|idm0,350,270.2781905,370.8790476,0.8114285714,0.8171428571,0.8114285714,0.8114285714,0.8114285714,0.6085714286,12,11,0.3441781412,0
resource_constrained,seg-basic|patch+2|det0|iso1|bak-connected|idm1,350,266.1221667,367.7704762,0.8085714286,0.8142857143,0.8085714286,0.8085714286,0.8085714286,0.6142857143,16,14,0.3565100312,0
resource_constrained,seg-basic|patch+2|det0|iso1|bak-isolated|idm0,350,227.3727857,328.2028571,0.8114285714,0.8171428571,0.8114285714,0.8114285714,0.8114285714,0.3171428571,14,13,0.3993507155,0
resource_constrained,seg-basic|patch+2|det0|iso1|bak-isolated|idm1,350,224.1631667,325.2621429,0.8085714286,0.8142857143,0.8085714286,0.8085714286,0.8085714286,0.3457142857,18,16,0.4093286295,0
resource_constrained,seg-basic|patch+2|det0|iso1|bak-periodic|idm0,350,268.8260238,369.9878571,0.8114285714,0.8171428571,0.8114285714,0.8114285714,0.8114285714,0.6171428571,13,12,0.3437951727,0
resource_constrained,seg-basic|patch+2|det0|iso1|bak-periodic|idm1,350,264.6335238,366.7171429,0.8085714286,0.8142857143,0.8085714286,0.8085714286,0.8085714286,0.6114285714,17,15,0.3561404992,0
resource_constrained,seg-basic|patch+2|det1|iso0|bak-connected|idm0,350,152.606881,299.2335714,0.6742857143,0.6914285714,0.6771428571,0.6742857143,0.6742857143,0.06285714286,10,10,0.5453690088,0
resource_constrained,seg-basic|patch+2|det1|iso0|bak-connected|idm1,350,144.3295,289.202619,0.6542857143,0.6771428571,0.6628571429,0.66,0.6542857143,0.06285714286,14,13,0.5537951112,0
resource_constrained,seg-basic|patch+2|det1|iso0|bak-isolated|idm0,350,116.2329524,237.6980952,0.6742857143,0.6914285714,0.6771428571,0.6742857143,0.6742857143,0.02571428571,12,12,0.5686321217,0
resource_constrained,seg-basic|patch+2|det1|iso0|bak-isolated|idm1,350,109.9661429,229.1407143,0.6542857143,0.6771428571,0.6628571429,0.66,0.6542857143,0.02571428571,16,15,0.5776930478,0
resource_constrained,seg-basic|patch+2|det1|iso0|bak-periodic|idm0,350,150.0253333,296.5919048,0.6742857143,0.6914285714,0.6771428571,0.6742857143,0.6742857143,0.06571428571,11,11,0.5482643147,0
resource_constrained,seg-basic|patch+2|det1|iso0|bak-periodic|idm1,350,141.8734524,287.2702381,0.6542857143,0.6771428571,0.6628571429,0.66,0.6542857143,0.06285714286,15,14,0.5570887419,0
resource_constrained,seg-basic|patch+2|det1|iso1|bak-connected|idm0,350,147.1856905,304.0502381,0.6428571429,0.6542857143,0.6457142857,0.6457142857,0.6428571429,0.06857142857,15,13,0.547346938,0
resource_constrained,seg-basic|patch+2|det1|iso1|bak-connected|idm1,350,137.5413571,293.5842857,0.62,0.6371428571,0.6285714286,0.6285714286,0.62,0.06285714286,19,16,0.5589856717,0
resource_constrained,seg-basic|patch+2|det1|iso1|bak-isolated|idm0,350,112.8056905,243.6028571,0.6428571429,0.6542857143,0.6457142857,0.6457142857,0.6428571429,0.02571428571,17,15,0.561448827,0
resource_constrained,seg-basic|patch+2|det1|iso1|bak-isolated|idm1,350,105.294619,235.4361905,0.62,0.6371428571,0.6285714286,0.6285714286,0.62,0.02571428571,21,18,0.5723631382,0
resource_constrained,seg-basic|patch+2|det1|iso1|bak-periodic|idm0,350,144.384619,299.5680952,0.6428571429,0.6542857143,0.6457142857,0.6457142857,0.6428571429,0.06571428571,16,14,0.5485819356,0
resource_constrained,seg-basic|patch+2|det1|iso1|bak-periodic|idm1,350,134.9480714,289.52,0.62,0.6371428571,0.6285714286,0.6285714286,0.62,0.05714285714,20,17,0.5606375118,0
resource_constrained,seg-basic|patch+3|det0|iso0|bak-connected|idm0,350,255.4926905,368.5507143,0.7857142857,0.7914285714,0.7857142857,0.7857142857,0.7857142857,0.6314285714,9,11,0.4050714952,0
resource_constrained,seg-basic|patch+3|det0|iso0|bak-connected|idm1,350,247.9650238,366.03,0.7771428571,0.7828571429,0.7771428571,0.7771428571,0.7771428571,0.6314285714,13,14,0.4194718689,0
resource_constrained,seg-basic|patch+3|det0|iso0|bak-isolated|idm0,350,217.4122857,327.4661905,0.7857142857,0.7914285714,0.7857142857,0.7857142857,0.7857142857,0.4028571429,11,13,0.4517472728,0
resource_constrained,seg-basic|patch+3|det0|iso0|bak-isolated|idm1,350,210.7765476,324.4690476,0.7771428571,0.7828571429,0.7771428571,0.7771428571,0.7771428571,0.4028571429,15,16,0.4646840624,0
resource_constrained,seg-basic|patch+3|det0|iso0|bak-periodic|idm0,350,252.7362619,367.0876191,0.7857142857,0.7914285714,0.7857142857,0.7857142857,0.7857142857,0.6285714286,10,12,0.4083782338,0
resource_constrained,seg-basic|patch+3|det0|iso0|bak-periodic|idm1,350,245.2500952,364.4138095,0.7771428571,0.7828571429,0.7771428571,0.7771428571,0.7771428571,0.6228571429,14,15,0.4223134208,0
resource_constrained,seg-basic|patch+3|det0|iso1|bak-connected|idm0,350,253.037881,368.24,0.7771428571,0.7828571429,0.7771428571,0.7771428571,0.7771428571,0.6285714286,14,14,0.4111197484,0
resource_constrained,seg-basic|patch+3|det0|iso1|bak-connected|idm1,350,245.1937143,365.7271429,0.7685714286,0.7742857143,0.7685714286,0.7685714286,0.7685714286,0.6257142857,18,17,0.4253512987,0
resource_constrained,seg-basic|patch+3|det0|iso1|bak-isolated|idm0,350,215.4273571,327.2733333,0.7771428571,0.7828571429,0.7771428571,0.7771428571,0.7771428571,0.3971428571,16,16,0.4568646967,0
resource_constrained,seg-basic|patch+3|det0|iso1|bak-isolated|idm1,350,208.694881,324.2247619,0.7685714286,0.7742857143,0.7685714286,0.7685714286,0.7685714286,0.4057142857,20,19,0.4690183736,0
resource_constrained,seg-basic|patch+3|det0|iso1|bak-periodic|idm0,350,250.4353571,366.8995238,0.7771428571,0.7828571429,0.7771428571,0.7771428571,0.7771428571,0.6285714286,15,15,0.4143840148,0
resource_constrained,seg-basic|patch+3|det0|iso1|bak-periodic|idm1,350,242.6467143,364.2109524,0.7685714286,0.7742857143,0.7685714286,0.7685714286,0.7685714286,0.6171428571,19,18,0.4283087573,0
resource_constrained,seg-basic|patch+3|det1|iso0|bak-connected|idm0,350,135.3457857,306.5728571,0.58,0.6228571429,0.6,0.5914285714,0.58,0.09428571429,12,13,0.5963389234,0
resource_constrained,seg-basic|patch+3|det1|iso0|bak-connected|idm1,350,126.690619,299.4869048,0.5428571429,0.6085714286,0.5828571429,0.5685714286,0.5428571429,0.08857142857,16,16,0.6014241123,0
resource_constrained,seg-basic|patch+3|det1|iso0|bak-isolated|idm0,350,106.9059524,252.8335714,0.58,0.6228571429,0.6,0.5914285714,0.58,0.04,14,15,0.5977495878,0
resource_constrained,seg-basic|patch+3|det1|iso0|bak-isolated|idm1,350,100.096619,243.2652381,0.5428571429,0.6085714286,0.5828571429,0.5685714286,0.5428571429,0.03428571429,18,18,0.6040045299,0
resource_constrained,seg-basic|patch+3|det1|iso0|bak-periodic|idm0,350,131.6679524,302.3371429,0.58,0.6228571429,0.6,0.5914285714,0.58,0.08857142857,13,14,0.5999541487,0
resource_constrained,seg-basic|patch+3|det1|iso0|bak-periodic|idm1,350,123.1240952,295.1516667,0.5428571429,0.6085714286,0.5828571429,0.5685714286,0.5428571429,0.07714285714,17,17,0.6023808281,0
resource_constrained,seg-basic|patch+3|det1|iso1|bak-connected|idm0,350,128.262881,304.2280952,0.56,0.5942857143,0.5742857143,0.5657142857,0.56,0.08,17,16,0.5964790042,0
resource_constrained,seg-basic|patch+3|det1|iso1|bak-connected|idm1,350,116.4133095,298.102619,0.5114285714,0.5714285714,0.5485714286,0.5285714286,0.5114285714,0.07714285714,21,19,0.5983044335,0
resource_constrained,seg-basic|patch+3|det1|iso1|bak-isolated|idm0,350,101.6500952,250.9297619,0.56,0.5942857143,0.5742857143,0.5657142857,0.56,0.04285714286,19,18,0.5964402559,0
resource_constrained,seg-basic|patch+3|det1|iso1|bak-isolated|idm1,350,92.62404762,245.8240476,0.5114285714,0.5714285714,0.5485714286,0.5285714286,0.5114285714,0.04571428571,23,21,0.6036279023,0
resource_constrained,seg-basic|patch+3|det1|iso1|bak-periodic|idm0,350,124.5783095,299.1611905,0.56,0.5942857143,0.5742857143,0.5657142857,0.56,0.07428571429,18,17,0.5955016131,0
resource_constrained,seg-basic|patch+3|det1|iso1|bak-periodic|idm1,350,113.161,290.8330952,0.5114285714,0.5714285714,0.5485714286,0.5285714286,0.5114285714,0.07428571429,22,20,0.5999723678,0
resource_constrained,seg-flat|patch+0|det0|iso0|bak-connected|idm0,350,322.7111905,377.4511905,0.9657142857,0.9657142857,0.9657142857,0.9657142857,0.9657142857,0.4914285714,0,0,0.1191493614,1
resource_constrained,seg-flat|patch+0|det0|iso0|bak-connected|idm1,350,321.0014524,376.9378571,0.96,0.96,0.96,0.96,0.96,0.4914285714,4,3,0.1204707996,0
resource_constrained,seg-flat|patch+0|det0|iso0|bak-isolated|idm0,350,260.3115952,334.8678571,0.9657142857,0.9657142857,0.9657142857,0.9657142857,0.9657142857,0.2,2,2,0.2401961143,1
resource_constrained,seg-flat|patch+0|det0|iso0|bak-isolated|idm1,350,259.0844762,334.1328571,0.96,0.96,0.96,0.96,0.96,0.2085714286,6,5,0.2393396697,0
resource_constrained,seg-flat|patch+0|det0|iso0|bak-periodic|idm0,350,322.7388095,377.272619,0.9657142857,0.9657142857,0.9657142857,0.9657142857,0.9657142857,0.4942857143,1,1,0.1202823147,1
resource_constrained,seg-flat|patch+0|det0|iso0|bak-periodic|idm1,350,320.9825238,376.6988426,0.96,0.96,0.96,0.96,0.96,0.4942857143,5,4,0.1214657591,0
resource_constrained,seg-flat|patch+0|det0|iso1|bak-connected|idm0,350,318.366881,377.4240476,0.9542857143,0.9542857143,0.9542857143,0.9542857143,0.9542857143,0.4828571429,5,3,0.1228824649,0
resource_constrained,seg-flat|patch+0|det0|iso1|bak-connected|idm1,350,316.7150476,376.8952381,0.9485714286,0.9485714286,0.9485714286,0.9485714286,0.9485714286,0.4857142857,9,6,0.1239313846,0
resource_constrained,seg-flat|patch+0|det0|iso1|bak-isolated|idm0,350,256.618119,334.7752381,0.9542857143,0.9542857143,0.9542857143,0.9542857143,0.9542857143,0.1942857143,7,5,0.2432109162,0
resource_constrained,seg-flat|patch+0|det0|iso1|bak-isolated|idm1,350,255.5010714,334.0278571,0.9485714286,0.9485714286,0.9485714286,0.9485714286,0.9485714286,0.2028571429,11,8,0.2421197139,0
resource_constrained,seg-flat|patch+0|det0|iso1|bak-periodic|idm0,350,318.3790714,377.242619,0.9542857143,0.9542857143,0.9542857143,0.9542857143,0.9542857143,0.4857142857,6,4,0.1243184354,0
resource_constrained,seg-flat|patch+0|det0|iso1|bak-periodic|idm1,350,316.6802857,376.7111905,0.9485714286,0.9485714286,0.9485714286,0.9485714286,0.9485714286,0.4885714286,10,7,0.1252996282,0
resource_constrained,seg-flat|patch+0|det1|iso0|bak-connected|idm0,350,201.5099524,291.8159524,0.9342857143,0.9371428571,0.9342857143,0.9342857143,0.9342857143,0.07142857143,3,2,0.3561140693,1
resource_constrained,seg-flat|patch+0|det1|iso0|bak-connected|idm1,350,200.3712857,294.3254762,0.9285714286,0.9314285714,0.9285714286,0.9285714286,0.9285714286,0.07428571429,7,5,0.3553523949,0
resource_constrained,seg-flat|patch+0|det1|iso0|bak-isolated|idm0,350,142.2057381,222.3,0.9342857143,0.9371428571,0.9342857143,0.9342857143,0.9342857143,0.02285714286,5,4,0.4345438072,1
resource_constrained,seg-flat|patch+0|det1|iso0|bak-isolated|idm1,350,141.823881,225.3028571,0.9285714286,0.9314285714,0.9285714286,0.9285714286,0.9285714286,0.02571428571,9,7,0.4325123634,1
resource_constrained,seg-flat|patch+0|det1|iso0|bak-periodic|idm0,350,201.2977381,292.245,0.9342857143,0.9371428571,0.9342857143,0.9342857143,0.9342857143,0.07142857143,4,3,0.3585350943,1
resource_constrained,seg-flat|patch+0|det1|iso0|bak-periodic|idm1,350,200.1265476,294.3521429,0.9285714286,0.9314285714,0.9285714286,0.9285714286,0.9285714286,0.07428571429,8,6,0.357249054,0
resource_constrained,seg-flat|patch+0|det1|iso1|bak-connected|idm0,350,197.2143095,291.422619,0.9142857143,0.9142857143,0.9142857143,0.9142857143,0.9142857143,0.07142857143,8,5,0.3604535282,0
resource_constrained,seg-flat|patch+0|det1|iso1|bak-connected|idm1,350,196.8035714,293.8669048,0.9114285714,0.9114285714,0.9114285714,0.9114285714,0.9114285714,0.07428571429,12,8,0.3581709235,0
resource_constrained,seg-flat|patch+0|det1|iso1|bak-isolated|idm0,350,139.1315714,221.8666667,0.9142857143,0.9142857143,0.9142857143,0.9142857143,0.9142857143,0.02285714286,10,7,0.4343168957,1
resource_constrained,seg-flat|patch+0|det1|iso1|bak-isolated|idm1,350,139.5871429,225.6423809,0.9114285714,0.9114285714,0.9114285714,0.9114285714,0.9114285714,0.02571428571,14,10,0.4366417966,0
resource_constrained,seg-flat|patch+0|det1|iso1|bak-periodic|idm0,350,196.8488333,291.7761905,0.9142857143,0.9142857143,0.9142857143,0.9142857143,0.9142857143,0.07142857143,9,6,0.362935091,0
resource_constrained,seg-flat|patch+0|det1|iso1|bak-periodic|idm1,350,196.4183333,293.9495238,0.9114285714,0.9114285714,0.9114285714,0.9114285714,0.9114285714,0.07428571429,13,9,0.3607687854,0
resource_constrained,seg-flat|patch+1|det0|iso0|bak-connected|idm0,350,320.3613571,376.9426191,0.9514285714,0.9514285714,0.9514285714,0.9514285714,0.9514285714,0.5257142857,2,3,0.1468548933,1
resource_constrained,seg-flat|patch+1|det0|iso0|bak-connected|idm1,350,319.9289524,376.2576191,0.9514285714,0.9514285714,0.9514285714,0.9514285714,0.9514285714,0.5257142857,6,6,0.1486139322,0
resource_constrained,seg-flat|patch+1|det0|iso0|bak-isolated|idm0,350,260.2155476,334.3580952,0.9514285714,0.9514285714,0.9514285714,0.9514285714,0.9514285714,0.2257142857,4,5,0.2608470488,0
resource_constrained,seg-flat|patch+1|det0|iso0|bak-isolated|idm1,350,259.8566905,333.7126191,0.9514285714,0.9514285714,0.9514285714,0.9514285714,0.9514285714,0.2314285714,8,8,0.2622646182,0
resource_constrained,seg-flat|patch+1|det0|iso0|bak-periodic|idm0,350,319.9190476,376.5252381,0.9514285714,0.9514285714,0.9514285714,0.9514285714,0.9514285714,0.5257142857,3,4,0.1495366477,0
resource_constrained,seg-flat|patch+1|det0|iso0|bak-periodic|idm1,350,319.5621905,375.9161905,0.9514285714,0.9514285714,0.9514285714,0.9514285714,0.9514285714,0.5257142857,7,7,0.1513052026,0
resource_constrained,seg-flat|patch+1|det0|iso1|bak-connected|idm0,350,314.9579524,376.9028571,0.9371428571,0.9371428571,0.9371428571,0.9371428571,0.9371428571,0.5171428571,7,6,0.1536729453,0
resource_constrained,seg-flat|patch+1|det0|iso1|bak-connected|idm1,350,314.6280476,376.1988095,0.9371428571,0.9371428571,0.9371428571,0.9371428571,0.9371428571,0.5228571429,11,9,0.1555429468,0
resource_constrained,seg-flat|patch+1|det0|iso1|bak-isolated|idm0,350,255.6024286,334.2128572,0.9371428571,0.9371428571,0.9371428571,0.9371428571,0.9371428571,0.2171428571,9,8,0.2666037085,0
resource_constrained,seg-flat|patch+1|det0|iso1|bak-isolated|idm1,350,255.2364286,333.5730952,0.9371428571,0.9371428571,0.9371428571,0.9371428571,0.9371428571,0.2228571429,13,11,0.2682483405,0
resource_constrained,seg-flat|patch+1|det0|iso1|bak-periodic|idm0,350,314.5364286,376.4847619,0.9371428571,0.9371428571,0.9371428571,0.9371428571,0.9371428571,0.5171428571,8,7,0.1563317501,0
resource_constrained,seg-flat|patch+1|det0|iso1|bak-periodic|idm1,350,314.1810952,375.8254762,0.9371428571,0.9371428571,0.9371428571,0.9371428571,0.9371428571,0.5228571429,12,10,0.1582447863,0
resource_constrained,seg-flat|patch+1|det1|iso0|bak-connected|idm0,350,198.4990952,295.0345238,0.9114285714,0.9142857143,0.9114285714,0.9114285714,0.9114285714,0.06857142857,5,5,0.3968097827,1
resource_constrained,seg-flat|patch+1|det1|iso0|bak-connected|idm1,350,198.6731667,297.1211905,0.9114285714,0.9142857143,0.9114285714,0.9114285714,0.9114285714,0.07142857143,9,8,0.399159914,0
resource_constrained,seg-flat|patch+1|det1|iso0|bak-isolated|idm0,350,142.4926429,225.8335714,0.9114285714,0.9142857143,0.9114285714,0.9114285714,0.9114285714,0.02,7,7,0.4642332857,1
resource_constrained,seg-flat|patch+1|det1|iso0|bak-isolated|idm1,350,142.645119,228.8326191,0.9114285714,0.9142857143,0.9114285714,0.9114285714,0.9114285714,0.02571428571,11,10,0.465976897,0
resource_constrained,seg-flat|patch+1|det1|iso0|bak-periodic|idm0,350,198.1821667,292.894213,0.9114285714,0.9142857143,0.9114285714,0.9114285714,0.9114285714,0.06857142857,6,6,0.400373657,1
resource_constrained,seg-flat|patch+1|det1|iso0|bak-periodic|idm1,350,198.2498095,295.7666667,0.9114285714,0.9142857143,0.9114285714,0.9114285714,0.9114285714,0.07142857143,10,9,0.402727239,0
resource_constrained,seg-flat|patch+1|det1|iso1|bak-connected|idm0,350,193.7924524,296.4811905,0.8914285714,0.8914285714,0.8914285714,0.8914285714,0.8914285714,0.06857142857,10,8,0.4055089789,0
resource_constrained,seg-flat|patch+1|det1|iso1|bak-connected|idm1,350,193.9464762,298.2466667,0.8914285714,0.8914285714,0.8914285714,0.8914285714,0.8914285714,0.07142857143,14,11,0.4077292502,0
resource_constrained,seg-flat|patch+1|det1|iso1|bak-isolated|idm0,350,139.602381,227.9364286,0.8914285714,0.8914285714,0.8914285714,0.8914285714,0.8914285714,0.02,12,10,0.4646694556,0
resource_constrained,seg-flat|patch+1|det1|iso1|bak-isolated|idm1,350,139.8445714,230.7716667,0.8914285714,0.8914285714,0.8914285714,0.8914285714,0.8914285714,0.02571428571,16,13,0.4700982683,0
resource_constrained,seg-flat|patch+1|det1|iso1|bak-periodic|idm0,350,193.5299524,295.1316667,0.8914285714,0.8914285714,0.8914285714,0.8914285714,0.8914285714,0.06857142857,11,9,0.40894119,0
resource_constrained,seg-flat|patch+1|det1|iso1|bak-periodic|idm1,350,193.613619,296.9888095,0.8914285714,0.8914285714,0.8914285714,0.8914285714,0.8914285714,0.07142857143,15,12,0.4112449079,0
resource_constrained,seg-flat|patch+2|det0|iso0|bak-connected|idm0,350,310.3572619,374.9678572,0.9285714286,0.9285714286,0.9285714286,0.9285714286,0.9285714286,0.5257142857,4,6,0.189008629,1
resource_constrained,seg-flat|patch+2|det0|iso0|bak-connected|idm1,350,309.4052857,373.945,0.9285714286,0.9285714286,0.9285714286,0.9285714286,0.9285714286,0.5257142857,8,9,0.1918763777,0
resource_constrained,seg-flat|patch+2|det0|iso0|bak-isolated|idm0,350,253.9073333,332.6752381,0.9285714286,0.9285714286,0.9285714286,0.9285714286,0.9285714286,0.24,6,8,0.2959158814,0
resource_constrained,seg-flat|patch+2|det0|iso0|bak-isolated|idm1,350,253.3964762,331.4745238,0.9285714286,0.9285714286,0.9285714286,0.9285714286,0.9285714286,0.2514285714,10,11,0.2981666717,0
resource_constrained,seg-flat|patch+2|det0|iso0|bak-periodic|idm0,350,309.9873571,374.2702381,0.9285714286,0.9285714286,0.9285714286,0.9285714286,0.9285714286,0.5285714286,5,7,0.1927853489,0
resource_constrained,seg-flat|patch+2|det0|iso0|bak-periodic|idm1,350,309.6720476,373.4147619,0.9285714286,0.9285714286,0.9285714286,0.9285714286,0.9285714286,0.5371428571,9,10,0.1950382284,0
resource_constrained,seg-flat|patch+2|det0|iso1|bak-connected|idm0,350,306.068,374.9978572,0.9171428571,0.9171428571,0.9171428571,0.9171428571,0.9171428571,0.5171428571,9,9,0.1941017472,0
resource_constrained,seg-flat|patch+2|det0|iso1|bak-connected|idm1,350,305.0349762,374.0433333,0.9171428571,0.9171428571,0.9171428571,0.9171428571,0.9171428571,0.5142857143,13,12,0.1973069762,0
resource_constrained,seg-flat|patch+2|det0|iso1|bak-isolated|idm0,350,249.4340952,332.6359524,0.9142857143,0.9142857143,0.9142857143,0.9142857143,0.9142857143,0.2285714286,11,11,0.3007721522,0
resource_constrained,seg-flat|patch+2|det0|iso1|bak-isolated|idm1,350,248.8011667,331.425,0.9142857143,0.9142857143,0.9142857143,0.9142857143,0.9142857143,0.24,15,14,0.3032353301,0
resource_constrained,seg-flat|patch+2|det0|iso1|bak-periodic|idm0,350,305.715619,374.3469048,0.9171428571,0.9171428571,0.9171428571,0.9171428571,0.9171428571,0.52,10,10,0.1978810186,0
resource_constrained,seg-flat|patch+2|det0|iso1|bak-periodic|idm1,350,305.2973333,373.5407143,0.9171428571,0.9171428571,0.9171428571,0.9171428571,0.9171428571,0.5285714286,14,13,0.2005414165,0
resource_constrained,seg-flat|patch+2|det1|iso0|bak-connected|idm0,350,196.3557381,301.5869048,0.88,0.8828571429,0.88,0.88,0.88,0.06857142857,7,8,0.4348550111,1
resource_constrained,seg-flat|patch+2|det1|iso0|bak-connected|idm1,350,195.140881,300.3407143,0.88,0.8828571429,0.88,0.88,0.88,0.07142857143,11,11,0.4395401184,0
resource_constrained,seg-flat|patch+2|det1|iso0|bak-isolated|idm0,350,141.2569048,232.0330952,0.8742857143,0.8771428571,0.8742857143,0.8742857143,0.8742857143,0.02285714286,9,10,0.4925140431,1
resource_constrained,seg-flat|patch+2|det1|iso0|bak-isolated|idm1,350,140.6122619,231.9942857,0.8742857143,0.8771428571,0.8742857143,0.8742857143,0.8742857143,0.02571428571,13,13,0.4917575365,0
resource_constrained,seg-flat|patch+2|det1|iso0|bak-periodic|idm0,350,194.5115714,299.512381,0.8771428571,0.88,0.8771428571,0.8771428571,0.8771428571,0.06857142857,8,9,0.4397866204,0
resource_constrained,seg-flat|patch+2|det1|iso0|bak-periodic|idm1,350,193.3557143,297.385,0.8771428571,0.88,0.8771428571,0.8771428571,0.8771428571,0.07142857143,12,12,0.4436442873,0
resource_constrained,seg-flat|patch+2|det1|iso1|bak-connected|idm0,350,190.7070952,300.3752381,0.8571428571,0.8571428571,0.8571428571,0.8571428571,0.8571428571,0.06857142857,12,11,0.4426882914,0
resource_constrained,seg-flat|patch+2|det1|iso1|bak-connected|idm1,350,189.3040476,302.0180952,0.8571428571,0.8571428571,0.8571428571,0.8571428571,0.8571428571,0.07428571429,16,14,0.4480486118,0
resource_constrained,seg-flat|patch+2|det1|iso1|bak-isolated|idm0,350,137.0236667,232.7197619,0.8457142857,0.8457142857,0.8457142857,0.8457142857,0.8457142857,0.02,14,13,0.4954906368,0
resource_constrained,seg-flat|patch+2|det1|iso1|bak-isolated|idm1,350,136.2924286,235.5092857,0.8457142857,0.8457142857,0.8457142857,0.8457142857,0.8457142857,0.02285714286,18,16,0.4935736079,0
resource_constrained,seg-flat|patch+2|det1|iso1|bak-periodic|idm0,350,188.165381,298.3345238,0.8514285714,0.8514285714,0.8514285714,0.8514285714,0.8514285714,0.06857142857,13,12,0.4468428323,0
resource_constrained,seg-flat|patch+2|det1|iso1|bak-periodic|idm1,350,187.1017381,299.8980952,0.8514285714,0.8514285714,0.8514285714,0.8514285714,0.8514285714,0.07428571429,17,15,0.450455422,0
resource_constrained,seg-flat|patch+3|det0|iso0|bak-connected|idm0,350,305.1399048,373.6088095,0.9114285714,0.9114285714,0.9114285714,0.9114285714,0.9114285714,0.5542857143,6,9,0.218467796,0
resource_constrained,seg-flat|patch+3|det0|iso0|bak-connected|idm1,350,303.6513571,372.1609524,0.9114285714,0.9114285714,0.9114285714,0.9114285714,0.9114285714,0.5571428571,10,12,0.2219265976,0
resource_constrained,seg-flat|patch+3|det0|iso0|bak-isolated|idm0,350,249.572881,330.8630952,0.9085714286,0.9085714286,0.9085714286,0.9085714286,0.9085714286,0.26,8,11,0.319064935,0
resource_constrained,seg-flat|patch+3|det0|iso0|bak-isolated|idm1,350,248.5064286,328.9319048,0.9085714286,0.9085714286,0.9085714286,0.9085714286,0.9085714286,0.2771428571,12,14,0.3214693172,0
resource_constrained,seg-flat|patch+3|det0|iso0|bak-periodic|idm0,350,304.8855714,372.5945238,0.9114285714,0.9114285714,0.9114285714,0.9114285714,0.9114285714,0.5628571429,7,10,0.2218819695,0
resource_constrained,seg-flat|patch+3|det0|iso0|bak-periodic|idm1,350,303.2279048,371.2447619,0.9114285714,0.9114285714,0.9114285714,0.9114285714,0.9114285714,0.5657142857,11,13,0.2259542443,0
resource_constrained,seg-flat|patch+3|det0|iso1|bak-connected|idm0,350,299.9243095,373.5414286,0.8971428571,0.8971428571,0.8971428571,0.8971428571,0.8971428571,0.5428571429,11,12,0.2275676653,0
resource_constrained,seg-flat|patch+3|det0|iso1|bak-connected|idm1,350,298.5335,372.0495238,0.8971428571,0.8971428571,0.8971428571,0.8971428571,0.8971428571,0.5457142857,15,15,0.2311999825,0
resource_constrained,seg-flat|patch+3|det0|iso1|bak-isolated|idm0,350,244.9408571,330.8138095,0.8942857143,0.8942857143,0.8942857143,0.8942857143,0.8942857143,0.2514285714,13,14,0.3278041073,0
resource_constrained,seg-flat|patch+3|det0|iso1|bak-isolated|idm1,350,244.062,328.8492857,0.8942857143,0.8942857143,0.8942857143,0.8942857143,0.8942857143,0.2657142857,17,17,0.3300869158,0
resource_constrained,seg-flat|patch+3|det0|iso1|bak-periodic|idm0,350,299.3434524,372.5607143,0.8971428571,0.8971428571,0.8971428571,0.8971428571,0.8971428571,0.5485714286,12,13,0.2315385518,0
resource_constrained,seg-flat|patch+3|det0|iso1|bak-periodic|idm1,350,297.7202857,371.1461905,0.8971428571,0.8971428571,0.8971428571,0.8971428571,0.8971428571,0.5514285714,16,16,0.2356743786,0
resource_constrained,seg-flat|patch+3|det1|iso0|bak-connected|idm0,350,192.3504048,304.8469048,0.8457142857,0.8514285714,0.8457142857,0.8457142857,0.8457142857,0.07142857143,9,11,0.4594555093,0
resource_constrained,seg-flat|patch+3|det1|iso0|bak-connected|idm1,350,191.5032143,303.0995238,0.8457142857,0.8514285714,0.8457142857,0.8457142857,0.8457142857,0.07142857143,13,14,0.4602807241,0
resource_constrained,seg-flat|patch+3|det1|iso0|bak-isolated|idm0,350,140.0484524,237.8695238,0.84,0.8457142857,0.84,0.84,0.84,0.02571428571,11,13,0.5169181831,0
resource_constrained,seg-flat|patch+3|det1|iso0|bak-isolated|idm1,350,138.7497143,234.1040476,0.84,0.8457142857,0.84,0.84,0.84,0.02285714286,15,16,0.5213555065,0
resource_constrained,seg-flat|patch+3|det1|iso0|bak-periodic|idm0,350,190.5766905,302.71,0.8428571429,0.8485714286,0.8428571429,0.8428571429,0.8428571429,0.07142857143,10,12,0.4634183863,0
resource_constrained,seg-flat|patch+3|det1|iso0|bak-periodic|idm1,350,188.8367381,298.6345238,0.8428571429,0.8485714286,0.8428571429,0.8428571429,0.8428571429,0.07142857143,14,15,0.4673720106,0
resource_constrained,seg-flat|patch+3|det1|iso1|bak-connected|idm0,350,183.0155238,302.3257143,0.8114285714,0.8142857143,0.8114285714,0.8114285714,0.8114285714,0.06857142857,14,14,0.4669678095,0
resource_constrained,seg-flat|patch+3|det1|iso1|bak-connected|idm1,350,181.3127143,298.6585714,0.8114285714,0.8142857143,0.8114285714,0.8114285714,0.8114285714,0.07142857143,18,17,0.4709929736,0
resource_constrained,seg-flat|patch+3|det1|iso1|bak-isolated|idm0,350,132.3412143,233.097381,0.8057142857,0.8085714286,0.8057142857,0.8057142857,0.8057142857,0.02285714286,16,16,0.5230698968,0
resource_constrained,seg-flat|patch+3|det1|iso1|bak-isolated|idm1,350,131.8152143,231.3130952,0.8057142857,0.8085714286,0.8057142857,0.8057142857,0.8057142857,0.02285714286,20,19,0.5273830109,0
resource_constrained,seg-flat|patch+3|det1|iso1|bak-periodic|idm0,350,180.7535,300.0669048,0.8085714286,0.8114285714,0.8085714286,0.8085714286,0.8085714286,0.06857142857,15,15,0.4717174588,0
resource_constrained,seg-flat|patch+3|det1|iso1|bak-periodic|idm1,350,178.9845714,295.8985714,0.8085714286,0.8114285714,0.8085714286,0.8085714286,0.8085714286,0.07142857143,19,18,0.4761185287,0
resource_constrained,seg-least_privilege|patch+0|det0|iso0|bak-connected|idm0,350,288.855,366.0945238,0.9,0.9,0.9,0.9,0.9,0.5171428571,5,4,0.3195378672,1
resource_constrained,seg-least_privilege|patch+0|det0|iso0|bak-connected|idm1,350,285.3469048,363.6395238,0.8942857143,0.8942857143,0.8942857143,0.8942857143,0.8942857143,0.5342857143,9,7,0.331531758,0
resource_constrained,seg-least_privilege|patch+0|det0|iso0|bak-isolated|idm0,350,235.7829524,323.1433333,0.9,0.9,0.9,0.9,0.9,0.2514285714,7,6,0.4085434997,0
resource_constrained,seg-least_privilege|patch+0|det0|iso0|bak-isolated|idm1,350,233.6106429,320.6833333,0.8942857143,0.8942857143,0.8942857143,0.8942857143,0.8942857143,0.2628571429,11,9,0.4165272894,0
resource_constrained,seg-least_privilege|patch+0|det0|iso0|bak-periodic|idm0,350,287.9139762,365.3335714,0.9,0.9,0.9,0.9,0.9,0.5228571429,6,5,0.3213840666,0
resource_constrained,seg-least_privilege|patch+0|det0|iso0|bak-periodic|idm1,350,284.1947381,362.6904762,0.8942857143,0.8942857143,0.8942857143,0.8942857143,0.8942857143,0.5371428571,10,8,0.3336411919,0
resource_constrained,seg-least_privilege|patch+0|det0|iso1|bak-connected|idm0,350,281.9260714,366.2911905,0.8857142857,0.8857142857,0.8857142857,0.8857142857,0.8857142857,0.5085714286,10,7,0.3320427479,0
resource_constrained,seg-least_privilege|patch+0|det0|iso1|bak-connected|idm1,350,278.8927857,363.5811905,0.88,0.88,0.88,0.88,0.88,0.5257142857,14,10,0.342210285,0
resource_constrained,seg-least_privilege|patch+0|det0|iso1|bak-isolated|idm0,350,229.6472143,323.25,0.8857142857,0.8857142857,0.8857142857,0.8857142857,0.8857142857,0.24,12,9,0.4190185371,0
resource_constrained,seg-least_privilege|patch+0|det0|iso1|bak-isolated|idm1,350,227.6561429,320.3502381,0.88,0.88,0.88,0.88,0.88,0.2542857143,16,12,0.4259923081,0
resource_constrained,seg-least_privilege|patch+0|det0|iso1|bak-periodic|idm0,350,280.7590952,365.5254762,0.8857142857,0.8857142857,0.8857142857,0.8857142857,0.8857142857,0.5085714286,11,8,0.3342125483,0
resource_constrained,seg-least_privilege|patch+0|det0|iso1|bak-periodic|idm1,350,277.8168571,362.687381,0.88,0.88,0.88,0.88,0.88,0.5285714286,15,11,0.3442979246,0
resource_constrained,seg-least_privilege|patch+0|det1|iso0|bak-connected|idm0,350,158.2581667,285.4354762,0.76,0.78,0.7742857143,0.7628571429,0.76,0.05714285714,8,6,0.5618256808,1
resource_constrained,seg-least_privilege|patch+0|det1|iso0|bak-connected|idm1,350,153.1348095,281.9466667,0.7342857143,0.7714285714,0.7657142857,0.7485714286,0.7342857143,0.05428571429,12,9,0.5711962683,0
resource_constrained,seg-least_privilege|patch+0|det1|iso0|bak-isolated|idm0,350,116.3341905,222.0135714,0.76,0.78,0.7742857143,0.7628571429,0.76,0.02,10,8,0.5713084473,1
resource_constrained,seg-least_privilege|patch+0|det1|iso0|bak-isolated|idm1,350,112.563619,219.0371428,0.7342857143,0.7714285714,0.7657142857,0.7485714286,0.7342857143,0.01714285714,14,11,0.5756191943,0
resource_constrained,seg-least_privilege|patch+0|det1|iso0|bak-periodic|idm0,350,155.4847857,283.4447619,0.76,0.78,0.7742857143,0.7628571429,0.76,0.05428571429,9,7,0.5609756973,1
resource_constrained,seg-least_privilege|patch+0|det1|iso0|bak-periodic|idm1,350,150.3077857,279.6430952,0.7342857143,0.7714285714,0.7657142857,0.7485714286,0.7342857143,0.05428571429,13,10,0.5716589441,0
resource_constrained,seg-least_privilege|patch+0|det1|iso1|bak-connected|idm0,350,149.0439524,275.6519048,0.7257142857,0.7571428571,0.7514285714,0.7342857143,0.7257142857,0.04857142857,13,9,0.5737170685,0
resource_constrained,seg-least_privilege|patch+0|det1|iso1|bak-connected|idm1,350,143.1410238,277.0764286,0.6885714286,0.7485714286,0.74,0.7114285714,0.6885714286,0.04857142857,17,12,0.5880298764,0
resource_constrained,seg-least_privilege|patch+0|det1|iso1|bak-isolated|idm0,350,109.6179762,215.0485714,0.7257142857,0.7571428571,0.7514285714,0.7342857143,0.7257142857,0.02,15,11,0.5708395436,0
resource_constrained,seg-least_privilege|patch+0|det1|iso1|bak-isolated|idm1,350,105.3132857,216.4978571,0.6885714286,0.7485714286,0.74,0.7114285714,0.6885714286,0.01714285714,19,14,0.5765087097,0
resource_constrained,seg-least_privilege|patch+0|det1|iso1|bak-periodic|idm0,350,145.9405952,273.6435714,0.7257142857,0.7571428571,0.7514285714,0.7342857143,0.7257142857,0.04857142857,14,10,0.5713938664,0
resource_constrained,seg-least_privilege|patch+0|det1|iso1|bak-periodic|idm1,350,139.7979524,274.2602381,0.6885714286,0.7485714286,0.74,0.7114285714,0.6885714286,0.04857142857,18,13,0.5834793295,0
resource_constrained,seg-least_privilege|patch+1|det0|iso0|bak-connected|idm0,350,260.6808571,362.6004762,0.8342857143,0.84,0.8371428571,0.8371428571,0.8342857143,0.5171428571,7,7,0.4401895512,1
resource_constrained,seg-least_privilege|patch+1|det0|iso0|bak-connected|idm1,350,252.1242619,357.722381,0.8114285714,0.8285714286,0.8257142857,0.8228571429,0.8114285714,0.5371428571,11,10,0.4630203217,0
resource_constrained,seg-least_privilege|patch+1|det0|iso0|bak-isolated|idm0,350,215.4685,319.7697619,0.8342857143,0.84,0.8371428571,0.8371428571,0.8342857143,0.2971428571,9,9,0.5012012787,0
resource_constrained,seg-least_privilege|patch+1|det0|iso0|bak-isolated|idm1,350,209.0440714,315.9773809,0.8114285714,0.8285714286,0.8257142857,0.8228571429,0.8114285714,0.3085714286,13,12,0.5184353635,0
resource_constrained,seg-least_privilege|patch+1|det0|iso0|bak-periodic|idm0,350,257.8729286,360.3459524,0.8342857143,0.84,0.8371428571,0.8371428571,0.8342857143,0.52,8,8,0.4431308428,0
resource_constrained,seg-least_privilege|patch+1|det0|iso0|bak-periodic|idm1,350,248.9957619,355.212381,0.8114285714,0.8285714286,0.8257142857,0.8228571429,0.8114285714,0.54,12,11,0.4660161482,0
resource_constrained,seg-least_privilege|patch+1|det0|iso1|bak-connected|idm0,350,256.0385238,362.0054762,0.8171428571,0.8257142857,0.8228571429,0.8228571429,0.8171428571,0.5114285714,12,10,0.4467709984,0
resource_constrained,seg-least_privilege|patch+1|det0|iso1|bak-connected|idm1,350,245.315,356.6011905,0.7885714286,0.8142857143,0.8085714286,0.8028571429,0.7885714286,0.52,16,13,0.4728490395,0
resource_constrained,seg-least_privilege|patch+1|det0|iso1|bak-isolated|idm0,350,211.8308333,319.0340476,0.8171428571,0.8257142857,0.8228571429,0.8228571429,0.8171428571,0.3,14,12,0.505387952,0
resource_constrained,seg-least_privilege|patch+1|det0|iso1|bak-isolated|idm1,350,203.2203095,314.1666667,0.7885714286,0.8142857143,0.8085714286,0.8028571429,0.7885714286,0.3028571429,18,15,0.5266286669,0
resource_constrained,seg-least_privilege|patch+1|det0|iso1|bak-periodic|idm0,350,253.0376667,359.5135714,0.8171428571,0.8257142857,0.8228571429,0.8228571429,0.8171428571,0.5142857143,13,11,0.4501158403,0
resource_constrained,seg-least_privilege|patch+1|det0|iso1|bak-periodic|idm1,350,242.0021667,353.9354762,0.7885714286,0.8142857143,0.8085714286,0.8028571429,0.7885714286,0.5228571429,17,14,0.4770960308,0
resource_constrained,seg-least_privilege|patch+1|det1|iso0|bak-connected|idm0,350,122.9531667,267.8254762,0.6057142857,0.6742857143,0.6485714286,0.6142857143,0.6057142857,0.04857142857,10,9,0.6270706352,1
resource_constrained,seg-least_privilege|patch+1|det1|iso0|bak-connected|idm1,350,111.5782143,270.3283333,0.5285714286,0.6628571429,0.6285714286,0.5685714286,0.5285714286,0.04857142857,14,12,0.6408584327,0
resource_constrained,seg-least_privilege|patch+1|det1|iso0|bak-isolated|idm0,350,94.64857143,214.7480952,0.6057142857,0.6742857143,0.6485714286,0.6142857143,0.6057142857,0.01714285714,12,11,0.6184779379,1
resource_constrained,seg-least_privilege|patch+1|det1|iso0|bak-isolated|idm1,350,86.02219047,217.5504762,0.5285714286,0.6628571429,0.6285714286,0.5685714286,0.5285714286,0.01714285714,16,14,0.6272975662,1
resource_constrained,seg-least_privilege|patch+1|det1|iso0|bak-periodic|idm0,350,117.037,260.7507143,0.6057142857,0.6742857143,0.6485714286,0.6142857143,0.6057142857,0.03714285714,11,10,0.6269228991,1
resource_constrained,seg-least_privilege|patch+1|det1|iso0|bak-periodic|idm1,350,106.220619,263.8735714,0.5285714286,0.6628571429,0.6285714286,0.5685714286,0.5285714286,0.04285714286,15,13,0.6370418562,0
resource_constrained,seg-least_privilege|patch+1|det1|iso1|bak-connected|idm0,350,112.6253095,269.7647619,0.56,0.6257142857,0.6057142857,0.5714285714,0.56,0.04857142857,15,12,0.6162593605,0
resource_constrained,seg-least_privilege|patch+1|det1|iso1|bak-connected|idm1,350,101.3499524,267.32,0.4685714286,0.6114285714,0.58,0.52,0.4685714286,0.04857142857,19,15,0.6312032932,0
resource_constrained,seg-least_privilege|patch+1|det1|iso1|bak-isolated|idm0,350,86.94335714,217.1504762,0.56,0.6257142857,0.6057142857,0.5714285714,0.56,0.01714285714,17,14,0.5998796311,1
resource_constrained,seg-least_privilege|patch+1|det1|iso1|bak-isolated|idm1,350,78.17197619,214.2171429,0.4685714286,0.6114285714,0.58,0.52,0.4685714286,0.01714285714,21,17,0.609834902,0
resource_constrained,seg-least_privilege|patch+1|det1|iso1|bak-periodic|idm0,350,107.3583095,260.3430952,0.56,0.6257142857,0.6057142857,0.5714285714,0.56,0.04,16,13,0.6123473254,1
resource_constrained,seg-least_privilege|patch+1|det1|iso1|bak-periodic|idm1,350,96.24009524,258.1564286,0.4685714286,0.6114285714,0.58,0.52,0.4685714286,0.04,20,16,0.6208490567,0
resource_constrained,seg-least_privilege|patch+2|det0|iso0|bak-connected|idm0,350,210.8973333,355.1069048,0.7,0.7342857143,0.7228571429,0.7142857143,0.7,0.4914285714,9,10,0.5716017726,1
resource_constrained,seg-least_privilege|patch+2|det0|iso0|bak-connected|idm1,350,199.9568571,349.0552381,0.6714285714,0.7285714286,0.7114285714,0.6914285714,0.6714285714,0.4857142857,13,13,0.5892611452,0
resource_constrained,seg-least_privilege|patch+2|det0|iso0|bak-isolated|idm0,350,178.6799048,313.0078571,0.7,0.7342857143,0.7228571429,0.7142857143,0.7,0.3257142857,11,12,0.6051266236,0
resource_constrained,seg-least_privilege|patch+2|det0|iso0|bak-isolated|idm1,350,169.3737857,308.0857143,0.6714285714,0.7285714286,0.7114285714,0.6914285714,0.6714285714,0.3228571429,15,15,0.6199290554,0
resource_constrained,seg-least_privilege|patch+2|det0|iso0|bak-periodic|idm0,350,208.1364048,351.4385714,0.7,0.7342857143,0.7228571429,0.7142857143,0.7,0.4971428571,10,11,0.5748522985,0
resource_constrained,seg-least_privilege|patch+2|det0|iso0|bak-periodic|idm1,350,196.5378333,344.757619,0.6714285714,0.7285714286,0.7114285714,0.6914285714,0.6714285714,0.4857142857,14,14,0.5938942107,0
resource_constrained,seg-least_privilege|patch+2|det0|iso1|bak-connected|idm0,350,206.8470952,354.5292857,0.6857142857,0.7285714286,0.7142857143,0.7,0.6857142857,0.4828571429,14,13,0.5812451441,0
resource_constrained,seg-least_privilege|patch+2|det0|iso1|bak-connected|idm1,350,195.1675952,347.7147619,0.6542857143,0.72,0.7,0.6771428571,0.6542857143,0.4742857143,18,16,0.5960486462,0
resource_constrained,seg-least_privilege|patch+2|det0|iso1|bak-isolated|idm0,350,174.7815952,312.2733333,0.6828571429,0.7285714286,0.7142857143,0.7,0.6828571429,0.3171428571,16,15,0.6126714172,0
resource_constrained,seg-least_privilege|patch+2|det0|iso1|bak-isolated|idm1,350,165.1685714,306.5478571,0.6514285714,0.72,0.7,0.6771428571,0.6514285714,0.3142857143,20,18,0.6237683389,0
resource_constrained,seg-least_privilege|patch+2|det0|iso1|bak-periodic|idm0,350,203.2105,351.0204762,0.6857142857,0.7285714286,0.7142857143,0.7,0.6857142857,0.4914285714,15,14,0.5858655868,0
resource_constrained,seg-least_privilege|patch+2|det0|iso1|bak-periodic|idm1,350,191.0686667,344.1988095,0.6542857143,0.72,0.7,0.6771428571,0.6542857143,0.4714285714,19,17,0.6007295711,0
resource_constrained,seg-least_privilege|patch+2|det1|iso0|bak-connected|idm0,350,72.82909524,253.4042857,0.3571428571,0.5,0.42,0.3828571429,0.3571428571,0.04571428571,12,12,0.6349735314,1
resource_constrained,seg-least_privilege|patch+2|det1|iso0|bak-connected|idm1,350,61.92588095,244.2033333,0.2685714286,0.4857142857,0.3885714286,0.3228571429,0.2685714286,0.04,16,15,0.6390700562,0
resource_constrained,seg-least_privilege|patch+2|det1|iso0|bak-isolated|idm0,350,59.72209524,210.7952381,0.3571428571,0.5,0.42,0.3828571429,0.3571428571,0.02571428571,14,14,0.610646851,1
resource_constrained,seg-least_privilege|patch+2|det1|iso0|bak-isolated|idm1,350,50.69838095,204.6840476,0.2685714286,0.4857142857,0.3885714286,0.3228571429,0.2685714286,0.02571428571,18,17,0.614488617,0
resource_constrained,seg-least_privilege|patch+2|det1|iso0|bak-periodic|idm0,350,69.34397619,244.3547619,0.3571428571,0.5,0.42,0.3828571429,0.3571428571,0.04285714286,13,13,0.6252406393,1
resource_constrained,seg-least_privilege|patch+2|det1|iso0|bak-periodic|idm1,350,59.11795238,236.8495238,0.2685714286,0.4857142857,0.3885714286,0.3228571429,0.2685714286,0.03714285714,17,16,0.629442797,0
resource_constrained,seg-least_privilege|patch+2|det1|iso1|bak-connected|idm0,350,64.79314286,244.6866667,0.3285714286,0.46,0.3914285714,0.3571428571,0.3285714286,0.03428571429,17,15,0.6205971037,0
resource_constrained,seg-least_privilege|patch+2|det1|iso1|bak-connected|idm1,350,52.40866667,225.8238095,0.2342857143,0.4485714286,0.3457142857,0.2828571429,0.2342857143,0.02857142857,21,18,0.6281819312,0
resource_constrained,seg-least_privilege|patch+2|det1|iso1|bak-isolated|idm0,350,53.53764286,203.7302381,0.3285714286,0.46,0.3914285714,0.3571428571,0.3285714286,0.02,19,17,0.6037663663,0
resource_constrained,seg-least_privilege|patch+2|det1|iso1|bak-isolated|idm1,350,43.51580952,190.775,0.2342857143,0.4485714286,0.3457142857,0.2828571429,0.2342857143,0.02285714286,23,20,0.6071361666,0
resource_constrained,seg-least_privilege|patch+2|det1|iso1|bak-periodic|idm0,350,61.25628571,233.6502381,0.3285714286,0.46,0.3914285714,0.3571428571,0.3285714286,0.03142857143,18,16,0.6134422854,0
resource_constrained,seg-least_privilege|patch+2|det1|iso1|bak-periodic|idm1,350,49.72378571,216.1588095,0.2342857143,0.4485714286,0.3457142857,0.2828571429,0.2342857143,0.02571428571,22,19,0.6210217991,0
resource_constrained,seg-least_privilege|patch+3|det0|iso0|bak-connected|idm0,350,182.1289048,348.9257143,0.6228571429,0.6857142857,0.6628571429,0.6428571429,0.6228571429,0.4942857143,11,13,0.6482403355,0
resource_constrained,seg-least_privilege|patch+3|det0|iso0|bak-connected|idm1,350,167.3903571,340.097619,0.5828571429,0.6771428571,0.6485714286,0.6228571429,0.5828571429,0.4685714286,15,16,0.6614066949,0
resource_constrained,seg-least_privilege|patch+3|det0|iso0|bak-isolated|idm0,350,157.559619,310.7678571,0.6228571429,0.6857142857,0.6628571429,0.6428571429,0.6228571429,0.3828571429,13,15,0.6630403064,0
resource_constrained,seg-least_privilege|patch+3|det0|iso0|bak-isolated|idm1,350,144.9595238,302.8592857,0.5828571429,0.6771428571,0.6485714286,0.6228571429,0.5828571429,0.38,17,18,0.6755872653,0
resource_constrained,seg-least_privilege|patch+3|det0|iso0|bak-periodic|idm0,350,178.0169524,344.842619,0.6228571429,0.6857142857,0.6628571429,0.6428571429,0.6228571429,0.4914285714,12,14,0.6503223836,0
resource_constrained,seg-least_privilege|patch+3|det0|iso0|bak-periodic|idm1,350,162.5873095,335.552619,0.5828571429,0.6771428571,0.6485714286,0.6228571429,0.5828571429,0.4714285714,16,17,0.6637482327,0
resource_constrained,seg-least_privilege|patch+3|det0|iso1|bak-connected|idm0,350,179.1845952,348.7766667,0.6228571429,0.68,0.6571428571,0.6371428571,0.6228571429,0.4742857143,16,16,0.6582131418,0
resource_constrained,seg-least_privilege|patch+3|det0|iso1|bak-connected|idm1,350,164.4758571,339.6171428,0.5685714286,0.6714285714,0.6457142857,0.6142857143,0.5685714286,0.4628571429,20,19,0.6693781343,0
resource_constrained,seg-least_privilege|patch+3|det0|iso1|bak-isolated|idm0,350,154.737619,309.62,0.6228571429,0.68,0.6571428571,0.6371428571,0.6228571429,0.3657142857,18,18,0.6711062655,0
resource_constrained,seg-least_privilege|patch+3|det0|iso1|bak-isolated|idm1,350,141.9962619,301.8042857,0.5685714286,0.6714285714,0.6457142857,0.6142857143,0.5685714286,0.36,22,21,0.6823753599,0
resource_constrained,seg-least_privilege|patch+3|det0|iso1|bak-periodic|idm0,350,174.0307619,343.2266667,0.6228571429,0.68,0.6571428571,0.6371428571,0.6228571429,0.4742857143,17,17,0.6603847705,0
resource_constrained,seg-least_privilege|patch+3|det0|iso1|bak-periodic|idm1,350,158.6301429,333.7747619,0.5685714286,0.6714285714,0.6457142857,0.6142857143,0.5685714286,0.4628571429,21,20,0.6725110401,0
resource_constrained,seg-least_privilege|patch+3|det1|iso0|bak-connected|idm0,350,47.04433333,223.7435714,0.24,0.3857142857,0.2885714286,0.26,0.24,0.02857142857,14,15,0.6241616141,1
resource_constrained,seg-least_privilege|patch+3|det1|iso0|bak-connected|idm1,350,36.87509524,198.7921429,0.1571428571,0.3514285714,0.2371428571,0.1885714286,0.1571428571,0.02571428571,18,18,0.6212151266,1
resource_constrained,seg-least_privilege|patch+3|det1|iso0|bak-isolated|idm0,350,41.33142857,198.8545238,0.24,0.3857142857,0.2885714286,0.26,0.24,0.01428571429,16,17,0.6133941512,1
resource_constrained,seg-least_privilege|patch+3|det1|iso0|bak-isolated|idm1,350,32.27361905,175.5721429,0.1571428571,0.3514285714,0.2371428571,0.1885714286,0.1571428571,0.01142857143,20,20,0.6126863753,1
resource_constrained,seg-least_privilege|patch+3|det1|iso0|bak-periodic|idm0,350,44.0722619,211.4711905,0.24,0.3857142857,0.2885714286,0.26,0.24,0.02571428571,15,16,0.6185059345,1
resource_constrained,seg-least_privilege|patch+3|det1|iso0|bak-periodic|idm1,350,34.62771429,191.3604762,0.1571428571,0.3514285714,0.2371428571,0.1885714286,0.1571428571,0.02285714286,19,19,0.6168502458,1
resource_constrained,seg-least_privilege|patch+3|det1|iso1|bak-connected|idm0,350,39.81064286,205.5969048,0.2028571429,0.3571428571,0.2542857143,0.22,0.2028571429,0.01714285714,19,18,0.6108375,1
resource_constrained,seg-least_privilege|patch+3|det1|iso1|bak-connected|idm1,350,30.97602381,170.0061905,0.14,0.3285714286,0.2142857143,0.1657142857,0.14,0.01428571429,23,21,0.6067218635,1
resource_constrained,seg-least_privilege|patch+3|det1|iso1|bak-isolated|idm0,350,35.07338095,180.5714286,0.2028571429,0.3571428571,0.2542857143,0.22,0.2028571429,0.01428571429,21,20,0.5997499661,0
resource_constrained,seg-least_privilege|patch+3|det1|iso1|bak-isolated|idm1,350,27.18971429,148.8104762,0.14,0.3285714286,0.2142857143,0.1657142857,0.14,0.01142857143,25,23,0.5962595648,1
resource_constrained,seg-least_privilege|patch+3|det1|iso1|bak-periodic|idm0,350,37.24723809,192.8071429,0.2028571429,0.3571428571,0.2542857143,0.22,0.2028571429,0.01714285714,20,19,0.6026074476,1
resource_constrained,seg-least_privilege|patch+3|det1|iso1|bak-periodic|idm1,350,29.22107143,162.745,0.14,0.3285714286,0.2142857143,0.1657142857,0.14,0.01428571429,24,22,0.5985527979,1
