profile,portfolio,n_scenarios,mean_hours_lost_se,tail_hours_lost_cvar90_se,sustained_outage_probability_se,nonrecovery_probability_se,monte_carlo_bootstrap_samples
high_capacity,seg-least_privilege|patch+0|det0|iso0|bak-isolated|idm0,800,0.2077076733,0.7970373226,0.003292688396,0.001249218506,400
high_capacity,seg-least_privilege|patch+0|det0|iso0|bak-isolated|idm1,800,0.2077076733,0.8466481592,0.003292688396,0.001249218506,400
high_capacity,seg-least_privilege|patch+0|det0|iso1|bak-isolated|idm0,800,0.2067492264,0.8580966313,0.002786336641,0.001249218506,400
high_capacity,seg-least_privilege|patch+0|det0|iso1|bak-isolated|idm1,800,0.2067492264,0.836518572,0.002786336641,0.001249218506,400
high_capacity,seg-least_privilege|patch+0|det1|iso0|bak-isolated|idm0,800,0.1940196763,0.7885149939,0.001249218506,0.001249218506,400
high_capacity,seg-least_privilege|patch+0|det1|iso0|bak-isolated|idm1,800,0.1940196763,0.7991407153,0.001249218506,0.001249218506,400
high_capacity,seg-least_privilege|patch+0|det1|iso1|bak-isolated|idm0,800,0.1921855883,0.7648952424,0,0.001249218506,400
high_capacity,seg-least_privilege|patch+0|det1|iso1|bak-isolated|idm1,800,0.1921855883,0.8336549931,0,0.001249218506,400
high_capacity,seg-least_privilege|patch+1|det0|iso0|bak-isolated|idm0,800,0.2035140262,0.8349509151,0.002786336641,0.001249218506,400
high_capacity,seg-least_privilege|patch+1|det0|iso0|bak-isolated|idm1,800,0.2035140262,0.8570997434,0.002786336641,0.001249218506,400
high_capacity,seg-least_privilege|patch+1|det0|iso1|bak-isolated|idm0,800,0.2020544297,0.8310276269,0.002493742168,0.001249218506,400
high_capacity,seg-least_privilege|patch+1|det0|iso1|bak-isolated|idm1,800,0.2020544297,0.8459825521,0.002493742168,0.001249218506,400
high_capacity,seg-least_privilege|patch+1|det1|iso0|bak-isolated|idm0,800,0.1930884061,0.8118043055,0.001249218506,0.001249218506,400
high_capacity,seg-least_privilege|patch+1|det1|iso0|bak-isolated|idm1,800,0.1930884061,0.7785970148,0.001249218506,0.001249218506,400
high_capacity,seg-least_privilege|patch+1|det1|iso1|bak-isolated|idm0,800,0.1913355302,0.8274399876,0,0.001249218506,400
high_capacity,seg-least_privilege|patch+1|det1|iso1|bak-isolated|idm1,800,0.1913355302,0.8068062598,0,0.001249218506,400
intermediate_capacity,seg-basic|patch+0|det0|iso0|bak-isolated|idm0,250,5.231540987,8.446108574,0.02875663402,0.009679669416,400
intermediate_capacity,seg-basic|patch+0|det0|iso0|bak-isolated|idm1,250,5.167415795,8.636054005,0.02909185453,0.009679669416,400
intermediate_capacity,seg-basic|patch+0|det0|iso0|bak-periodic|idm0,250,6.694227821,8.306459377,0.02875663402,0.01454152674,400
intermediate_capacity,seg-basic|patch+0|det0|iso0|bak-periodic|idm1,250,6.618499505,8.670628543,0.02909185453,0.01501998668,400
intermediate_capacity,seg-basic|patch+0|det0|iso1|bak-isolated|idm0,250,5.35945064,9.10924255,0.02950254226,0.009679669416,400
intermediate_capacity,seg-basic|patch+0|det0|iso1|bak-isolated|idm1,250,5.312361808,9.213323248,0.02978429116,0.008854377448,400
intermediate_capacity,seg-basic|patch+0|det0|iso1|bak-periodic|idm0,250,6.836399561,8.936985501,0.02950254226,0.01404222205,400
intermediate_capacity,seg-basic|patch+0|det0|iso1|bak-periodic|idm1,250,6.793523772,9.220413143,0.02978429116,0.01501998668,400
intermediate_capacity,seg-basic|patch+0|det1|iso0|bak-isolated|idm0,250,2.745461227,4.327053833,0.03093114935,0.007935741931,400
intermediate_capacity,seg-basic|patch+0|det1|iso0|bak-isolated|idm1,250,2.627919929,5.325034867,0.02969282742,0.007935741931,400
intermediate_capacity,seg-basic|patch+0|det1|iso0|bak-periodic|idm0,250,3.594960728,5.052522848,0.03093114935,0.007935741931,400
intermediate_capacity,seg-basic|patch+0|det1|iso0|bak-periodic|idm1,250,3.406663302,6.200084502,0.02969282742,0.007935741931,400
intermediate_capacity,seg-basic|patch+0|det1|iso1|bak-isolated|idm0,250,2.645787367,6.393476732,0.02978429116,0.007935741931,400
intermediate_capacity,seg-basic|patch+0|det1|iso1|bak-isolated|idm1,250,2.490271786,7.107216515,0.02787859394,0.007935741931,400
intermediate_capacity,seg-basic|patch+0|det1|iso1|bak-periodic|idm0,250,3.377609071,7.107679896,0.02978429116,0.007935741931,400
intermediate_capacity,seg-basic|patch+0|det1|iso1|bak-periodic|idm1,250,3.153304899,7.366879456,0.02787859394,0.007935741931,400
intermediate_capacity,seg-basic|patch+1|det0|iso0|bak-isolated|idm0,250,5.639692564,9.657743472,0.0315579467,0.01043379126,400
intermediate_capacity,seg-basic|patch+1|det0|iso0|bak-isolated|idm1,250,5.560864984,8.45980684,0.03159746825,0.0117820202,400
intermediate_capacity,seg-basic|patch+1|det0|iso0|bak-periodic|idm0,250,6.865139768,9.138285049,0.0315579467,0.01454152674,400
intermediate_capacity,seg-basic|patch+1|det0|iso0|bak-periodic|idm1,250,6.740924813,8.306610788,0.03159746825,0.01547953488,400
intermediate_capacity,seg-basic|patch+1|det0|iso1|bak-isolated|idm0,250,5.821585635,9.157693732,0.03162176466,0.01113121736,400
intermediate_capacity,seg-basic|patch+1|det0|iso1|bak-isolated|idm1,250,5.588323724,8.840089681,0.03145129568,0.01297135305,400
intermediate_capacity,seg-basic|patch+1|det0|iso1|bak-periodic|idm0,250,7.023486093,8.884993873,0.03162176466,0.01454152674,400
intermediate_capacity,seg-basic|patch+1|det0|iso1|bak-periodic|idm1,250,6.687192785,8.302772072,0.03145129568,0.01501998668,400
intermediate_capacity,seg-basic|patch+1|det1|iso0|bak-isolated|idm0,250,1.902355974,10.86644957,0.02408518217,0.005634181396,400
intermediate_capacity,seg-basic|patch+1|det1|iso0|bak-isolated|idm1,250,1.849311109,11.78562156,0.02084456764,0.005634181396,400
intermediate_capacity,seg-basic|patch+1|det1|iso0|bak-periodic|idm0,250,2.19271591,10.85565494,0.02408518217,0.005634181396,400
intermediate_capacity,seg-basic|patch+1|det1|iso0|bak-periodic|idm1,250,2.090050094,12.0526592,0.02084456764,0.005634181396,400
intermediate_capacity,seg-basic|patch+1|det1|iso1|bak-isolated|idm0,250,1.671879061,10.34705982,0.02245849505,0.005634181396,400
intermediate_capacity,seg-basic|patch+1|det1|iso1|bak-isolated|idm1,250,1.645883947,12.76158161,0.01827960612,0.005634181396,400
intermediate_capacity,seg-basic|patch+1|det1|iso1|bak-periodic|idm0,250,1.862856213,12.67730029,0.02245849505,0.005634181396,400
intermediate_capacity,seg-basic|patch+1|det1|iso1|bak-periodic|idm1,250,1.819351243,14.02338394,0.01827960612,0.005634181396,400
intermediate_capacity,seg-basic|patch+2|det0|iso0|bak-isolated|idm0,250,5.212501931,9.77765083,0.03035786554,0.01043379126,400
intermediate_capacity,seg-basic|patch+2|det0|iso0|bak-isolated|idm1,250,4.923840529,10.29677379,0.02863955307,0.01113121736,400
intermediate_capacity,seg-basic|patch+2|det0|iso0|bak-periodic|idm0,250,5.932414744,10.43935876,0.030430511,0.01404222205,400
intermediate_capacity,seg-basic|patch+2|det0|iso0|bak-periodic|idm1,250,5.574012514,12.21323686,0.02863955307,0.01404222205,400
intermediate_capacity,seg-basic|patch+2|det0|iso1|bak-isolated|idm0,250,5.041407333,9.940890082,0.03004423406,0.01113121736,400
intermediate_capacity,seg-basic|patch+2|det0|iso1|bak-isolated|idm1,250,4.698667254,14.11137345,0.02745876909,0.0117820202,400
intermediate_capacity,seg-basic|patch+2|det0|iso1|bak-periodic|idm0,250,5.779420118,12.22696117,0.03004423406,0.01351976331,400
intermediate_capacity,seg-basic|patch+2|det0|iso1|bak-periodic|idm1,250,5.345996638,14.80144948,0.02745876909,0.01404222205,400
intermediate_capacity,seg-basic|patch+2|det1|iso0|bak-isolated|idm0,250,0.8925074749,6.020652528,0.01675995227,0.005634181396,400
intermediate_capacity,seg-basic|patch+2|det1|iso0|bak-isolated|idm1,250,0.7991857185,5.195492359,0.01404222205,0.005634181396,400
intermediate_capacity,seg-basic|patch+2|det1|iso0|bak-periodic|idm0,250,0.9106371893,6.155174862,0.01675995227,0.005634181396,400
intermediate_capacity,seg-basic|patch+2|det1|iso0|bak-periodic|idm1,250,0.8173680514,5.614940818,0.01404222205,0.005634181396,400
intermediate_capacity,seg-basic|patch+2|det1|iso1|bak-isolated|idm0,250,0.8011525892,4.767886631,0.01634821091,0.005634181396,400
intermediate_capacity,seg-basic|patch+2|det1|iso1|bak-isolated|idm1,250,0.7385565853,5.128667481,0.01351976331,0.005634181396,400
intermediate_capacity,seg-basic|patch+2|det1|iso1|bak-periodic|idm0,250,0.8132977537,5.289881354,0.01634821091,0.005634181396,400
intermediate_capacity,seg-basic|patch+2|det1|iso1|bak-periodic|idm1,250,0.7491283139,4.791022644,0.01351976331,0.005634181396,400
intermediate_capacity,seg-least_privilege|patch+0|det0|iso0|bak-isolated|idm0,250,4.557136178,8.435242549,0.03142381263,0.008854377448,400
intermediate_capacity,seg-least_privilege|patch+0|det0|iso0|bak-isolated|idm1,250,3.994567781,6.897871861,0.02969282742,0.007935741931,400
intermediate_capacity,seg-least_privilege|patch+0|det0|iso0|bak-periodic|idm0,250,5.521846002,8.072738274,0.03142381263,0.009679669416,400
intermediate_capacity,seg-least_privilege|patch+0|det0|iso0|bak-periodic|idm1,250,4.860163135,6.750949115,0.02978429116,0.007935741931,400
intermediate_capacity,seg-least_privilege|patch+0|det0|iso1|bak-isolated|idm0,250,4.410807824,7.771775596,0.03112915033,0.007935741931,400
intermediate_capacity,seg-least_privilege|patch+0|det0|iso1|bak-isolated|idm1,250,3.833192219,7.311740874,0.02898275349,0.007935741931,400
intermediate_capacity,seg-least_privilege|patch+0|det0|iso1|bak-periodic|idm0,250,5.300305252,9.123282725,0.03112915033,0.009679669416,400
intermediate_capacity,seg-least_privilege|patch+0|det0|iso1|bak-periodic|idm1,250,4.577527977,7.708855842,0.02909185453,0.008854377448,400
intermediate_capacity,seg-least_privilege|patch+0|det1|iso0|bak-isolated|idm0,250,1.16735651,7.621616857,0.01897366596,0.006886508549,400
intermediate_capacity,seg-least_privilege|patch+0|det1|iso0|bak-isolated|idm1,250,0.851640783,5.024571705,0.01547953488,0.005634181396,400
intermediate_capacity,seg-least_privilege|patch+0|det1|iso0|bak-periodic|idm0,250,1.320763563,8.465927784,0.01897366596,0.006886508549,400
intermediate_capacity,seg-least_privilege|patch+0|det1|iso0|bak-periodic|idm1,250,0.9288752023,6.390860339,0.01547953488,0.005634181396,400
intermediate_capacity,seg-least_privilege|patch+0|det1|iso1|bak-isolated|idm0,250,1.022371605,6.580415685,0.01827960612,0.006886508549,400
intermediate_capacity,seg-least_privilege|patch+0|det1|iso1|bak-isolated|idm1,250,0.6823896296,3.598031407,0.01454152674,0.005634181396,400
intermediate_capacity,seg-least_privilege|patch+0|det1|iso1|bak-periodic|idm0,250,1.120233494,7.344134598,0.01827960612,0.006886508549,400
intermediate_capacity,seg-least_privilege|patch+0|det1|iso1|bak-periodic|idm1,250,0.697908542,3.831240778,0.01454152674,0.005634181396,400
intermediate_capacity,seg-least_privilege|patch+1|det0|iso0|bak-isolated|idm0,250,3.00432206,14.97284166,0.02386763499,0.005634181396,400
intermediate_capacity,seg-least_privilege|patch+1|det0|iso0|bak-isolated|idm1,250,2.718868745,15.74397097,0.02112969474,0.006886508549,400
intermediate_capacity,seg-least_privilege|patch+1|det0|iso0|bak-periodic|idm0,250,3.265765836,18.02249297,0.02386763499,0.006886508549,400
intermediate_capacity,seg-least_privilege|patch+1|det0|iso0|bak-periodic|idm1,250,3.001223397,17.43626412,0.02112969474,0.007935741931,400
intermediate_capacity,seg-least_privilege|patch+1|det0|iso1|bak-isolated|idm0,250,2.946546192,15.15771184,0.0236453801,0.006886508549,400
intermediate_capacity,seg-least_privilege|patch+1|det0|iso1|bak-isolated|idm1,250,2.637555555,15.53294499,0.02055237213,0.006886508549,400
intermediate_capacity,seg-least_privilege|patch+1|det0|iso1|bak-periodic|idm0,250,3.194177465,17.48254276,0.0236453801,0.007935741931,400
intermediate_capacity,seg-least_privilege|patch+1|det0|iso1|bak-periodic|idm1,250,2.905253495,18.25868261,0.02055237213,0.007935741931,400
intermediate_capacity,seg-least_privilege|patch+1|det1|iso0|bak-isolated|idm0,250,0.5887770324,3.302857883,0.01297135305,0.005634181396,400
intermediate_capacity,seg-least_privilege|patch+1|det1|iso0|bak-isolated|idm1,250,0.565173639,2.955872586,0.0117820202,0.005634181396,400
intermediate_capacity,seg-least_privilege|patch+1|det1|iso0|bak-periodic|idm0,250,0.6038508325,3.376391622,0.01297135305,0.005634181396,400
intermediate_capacity,seg-least_privilege|patch+1|det1|iso0|bak-periodic|idm1,250,0.5786556045,2.974789149,0.0117820202,0.005634181396,400
intermediate_capacity,seg-least_privilege|patch+1|det1|iso1|bak-isolated|idm0,250,0.5740220133,2.858356072,0.01297135305,0.005634181396,400
intermediate_capacity,seg-least_privilege|patch+1|det1|iso1|bak-isolated|idm1,250,0.5505644267,2.89631734,0.0117820202,0.005634181396,400
intermediate_capacity,seg-least_privilege|patch+1|det1|iso1|bak-periodic|idm0,250,0.5889612622,3.234218578,0.01297135305,0.005634181396,400
intermediate_capacity,seg-least_privilege|patch+1|det1|iso1|bak-periodic|idm1,250,0.5646019688,3.09506031,0.0117820202,0.005634181396,400
intermediate_capacity,seg-least_privilege|patch+2|det0|iso0|bak-isolated|idm0,250,1.775301934,12.23137056,0.01897366596,0.006886508549,400
intermediate_capacity,seg-least_privilege|patch+2|det0|iso0|bak-isolated|idm1,250,1.377067574,10.15985113,0.01634821091,0.006886508549,400
intermediate_capacity,seg-least_privilege|patch+2|det0|iso0|bak-periodic|idm0,250,1.838882162,11.23127766,0.01897366596,0.006886508549,400
intermediate_capacity,seg-least_privilege|patch+2|det0|iso0|bak-periodic|idm1,250,1.401632384,10.32581166,0.01634821091,0.006886508549,400
intermediate_capacity,seg-least_privilege|patch+2|det0|iso1|bak-isolated|idm0,250,1.75911615,11.48710358,0.01897366596,0.006886508549,400
intermediate_capacity,seg-least_privilege|patch+2|det0|iso1|bak-isolated|idm1,250,1.333089893,9.732775213,0.01634821091,0.006886508549,400
intermediate_capacity,seg-least_privilege|patch+2|det0|iso1|bak-periodic|idm0,250,1.821516573,11.58044616,0.01897366596,0.006886508549,400
intermediate_capacity,seg-least_privilege|patch+2|det0|iso1|bak-periodic|idm1,250,1.357399623,10.20484182,0.01634821091,0.006886508549,400
intermediate_capacity,seg-least_privilege|patch+2|det1|iso0|bak-isolated|idm0,250,0.4973025255,2.453651394,0.01113121736,0.005634181396,400
intermediate_capacity,seg-least_privilege|patch+2|det1|iso0|bak-isolated|idm1,250,0.4854366142,2.474718441,0.009679669416,0.003991991984,400
intermediate_capacity,seg-least_privilege|patch+2|det1|iso0|bak-periodic|idm0,250,0.4973025255,2.61444104,0.01113121736,0.005634181396,400
intermediate_capacity,seg-least_privilege|patch+2|det1|iso0|bak-periodic|idm1,250,0.4854366142,2.474451828,0.009679669416,0.003991991984,400
intermediate_capacity,seg-least_privilege|patch+2|det1|iso1|bak-isolated|idm0,250,0.4930323303,2.552167392,0.01113121736,0.005634181396,400
intermediate_capacity,seg-least_privilege|patch+2|det1|iso1|bak-isolated|idm1,250,0.4805576923,2.389213866,0.009679669416,0.003991991984,400
intermediate_capacity,seg-least_privilege|patch+2|det1|iso1|bak-periodic|idm0,250,0.4930323303,2.589017837,0.01113121736,0.005634181396,400
intermediate_capacity,seg-least_privilege|patch+2|det1|iso1|bak-periodic|idm1,250,0.4805576923,2.618170302,0.009679669416,0.003991991984,400
resource_constrained,seg-basic|patch+0|det0|iso0|bak-connected|idm0,350,4.869781683,0.910166519,0.01376605874,0.02665227989,400
resource_constrained,seg-basic|patch+0|det0|iso0|bak-connected|idm1,350,5.080244695,0.9730196484,0.01450123147,0.02659972161,400
resource_constrained,seg-basic|patch+0|det0|iso0|bak-isolated|idm0,350,4.279654333,1.090863323,0.01376605874,0.02273487707,400
resource_constrained,seg-basic|patch+0|det0|iso0|bak-isolated|idm1,350,4.437207549,1.067810842,0.01450123147,0.0230117222,400
resource_constrained,seg-basic|patch+0|det0|iso0|bak-periodic|idm0,350,4.867408607,0.8976481334,0.01376605874,0.02664046332,400
resource_constrained,seg-basic|patch+0|det0|iso0|bak-periodic|idm1,350,5.076896823,0.9541264962,0.01450123147,0.02658437253,400
resource_constrained,seg-basic|patch+0|det0|iso1|bak-connected|idm0,350,5.163848505,0.980522129,0.01473497654,0.02670473473,400
resource_constrained,seg-basic|patch+0|det0|iso1|bak-connected|idm1,350,5.351808967,1.015350881,0.015405879,0.02670473473,400
resource_constrained,seg-basic|patch+0|det0|iso1|bak-isolated|idm0,350,4.492738743,1.243457596,0.01473497654,0.02234581117,400
resource_constrained,seg-basic|patch+0|det0|iso1|bak-isolated|idm1,350,4.633283857,1.211558177,0.015405879,0.02244526871,400
resource_constrained,seg-basic|patch+0|det0|iso1|bak-periodic|idm0,350,5.161350977,0.9603591087,0.01473497654,0.02669818351,400
resource_constrained,seg-basic|patch+0|det0|iso1|bak-periodic|idm1,350,5.348402297,1.014803612,0.015405879,0.02669818351,400
resource_constrained,seg-basic|patch+0|det1|iso0|bak-connected|idm0,350,4.376104964,6.583850339,0.01838747197,0.01376605874,400
resource_constrained,seg-basic|patch+0|det1|iso0|bak-connected|idm1,350,4.496175364,6.248864912,0.0190111215,0.01350866259,400
resource_constrained,seg-basic|patch+0|det1|iso0|bak-isolated|idm0,350,3.305382988,6.632236754,0.01838747197,0.009325972385,400
resource_constrained,seg-basic|patch+0|det1|iso0|bak-isolated|idm1,350,3.389832836,6.133959964,0.0190111215,0.009325972385,400
resource_constrained,seg-basic|patch+0|det1|iso0|bak-periodic|idm0,350,4.364899485,6.488663976,0.01838747197,0.01376605874,400
resource_constrained,seg-basic|patch+0|det1|iso0|bak-periodic|idm1,350,4.483660723,6.238649993,0.0190111215,0.01350866259,400
resource_constrained,seg-basic|patch+0|det1|iso1|bak-connected|idm0,350,4.53273347,6.227875387,0.01930815021,0.01350866259,400
resource_constrained,seg-basic|patch+0|det1|iso1|bak-connected|idm1,350,4.638744595,5.726152085,0.01987482695,0.01324450488,400
resource_constrained,seg-basic|patch+0|det1|iso1|bak-isolated|idm0,350,3.39918511,6.295933642,0.01930815021,0.009325972385,400
resource_constrained,seg-basic|patch+0|det1|iso1|bak-isolated|idm1,350,3.475077153,6.370042258,0.01987482695,0.009325972385,400
resource_constrained,seg-basic|patch+0|det1|iso1|bak-periodic|idm0,350,4.517472785,6.053684614,0.01930815021,0.01350866259,400
resource_constrained,seg-basic|patch+0|det1|iso1|bak-periodic|idm1,350,4.620756867,6.005902713,0.01987482695,0.01324450488,400
resource_constrained,seg-basic|patch+1|det0|iso0|bak-connected|idm0,350,5.722916548,1.000459472,0.01662903429,0.02640611291,400
resource_constrained,seg-basic|patch+1|det0|iso0|bak-connected|idm1,350,5.745975123,1.100955815,0.01681939738,0.02642950908,400
resource_constrained,seg-basic|patch+1|det0|iso0|bak-isolated|idm0,350,4.956551012,1.205941641,0.01662903429,0.024,400
resource_constrained,seg-basic|patch+1|det0|iso0|bak-isolated|idm1,350,4.974836599,1.274239449,0.01681939738,0.02421911637,400
resource_constrained,seg-basic|patch+1|det0|iso0|bak-periodic|idm0,350,5.729017803,1.022044313,0.01662903429,0.02640611291,400
resource_constrained,seg-basic|patch+1|det0|iso0|bak-periodic|idm1,350,5.750739122,1.024189411,0.01681939738,0.02642950908,400
resource_constrained,seg-basic|patch+1|det0|iso1|bak-connected|idm0,350,5.960147681,0.9629493365,0.01736992475,0.02647359651,400
resource_constrained,seg-basic|patch+1|det0|iso1|bak-connected|idm1,350,5.974685552,1.107228209,0.0175469383,0.02649429225,400
resource_constrained,seg-basic|patch+1|det0|iso1|bak-isolated|idm0,350,5.143174603,1.188423405,0.01736992475,0.02384791463,400
resource_constrained,seg-basic|patch+1|det0|iso1|bak-isolated|idm1,350,5.158366644,1.220999713,0.0175469383,0.02421911637,400
resource_constrained,seg-basic|patch+1|det0|iso1|bak-periodic|idm0,350,5.964574061,0.9938434149,0.01736992475,0.02649429225,400
resource_constrained,seg-basic|patch+1|det0|iso1|bak-periodic|idm1,350,5.977488403,1.069533939,0.0175469383,0.02649429225,400
resource_constrained,seg-basic|patch+1|det1|iso0|bak-connected|idm0,350,5.196248106,6.254205295,0.02149459217,0.01426202117,400
resource_constrained,seg-basic|patch+1|det1|iso0|bak-connected|idm1,350,5.20165378,6.694576242,0.02182570769,0.01450123147,400
resource_constrained,seg-basic|patch+1|det1|iso0|bak-isolated|idm0,350,3.994359672,6.428557339,0.02149459217,0.008905071114,400
resource_constrained,seg-basic|patch+1|det1|iso0|bak-isolated|idm1,350,3.986770584,6.775741292,0.02182570769,0.008905071114,400
resource_constrained,seg-basic|patch+1|det1|iso0|bak-periodic|idm0,350,5.164530025,6.295377806,0.02149459217,0.01426202117,400
resource_constrained,seg-basic|patch+1|det1|iso0|bak-periodic|idm1,350,5.166577976,6.569476137,0.02182570769,0.01450123147,400
resource_constrained,seg-basic|patch+1|det1|iso1|bak-connected|idm0,350,5.334440323,6.061379528,0.02224486051,0.01376605874,400
resource_constrained,seg-basic|patch+1|det1|iso1|bak-connected|idm1,350,5.373888922,6.258943797,0.02273487707,0.01401706582,400
resource_constrained,seg-basic|patch+1|det1|iso1|bak-isolated|idm0,350,4.082605486,6.051610037,0.02224486051,0.008905071114,400
resource_constrained,seg-basic|patch+1|det1|iso1|bak-isolated|idm1,350,4.100855336,5.976571684,0.02273487707,0.008905071114,400
resource_constrained,seg-basic|patch+1|det1|iso1|bak-periodic|idm0,350,5.29263874,5.992539204,0.02224486051,0.01376605874,400
resource_constrained,seg-basic|patch+1|det1|iso1|bak-periodic|idm1,350,5.337599526,6.699709823,0.02273487707,0.01401706582,400
resource_constrained,seg-basic|patch+2|det0|iso0|bak-connected|idm0,350,6.816609968,1.090699002,0.02014524519,0.02574420029,400
resource_constrained,seg-basic|patch+2|det0|iso0|bak-connected|idm1,350,6.779304968,1.281249205,0.02027737684,0.02565707922,400
resource_constrained,seg-basic|patch+2|det0|iso0|bak-isolated|idm0,350,5.856727276,1.225718734,0.02014524519,0.02510618847,400
resource_constrained,seg-basic|patch+2|det0|iso0|bak-isolated|idm1,350,5.819951629,1.456526958,0.02027737684,0.02551898624,400
resource_constrained,seg-basic|patch+2|det0|iso0|bak-periodic|idm0,350,6.798829102,1.208532474,0.02014524519,0.02578629374,400
resource_constrained,seg-basic|patch+2|det0|iso0|bak-periodic|idm1,350,6.758593694,1.333162285,0.02027737684,0.02570113042,400
resource_constrained,seg-basic|patch+2|det0|iso1|bak-connected|idm0,350,7.048441304,1.115836345,0.02090879821,0.02608843449,400
resource_constrained,seg-basic|patch+2|det0|iso1|bak-connected|idm1,350,7.001295398,1.268340207,0.0210294809,0.02601860738,400
resource_constrained,seg-basic|patch+2|det0|iso1|bak-isolated|idm0,350,6.051386936,1.258384057,0.02090879821,0.02487472988,400
resource_constrained,seg-basic|patch+2|det0|iso1|bak-isolated|idm1,350,6.012696617,1.772132106,0.0210294809,0.02542192071,400
resource_constrained,seg-basic|patch+2|det0|iso1|bak-periodic|idm0,350,7.038109285,1.061221745,0.02090879821,0.02598227698,400
resource_constrained,seg-basic|patch+2|det0|iso1|bak-periodic|idm1,350,6.989163993,1.31490829,0.0210294809,0.02605399193,400
resource_constrained,seg-basic|patch+2|det1|iso0|bak-connected|idm0,350,5.838160706,7.08395263,0.025049921,0.01297317259,400
resource_constrained,seg-basic|patch+2|det1|iso0|bak-connected|idm1,350,5.712066501,6.410054438,0.02542192071,0.01297317259,400
resource_constrained,seg-basic|patch+2|det1|iso0|bak-isolated|idm0,350,4.489405285,6.779576963,0.025049921,0.008460506777,400
resource_constrained,seg-basic|patch+2|det1|iso0|bak-isolated|idm1,350,4.384038931,6.102125609,0.02542192071,0.008460506777,400
resource_constrained,seg-basic|patch+2|det1|iso0|bak-periodic|idm0,350,5.763061953,7.590169669,0.025049921,0.01324450488,400
resource_constrained,seg-basic|patch+2|det1|iso0|bak-periodic|idm1,350,5.632649275,7.151560031,0.02542192071,0.01297317259,400
resource_constrained,seg-basic|patch+2|det1|iso1|bak-connected|idm0,350,6.026465715,6.659422538,0.02561204163,0.01350866259,400
resource_constrained,seg-basic|patch+2|det1|iso1|bak-connected|idm1,350,5.857620201,6.49433953,0.02594499677,0.01297317259,400
resource_constrained,seg-basic|patch+2|det1|iso1|bak-isolated|idm0,350,4.675351783,7.228599781,0.02561204163,0.008460506777,400
resource_constrained,seg-basic|patch+2|det1|iso1|bak-isolated|idm1,350,4.53934166,6.441656447,0.02594499677,0.008460506777,400
resource_constrained,seg-basic|patch+2|det1|iso1|bak-periodic|idm0,350,5.936895226,7.368103793,0.02561204163,0.01324450488,400
resource_constrained,seg-basic|patch+2|det1|iso1|bak-periodic|idm1,350,5.766342334,7.272378785,0.02594499677,0.0124070891,400
resource_constrained,seg-basic|patch+3|det0|iso0|bak-connected|idm0,350,7.2303723,1.583265334,0.0219328421,0.02578629374,400
resource_constrained,seg-basic|patch+3|det0|iso0|bak-connected|idm1,350,7.213334896,2.120954812,0.02224486051,0.02578629374,400
resource_constrained,seg-basic|patch+3|det0|iso0|bak-isolated|idm0,350,6.224882537,1.888911738,0.0219328421,0.02621685746,400
resource_constrained,seg-basic|patch+3|det0|iso0|bak-isolated|idm1,350,6.21114801,2.234925515,0.02224486051,0.02621685746,400
resource_constrained,seg-basic|patch+3|det0|iso0|bak-periodic|idm0,350,7.181703302,1.679025754,0.0219328421,0.02582741554,400
resource_constrained,seg-basic|patch+3|det0|iso0|bak-periodic|idm1,350,7.160877236,2.083904132,0.02224486051,0.02590676263,400
resource_constrained,seg-basic|patch+3|det0|iso1|bak-connected|idm0,350,7.327634844,1.472256446,0.02224486051,0.02582741554,400
resource_constrained,seg-basic|patch+3|det0|iso1|bak-connected|idm1,350,7.304128813,1.917634759,0.02254325289,0.02586757034,400
resource_constrained,seg-basic|patch+3|det0|iso1|bak-isolated|idm0,350,6.309192617,1.980934076,0.02224486051,0.02615450839,400
resource_constrained,seg-basic|patch+3|det0|iso1|bak-isolated|idm1,350,6.300136736,2.373163408,0.02254325289,0.02624664354,400
resource_constrained,seg-basic|patch+3|det0|iso1|bak-periodic|idm0,350,7.277795273,1.598017545,0.02224486051,0.02582741554,400
resource_constrained,seg-basic|patch+3|det0|iso1|bak-periodic|idm1,350,7.25134262,1.997564114,0.02254325289,0.02598227698,400
resource_constrained,seg-basic|patch+3|det1|iso0|bak-connected|idm0,350,6.158308856,6.42546322,0.02638181192,0.01562012606,400
resource_constrained,seg-basic|patch+3|det1|iso0|bak-connected|idm1,350,6.022077894,6.730340138,0.0266277656,0.01518707445,400
resource_constrained,seg-basic|patch+3|det1|iso0|bak-isolated|idm0,350,4.9155276,6.814556752,0.02638181192,0.01047445873,400
resource_constrained,seg-basic|patch+3|det1|iso0|bak-isolated|idm1,350,4.781142045,6.117314611,0.0266277656,0.009726283108,400
resource_constrained,seg-basic|patch+3|det1|iso0|bak-periodic|idm0,350,6.023965961,6.475754964,0.02638181192,0.01518707445,400
resource_constrained,seg-basic|patch+3|det1|iso0|bak-periodic|idm1,350,5.882898209,6.97704009,0.0266277656,0.01426202117,400
resource_constrained,seg-basic|patch+3|det1|iso1|bak-connected|idm0,350,6.140545684,6.3892917,0.02653299832,0.01450123147,400
resource_constrained,seg-basic|patch+3|det1|iso1|bak-connected|idm1,350,5.991392919,6.987154855,0.02671914176,0.01426202117,400
resource_constrained,seg-basic|patch+3|det1|iso1|bak-isolated|idm0,350,4.922569583,6.525052767,0.02653299832,0.01082594874,400
resource_constrained,seg-basic|patch+3|det1|iso1|bak-isolated|idm1,350,4.817901329,7.395150324,0.02671914176,0.01116429126,400
resource_constrained,seg-basic|patch+3|det1|iso1|bak-periodic|idm0,350,6.001925853,6.085789746,0.02653299832,0.01401706582,400
resource_constrained,seg-basic|patch+3|det1|iso1|bak-periodic|idm1,350,5.840579479,7.058999654,0.02671914176,0.01401706582,400
resource_constrained,seg-flat|patch+0|det0|iso0|bak-connected|idm0,350,3.747910466,0.4582885744,0.009726283108,0.0267221968,400
resource_constrained,seg-flat|patch+0|det0|iso0|bak-connected|idm1,350,3.953960431,0.4937119614,0.01047445873,0.0267221968,400
resource_constrained,seg-flat|patch+0|det0|iso0|bak-isolated|idm0,350,3.475546727,0.7601087178,0.009726283108,0.02138089935,400
resource_constrained,seg-flat|patch+0|det0|iso0|bak-isolated|idm1,350,3.620126416,0.815974693,0.01047445873,0.02171697083,400
resource_constrained,seg-flat|patch+0|det0|iso0|bak-periodic|idm0,350,3.750413802,0.4268981398,0.009726283108,0.02672437875,400
resource_constrained,seg-flat|patch+0|det0|iso0|bak-periodic|idm1,350,3.9551571,0.4640587582,0.01047445873,0.02672437875,400
resource_constrained,seg-flat|patch+0|det0|iso1|bak-connected|idm0,350,4.170137335,0.4377150635,0.01116429126,0.02671041116,400
resource_constrained,seg-flat|patch+0|det0|iso1|bak-connected|idm1,350,4.351749239,0.4669438233,0.01180601221,0.02671521334,400
resource_constrained,seg-flat|patch+0|det0|iso1|bak-isolated|idm0,350,3.772399805,0.9048358847,0.01116429126,0.02114837214,400
resource_constrained,seg-flat|patch+0|det0|iso1|bak-isolated|idm1,350,3.903881251,0.8532304894,0.01180601221,0.02149459217,400
resource_constrained,seg-flat|patch+0|det0|iso1|bak-periodic|idm0,350,4.172613998,0.3973535542,0.01116429126,0.02671521334,400
resource_constrained,seg-flat|patch+0|det0|iso1|bak-periodic|idm1,350,4.352836205,0.4591813377,0.01180601221,0.02671914176,400
resource_constrained,seg-flat|patch+0|det1|iso0|bak-connected|idm0,350,3.399259785,6.986225087,0.01324450488,0.01376605874,400
resource_constrained,seg-flat|patch+0|det1|iso0|bak-connected|idm1,350,3.510937131,7.428304051,0.01376605874,0.01401706582,400
resource_constrained,seg-flat|patch+0|det1|iso0|bak-isolated|idm0,350,2.665496908,6.401172713,0.01324450488,0.00798832968,400
resource_constrained,seg-flat|patch+0|det1|iso0|bak-isolated|idm1,350,2.753599872,7.204658173,0.01376605874,0.008460506777,400
resource_constrained,seg-flat|patch+0|det1|iso0|bak-periodic|idm0,350,3.397574813,6.655759946,0.01324450488,0.01376605874,400
resource_constrained,seg-flat|patch+0|det1|iso0|bak-periodic|idm1,350,3.506989708,6.985099332,0.01376605874,0.01401706582,400
resource_constrained,seg-flat|patch+0|det1|iso1|bak-connected|idm0,350,3.711758509,6.183821427,0.01496351247,0.01376605874,400
resource_constrained,seg-flat|patch+0|det1|iso1|bak-connected|idm1,350,3.774745716,7.346470873,0.01518707445,0.01401706582,400
resource_constrained,seg-flat|patch+0|det1|iso1|bak-isolated|idm0,350,2.862234984,6.695789859,0.01496351247,0.00798832968,400
resource_constrained,seg-flat|patch+0|det1|iso1|bak-isolated|idm1,350,2.932260191,7.132353067,0.01518707445,0.008460506777,400
resource_constrained,seg-flat|patch+0|det1|iso1|bak-periodic|idm0,350,3.709043459,6.971837717,0.01496351247,0.01376605874,400
resource_constrained,seg-flat|patch+0|det1|iso1|bak-periodic|idm1,350,3.770153065,7.342261341,0.01518707445,0.01401706582,400
resource_constrained,seg-flat|patch+1|det0|iso0|bak-connected|idm0,350,4.244337327,0.4377070571,0.01149064774,0.02669075685,400
resource_constrained,seg-flat|patch+1|det0|iso0|bak-connected|idm1,350,4.233287454,0.5447037468,0.01149064774,0.02669075685,400
resource_constrained,seg-flat|patch+1|det0|iso0|bak-isolated|idm0,350,3.829409011,0.6164277271,0.01149064774,0.02234581117,400
resource_constrained,seg-flat|patch+1|det0|iso0|bak-isolated|idm1,350,3.818785578,0.6973340061,0.01149064774,0.02254325289,400
resource_constrained,seg-flat|patch+1|det0|iso0|bak-periodic|idm0,350,4.235438131,0.5146710896,0.01149064774,0.02669075685,400
resource_constrained,seg-flat|patch+1|det0|iso0|bak-periodic|idm1,350,4.219699248,0.6039644582,0.01149064774,0.02669075685,400
resource_constrained,seg-flat|patch+1|det0|iso1|bak-connected|idm0,350,4.69230903,0.5009575647,0.01297317259,0.02671041116,400
resource_constrained,seg-flat|patch+1|det0|iso1|bak-connected|idm1,350,4.683043991,0.5774556022,0.01297317259,0.02669818351,400
resource_constrained,seg-flat|patch+1|det0|iso1|bak-isolated|idm0,350,4.158012469,0.7121439662,0.01297317259,0.02203839745,400
resource_constrained,seg-flat|patch+1|det0|iso1|bak-isolated|idm1,350,4.146911168,0.7981120371,0.01297317259,0.02224486051,400
resource_constrained,seg-flat|patch+1|det0|iso1|bak-periodic|idm0,350,4.683072421,0.4660756785,0.01297317259,0.02671041116,400
resource_constrained,seg-flat|patch+1|det0|iso1|bak-periodic|idm1,350,4.673281942,0.615068379,0.01297317259,0.02669818351,400
resource_constrained,seg-flat|patch+1|det1|iso0|bak-connected|idm0,350,3.771159804,7.136111341,0.01518707445,0.01350866259,400
resource_constrained,seg-flat|patch+1|det1|iso0|bak-connected|idm1,350,3.790300781,7.342904731,0.01518707445,0.01376605874,400
resource_constrained,seg-flat|patch+1|det1|iso0|bak-isolated|idm0,350,2.922225668,6.788686379,0.01518707445,0.007483314774,400
resource_constrained,seg-flat|patch+1|det1|iso0|bak-isolated|idm1,350,2.96131158,7.682411522,0.01518707445,0.008460506777,400
resource_constrained,seg-flat|patch+1|det1|iso0|bak-periodic|idm0,350,3.765082522,7.279232974,0.01518707445,0.01350866259,400
resource_constrained,seg-flat|patch+1|det1|iso0|bak-periodic|idm1,350,3.781188083,7.840019247,0.01518707445,0.01376605874,400
resource_constrained,seg-flat|patch+1|det1|iso1|bak-connected|idm0,350,4.045340433,7.44059663,0.01662903429,0.01350866259,400
resource_constrained,seg-flat|patch+1|det1|iso1|bak-connected|idm1,350,4.061791714,8.178616982,0.01662903429,0.01376605874,400
resource_constrained,seg-flat|patch+1|det1|iso1|bak-isolated|idm0,350,3.11837917,6.804062642,0.01662903429,0.007483314774,400
resource_constrained,seg-flat|patch+1|det1|iso1|bak-isolated|idm1,350,3.149279444,7.722286848,0.01662903429,0.008460506777,400
resource_constrained,seg-flat|patch+1|det1|iso1|bak-periodic|idm0,350,4.041119992,7.870717976,0.01662903429,0.01350866259,400
resource_constrained,seg-flat|patch+1|det1|iso1|bak-periodic|idm1,350,4.055603668,8.124692435,0.01662903429,0.01376605874,400
resource_constrained,seg-flat|patch+2|det0|iso0|bak-connected|idm0,350,4.890483424,0.6563393492,0.01376605874,0.02669075685,400
resource_constrained,seg-flat|patch+2|det0|iso0|bak-connected|idm1,350,4.869359318,0.7429302353,0.01376605874,0.02669075685,400
resource_constrained,seg-flat|patch+2|det0|iso0|bak-isolated|idm0,350,4.282992067,0.8439050585,0.01376605874,0.02282855355,400
resource_constrained,seg-flat|patch+2|det0|iso0|bak-isolated|idm1,350,4.274770014,1.032927274,0.01376605874,0.02318942154,400
resource_constrained,seg-flat|patch+2|det0|iso0|bak-periodic|idm0,350,4.874600818,0.693340224,0.01376605874,0.02668245402,400
resource_constrained,seg-flat|patch+2|det0|iso0|bak-periodic|idm1,350,4.860515599,0.8295248334,0.01376605874,0.02665227989,400
resource_constrained,seg-flat|patch+2|det0|iso1|bak-connected|idm0,350,5.192665794,0.6309985749,0.01473497654,0.02671041116,400
resource_constrained,seg-flat|patch+2|det0|iso1|bak-connected|idm1,350,5.168637362,0.7588941914,0.01473497654,0.02671521334,400
resource_constrained,seg-flat|patch+2|det0|iso1|bak-isolated|idm0,350,4.565355002,0.8909793548,0.01496351247,0.02244526871,400
resource_constrained,seg-flat|patch+2|det0|iso1|bak-isolated|idm1,350,4.553851443,0.9787235422,0.01496351247,0.02282855355,400
resource_constrained,seg-flat|patch+2|det0|iso1|bak-periodic|idm0,350,5.177772966,0.6862547396,0.01473497654,0.02670473473,400
resource_constrained,seg-flat|patch+2|det0|iso1|bak-periodic|idm1,350,5.161931014,0.8408859913,0.01473497654,0.02668245402,400
resource_constrained,seg-flat|patch+2|det1|iso0|bak-connected|idm0,350,4.274799652,6.74651645,0.01736992475,0.01350866259,400
resource_constrained,seg-flat|patch+2|det1|iso0|bak-connected|idm1,350,4.262421777,7.578175407,0.01736992475,0.01376605874,400
resource_constrained,seg-flat|patch+2|det1|iso0|bak-isolated|idm0,350,3.307328089,6.725289359,0.01772086777,0.00798832968,400
resource_constrained,seg-flat|patch+2|det1|iso0|bak-isolated|idm1,350,3.317139214,7.025420557,0.01772086777,0.008460506777,400
resource_constrained,seg-flat|patch+2|det1|iso0|bak-periodic|idm0,350,4.28447189,6.216529344,0.0175469383,0.01350866259,400
resource_constrained,seg-flat|patch+2|det1|iso0|bak-periodic|idm1,350,4.281632309,7.085676307,0.0175469383,0.01376605874,400
resource_constrained,seg-flat|patch+2|det1|iso1|bak-connected|idm0,350,4.517135475,7.041913725,0.01870439059,0.01350866259,400
resource_constrained,seg-flat|patch+2|det1|iso1|bak-connected|idm1,350,4.516171882,8.120872939,0.01870439059,0.01401706582,400
resource_constrained,seg-flat|patch+2|det1|iso1|bak-isolated|idm0,350,3.527671463,6.964321085,0.01930815021,0.007483314774,400
resource_constrained,seg-flat|patch+2|det1|iso1|bak-isolated|idm1,350,3.557550725,8.127015835,0.01930815021,0.00798832968,400
resource_constrained,seg-flat|patch+2|det1|iso1|bak-periodic|idm0,350,4.556294077,7.132082391,0.0190111215,0.01350866259,400
resource_constrained,seg-flat|patch+2|det1|iso1|bak-periodic|idm1,350,4.575235519,7.708647391,0.0190111215,0.01401706582,400
resource_constrained,seg-flat|patch+3|det0|iso0|bak-connected|idm0,350,5.285450832,0.7728367048,0.01518707445,0.02656813673,400
resource_constrained,seg-flat|patch+3|det0|iso0|bak-connected|idm1,350,5.266616682,0.8885728193,0.01518707445,0.02655101256,400
resource_constrained,seg-flat|patch+3|det0|iso0|bak-isolated|idm0,350,4.627373876,0.9027268894,0.015405879,0.02344598656,400
resource_constrained,seg-flat|patch+3|det0|iso0|bak-isolated|idm1,350,4.616904766,1.064845791,0.015405879,0.02392456561,400
resource_constrained,seg-flat|patch+3|det0|iso0|bak-periodic|idm0,350,5.269470092,0.8618352123,0.01518707445,0.02651409219,400
resource_constrained,seg-flat|patch+3|det0|iso0|bak-periodic|idm1,350,5.248576385,0.9885135927,0.01518707445,0.02649429225,400
resource_constrained,seg-flat|patch+3|det0|iso1|bak-connected|idm0,350,5.609905503,0.7443993788,0.01623730722,0.0266277656,400
resource_constrained,seg-flat|patch+3|det0|iso1|bak-connected|idm1,350,5.58325082,0.8175315234,0.01623730722,0.02661418548,400
resource_constrained,seg-flat|patch+3|det0|iso1|bak-isolated|idm0,350,4.869444782,1.016872313,0.01643504753,0.02318942154,400
resource_constrained,seg-flat|patch+3|det0|iso1|bak-isolated|idm1,350,4.857484284,1.074742999,0.01643504753,0.02361054269,400
resource_constrained,seg-flat|patch+3|det0|iso1|bak-periodic|idm0,350,5.591512057,0.8451858289,0.01623730722,0.02659972161,400
resource_constrained,seg-flat|patch+3|det0|iso1|bak-periodic|idm1,350,5.565055382,0.927172315,0.01623730722,0.02658437253,400
resource_constrained,seg-flat|patch+3|det1|iso0|bak-connected|idm0,350,4.696635572,6.740619473,0.01930815021,0.01376605874,400
resource_constrained,seg-flat|patch+3|det1|iso0|bak-connected|idm1,350,4.673576025,7.189706599,0.01930815021,0.01376605874,400
resource_constrained,seg-flat|patch+3|det1|iso0|bak-isolated|idm0,350,3.622927164,7.114403267,0.01959591794,0.008460506777,400
resource_constrained,seg-flat|patch+3|det1|iso0|bak-isolated|idm1,350,3.57770768,6.870412233,0.01959591794,0.00798832968,400
resource_constrained,seg-flat|patch+3|det1|iso0|bak-periodic|idm0,350,4.694001333,6.580845101,0.01945316571,0.01376605874,400
resource_constrained,seg-flat|patch+3|det1|iso0|bak-periodic|idm1,350,4.651432446,6.891989501,0.01945316571,0.01376605874,400
resource_constrained,seg-flat|patch+3|det1|iso1|bak-connected|idm0,350,4.982639507,7.627591831,0.02090879821,0.01350866259,400
resource_constrained,seg-flat|patch+3|det1|iso1|bak-connected|idm1,350,4.934926493,7.386194787,0.02090879821,0.01376605874,400
resource_constrained,seg-flat|patch+3|det1|iso1|bak-isolated|idm0,350,3.782365085,7.186887159,0.02114837214,0.00798832968,400
resource_constrained,seg-flat|patch+3|det1|iso1|bak-isolated|idm1,350,3.758998725,6.835237775,0.02114837214,0.00798832968,400
resource_constrained,seg-flat|patch+3|det1|iso1|bak-periodic|idm0,350,4.969868726,7.389894753,0.0210294809,0.01350866259,400
resource_constrained,seg-flat|patch+3|det1|iso1|bak-periodic|idm1,350,4.919902877,6.791689454,0.0210294809,0.01376605874,400
resource_constrained,seg-least_privilege|patch+0|det0|iso0|bak-connected|idm0,350,5.412486976,1.208029282,0.01603567451,0.02671041116,400
resource_constrained,seg-least_privilege|patch+0|det0|iso0|bak-connected|idm1,350,5.493483677,1.238167434,0.01643504753,0.02666321649,400
resource_constrained,seg-least_privilege|patch+0|det0|iso0|bak-isolated|idm0,350,4.673196384,1.248425565,0.01603567451,0.02318942154,400
resource_constrained,seg-least_privilege|patch+0|det0|iso0|bak-isolated|idm1,350,4.735631369,1.690604078,0.01643504753,0.02352890413,400
resource_constrained,seg-least_privilege|patch+0|det0|iso0|bak-periodic|idm0,350,5.396639053,1.260855451,0.01603567451,0.02669818351,400
resource_constrained,seg-least_privilege|patch+0|det0|iso0|bak-periodic|idm1,350,5.472800261,1.329664844,0.01643504753,0.02665227989,400
resource_constrained,seg-least_privilege|patch+0|det0|iso1|bak-connected|idm0,350,5.671260587,1.373753306,0.01700625849,0.0267221968,400
resource_constrained,seg-least_privilege|patch+0|det0|iso1|bak-connected|idm1,350,5.744241524,1.386602345,0.01736992475,0.02669075685,400
resource_constrained,seg-least_privilege|patch+0|det0|iso1|bak-isolated|idm0,350,4.865006937,1.532080185,0.01700625849,0.02282855355,400
resource_constrained,seg-least_privilege|patch+0|det0|iso1|bak-isolated|idm1,350,4.926328781,1.719615604,0.01736992475,0.02327625951,400
resource_constrained,seg-least_privilege|patch+0|det0|iso1|bak-periodic|idm0,350,5.651630318,1.409574627,0.01700625849,0.0267221968,400
resource_constrained,seg-least_privilege|patch+0|det0|iso1|bak-periodic|idm1,350,5.723785145,1.439641513,0.01736992475,0.02668245402,400
resource_constrained,seg-least_privilege|patch+0|det1|iso0|bak-connected|idm0,350,5.001734947,7.175955699,0.02282855355,0.0124070891,400
resource_constrained,seg-least_privilege|patch+0|det1|iso0|bak-connected|idm1,350,5.027956858,7.349526421,0.02361054269,0.01211124336,400
resource_constrained,seg-least_privilege|patch+0|det1|iso0|bak-isolated|idm0,350,3.775545516,7.007646641,0.02282855355,0.007483314774,400
resource_constrained,seg-least_privilege|patch+0|det1|iso0|bak-isolated|idm1,350,3.79667407,6.712392458,0.02361054269,0.006938295302,400
resource_constrained,seg-least_privilege|patch+0|det1|iso0|bak-periodic|idm0,350,4.950399322,7.201362755,0.02282855355,0.01211124336,400
resource_constrained,seg-least_privilege|patch+0|det1|iso0|bak-periodic|idm1,350,4.977945763,7.272407853,0.02361054269,0.01211124336,400
resource_constrained,seg-least_privilege|patch+0|det1|iso1|bak-connected|idm0,350,4.998372141,7.917939789,0.02384791463,0.01149064774,400
resource_constrained,seg-least_privilege|patch+0|det1|iso1|bak-connected|idm1,350,5.079673282,7.422444541,0.02475253617,0.01149064774,400
resource_constrained,seg-least_privilege|patch+0|det1|iso1|bak-isolated|idm0,350,3.760617832,7.097988856,0.02384791463,0.007483314774,400
resource_constrained,seg-least_privilege|patch+0|det1|iso1|bak-isolated|idm1,350,3.82869281,7.590078314,0.02475253617,0.006938295302,400
resource_constrained,seg-least_privilege|patch+0|det1|iso1|bak-periodic|idm0,350,4.941780761,7.53294994,0.02384791463,0.01149064774,400
resource_constrained,seg-least_privilege|patch+0|det1|iso1|bak-periodic|idm1,350,5.018333618,7.632396362,0.02475253617,0.01149064774,400
resource_constrained,seg-least_privilege|patch+1|det0|iso0|bak-connected|idm0,350,6.361502926,1.987867814,0.01987482695,0.02671041116,400
resource_constrained,seg-least_privilege|patch+1|det0|iso0|bak-connected|idm1,350,6.450488859,2.11908666,0.02090879821,0.02665227989,400
resource_constrained,seg-least_privilege|patch+1|det0|iso0|bak-isolated|idm0,350,5.430904332,2.03089781,0.01987482695,0.02442767632,400
resource_constrained,seg-least_privilege|patch+1|det0|iso0|bak-isolated|idm1,350,5.520003256,2.493741281,0.02090879821,0.02468979558,400
resource_constrained,seg-least_privilege|patch+1|det0|iso0|bak-periodic|idm0,350,6.319686491,1.979186324,0.01987482695,0.02670473473,400
resource_constrained,seg-least_privilege|patch+1|det0|iso0|bak-periodic|idm1,350,6.408198084,2.245924021,0.02090879821,0.02664046332,400
resource_constrained,seg-least_privilege|patch+1|det0|iso1|bak-connected|idm0,350,6.528287725,2.133614056,0.02066193243,0.02671914176,400
resource_constrained,seg-least_privilege|patch+1|det0|iso1|bak-connected|idm1,350,6.634717448,2.068799792,0.02182570769,0.02670473473,400
resource_constrained,seg-least_privilege|patch+1|det0|iso1|bak-isolated|idm0,350,5.564766236,2.357235237,0.02066193243,0.02449489743,400
resource_constrained,seg-least_privilege|patch+1|det0|iso1|bak-isolated|idm1,350,5.652132081,2.611885893,0.02182570769,0.02456098497,400
resource_constrained,seg-least_privilege|patch+1|det0|iso1|bak-periodic|idm0,350,6.475647375,2.082847069,0.02066193243,0.02671521334,400
resource_constrained,seg-least_privilege|patch+1|det0|iso1|bak-periodic|idm1,350,6.565762255,2.07631337,0.02182570769,0.02669818351,400
resource_constrained,seg-least_privilege|patch+1|det1|iso0|bak-connected|idm0,350,5.256936991,6.614357488,0.02612193877,0.01149064774,400
resource_constrained,seg-least_privilege|patch+1|det1|iso0|bak-connected|idm1,350,5.185199377,7.511851545,0.02668245402,0.01149064774,400
resource_constrained,seg-least_privilege|patch+1|det1|iso0|bak-isolated|idm0,350,4.07444438,5.958722794,0.02612193877,0.006938295302,400
resource_constrained,seg-least_privilege|patch+1|det1|iso0|bak-isolated|idm1,350,4.040839639,6.739096463,0.02668245402,0.006938295302,400
resource_constrained,seg-least_privilege|patch+1|det1|iso0|bak-periodic|idm0,350,5.07278558,7.18728709,0.02612193877,0.01010844983,400
resource_constrained,seg-least_privilege|patch+1|det1|iso0|bak-periodic|idm1,350,5.012583247,7.610565882,0.02668245402,0.01082594874,400
resource_constrained,seg-least_privilege|patch+1|det1|iso1|bak-connected|idm0,350,5.346013633,6.598181129,0.02653299832,0.01149064774,400
resource_constrained,seg-least_privilege|patch+1|det1|iso1|bak-connected|idm1,350,5.201574769,6.358716196,0.02667327421,0.01149064774,400
resource_constrained,seg-least_privilege|patch+1|det1|iso1|bak-isolated|idm0,350,4.153813237,6.776230112,0.02653299832,0.006938295302,400
resource_constrained,seg-least_privilege|patch+1|det1|iso1|bak-isolated|idm1,350,4.045642378,5.753219166,0.02667327421,0.006938295302,400
resource_constrained,seg-least_privilege|patch+1|det1|iso1|bak-periodic|idm0,350,5.136806765,7.222414855,0.02653299832,0.01047445873,400
resource_constrained,seg-least_privilege|patch+1|det1|iso1|bak-periodic|idm1,350,5.004033886,6.609711431,0.02667327421,0.01047445873,400
resource_constrained,seg-least_privilege|patch+2|det0|iso0|bak-connected|idm0,350,7.296904845,2.675608483,0.02449489743,0.0267221968,400
resource_constrained,seg-least_privilege|patch+2|det0|iso0|bak-connected|idm1,350,7.207234691,3.008616839,0.02510618847,0.02671521334,400
resource_constrained,seg-least_privilege|patch+2|det0|iso0|bak-isolated|idm0,350,6.23942792,2.952286823,0.02449489743,0.025049921,400
resource_constrained,seg-least_privilege|patch+2|det0|iso0|bak-isolated|idm1,350,6.178008467,3.320576631,0.02510618847,0.02499259366,400
resource_constrained,seg-least_privilege|patch+2|det0|iso0|bak-periodic|idm0,350,7.209281234,2.554799237,0.02449489743,0.02672568784,400
resource_constrained,seg-least_privilege|patch+2|det0|iso0|bak-periodic|idm1,350,7.110935913,2.972253301,0.02510618847,0.02671521334,400
resource_constrained,seg-least_privilege|patch+2|det0|iso1|bak-connected|idm0,350,7.319800834,2.652044731,0.02481417821,0.02671041116,400
resource_constrained,seg-least_privilege|patch+2|det0|iso1|bak-connected|idm1,350,7.229968433,2.919389482,0.02542192071,0.02669075685,400
resource_constrained,seg-least_privilege|patch+2|det0|iso1|bak-isolated|idm0,350,6.246265479,3.132665397,0.02487472988,0.02487472988,400
resource_constrained,seg-least_privilege|patch+2|det0|iso1|bak-isolated|idm1,350,6.189544231,3.470761828,0.02547095757,0.02481417821,400
resource_constrained,seg-least_privilege|patch+2|det0|iso1|bak-periodic|idm0,350,7.206928259,2.632084055,0.02481417821,0.0267221968,400
resource_constrained,seg-least_privilege|patch+2|det0|iso1|bak-periodic|idm1,350,7.117903515,3.031586923,0.02542192071,0.02668245402,400
resource_constrained,seg-least_privilege|patch+2|det1|iso0|bak-connected|idm0,350,4.824220123,8.92545083,0.02561204163,0.01116429126,400
resource_constrained,seg-least_privilege|patch+2|det1|iso0|bak-connected|idm1,350,4.414933077,9.699356446,0.02369091546,0.01047445873,400
resource_constrained,seg-least_privilege|patch+2|det1|iso0|bak-isolated|idm0,350,3.944985822,8.242416852,0.02561204163,0.008460506777,400
resource_constrained,seg-least_privilege|patch+2|det1|iso0|bak-isolated|idm1,350,3.62695219,9.192802674,0.02369091546,0.008460506777,400
resource_constrained,seg-least_privilege|patch+2|det1|iso0|bak-periodic|idm0,350,4.624103306,7.066467331,0.02561204163,0.01082594874,400
resource_constrained,seg-least_privilege|patch+2|det1|iso0|bak-periodic|idm1,350,4.262792098,9.181503845,0.02369091546,0.01010844983,400
resource_constrained,seg-least_privilege|patch+2|det1|iso1|bak-connected|idm0,350,4.559096584,9.00200714,0.02510618847,0.009726283108,400
resource_constrained,seg-least_privilege|patch+2|det1|iso1|bak-connected|idm1,350,3.995695593,9.669701156,0.02263978283,0.008905071114,400
resource_constrained,seg-least_privilege|patch+2|det1|iso1|bak-isolated|idm0,350,3.746879472,7.345619615,0.02510618847,0.007483314774,400
resource_constrained,seg-least_privilege|patch+2|det1|iso1|bak-isolated|idm1,350,3.308590789,9.20121691,0.02263978283,0.00798832968,400
resource_constrained,seg-least_privilege|patch+2|det1|iso1|bak-periodic|idm0,350,4.329400098,6.80688988,0.02510618847,0.009325972385,400
resource_constrained,seg-least_privilege|patch+2|det1|iso1|bak-periodic|idm1,350,3.804082962,10.41720324,0.02263978283,0.008460506777,400
resource_constrained,seg-least_privilege|patch+3|det0|iso0|bak-connected|idm0,350,7.315931608,2.687197838,0.02590676263,0.02672437875,400
resource_constrained,seg-least_privilege|patch+3|det0|iso0|bak-connected|idm1,350,7.046160995,3.345022789,0.02635660361,0.02667327421,400
resource_constrained,seg-least_privilege|patch+3|det0|iso0|bak-isolated|idm0,350,6.387514081,3.234753281,0.02590676263,0.02598227698,400
resource_constrained,seg-least_privilege|patch+3|det0|iso0|bak-isolated|idm1,350,6.172945137,3.662353914,0.02635660361,0.02594499677,400
resource_constrained,seg-least_privilege|patch+3|det0|iso0|bak-periodic|idm0,350,7.181676754,2.984548243,0.02590676263,0.0267221968,400
resource_constrained,seg-least_privilege|patch+3|det0|iso0|bak-periodic|idm1,350,6.90786579,3.774172795,0.02635660361,0.02668245402,400
resource_constrained,seg-least_privilege|patch+3|det0|iso1|bak-connected|idm0,350,7.265319823,2.875727045,0.02590676263,0.02669075685,400
resource_constrained,seg-least_privilege|patch+3|det0|iso1|bak-connected|idm1,350,7.00701822,3.492278571,0.02647359651,0.02665227989,400
resource_constrained,seg-least_privilege|patch+3|det0|iso1|bak-isolated|idm0,350,6.336287464,3.464434744,0.02590676263,0.02574420029,400
resource_constrained,seg-least_privilege|patch+3|det0|iso1|bak-isolated|idm1,350,6.124366963,3.934126635,0.02647359651,0.02565707922,400
resource_constrained,seg-least_privilege|patch+3|det0|iso1|bak-periodic|idm0,350,7.11578417,2.865425827,0.02590676263,0.02669075685,400
resource_constrained,seg-least_privilege|patch+3|det0|iso1|bak-periodic|idm1,350,6.839560234,3.567818574,0.02647359651,0.02665227989,400
resource_constrained,seg-least_privilege|patch+3|det1|iso0|bak-connected|idm0,350,3.942701753,11.4154961,0.02282855355,0.008905071114,400
resource_constrained,seg-least_privilege|patch+3|det1|iso0|bak-connected|idm1,350,3.349911389,13.01042813,0.01945316571,0.008460506777,400
resource_constrained,seg-least_privilege|patch+3|det1|iso0|bak-isolated|idm0,350,3.444515496,10.79508242,0.02282855355,0.006342967456,400
resource_constrained,seg-least_privilege|patch+3|det1|iso0|bak-isolated|idm1,350,2.926535612,12.42028808,0.01945316571,0.005681538822,400
resource_constrained,seg-least_privilege|patch+3|det1|iso0|bak-periodic|idm0,350,3.697886769,9.16042462,0.02282855355,0.008460506777,400
resource_constrained,seg-least_privilege|patch+3|det1|iso0|bak-periodic|idm1,350,3.188154064,13.72476466,0.01945316571,0.00798832968,400
resource_constrained,seg-least_privilege|patch+3|det1|iso1|bak-connected|idm0,350,3.559545186,11.19182784,0.02149459217,0.006938295302,400
resource_constrained,seg-least_privilege|patch+3|det1|iso1|bak-connected|idm1,350,2.896066119,11.29874842,0.01854723699,0.006342967456,400
resource_constrained,seg-least_privilege|patch+3|det1|iso1|bak-isolated|idm0,350,3.095371938,9.805963171,0.02149459217,0.006342967456,400
resource_constrained,seg-least_privilege|patch+3|det1|iso1|bak-isolated|idm1,350,2.51588404,11.29113501,0.01854723699,0.005681538822,400
resource_constrained,seg-least_privilege|patch+3|det1|iso1|bak-periodic|idm0,350,3.305869044,10.68246055,0.02149459217,0.006938295302,400
resource_constrained,seg-least_privilege|patch+3|det1|iso1|bak-periodic|idm1,350,2.747956632,12.00902539,0.01854723699,0.006342967456,400
