profile,portfolio,n_scenarios,mean_hours_lost,tail_hours_lost_cvar90,sustained_outage_probability,sustained_outage_probability_k1,sustained_outage_probability_k2,sustained_outage_probability_k3,sustained_outage_probability_k4,nonrecovery_probability,implementation_cost_points,operational_burden_points,mean_defensive_isolation_hours_per_node
high_capacity,seg-least_privilege|patch+0|det0|iso0|bak-isolated|idm0,30,2.99,17.42222222,0,0.06666666667,0,0,0,0,0,0,0.3538921834
high_capacity,seg-least_privilege|patch+0|det0|iso0|bak-isolated|idm1,30,2.99,17.42222222,0,0.06666666667,0,0,0,0,4,3,0.3538921834
high_capacity,seg-least_privilege|patch+0|det0|iso1|bak-isolated|idm0,30,2.99,17.42222222,0,0.06666666667,0,0,0,0,5,3,0.3400537996
high_capacity,seg-least_privilege|patch+0|det0|iso1|bak-isolated|idm1,30,2.99,17.42222222,0,0.06666666667,0,0,0,0,9,6,0.3400537996
high_capacity,seg-least_privilege|patch+0|det1|iso0|bak-isolated|idm0,30,2.796666667,17.42222222,0,0.06666666667,0,0,0,0,3,2,0.2935852589
high_capacity,seg-least_privilege|patch+0|det1|iso0|bak-isolated|idm1,30,2.796666667,17.42222222,0,0.06666666667,0,0,0,0,7,5,0.2935852589
high_capacity,seg-least_privilege|patch+0|det1|iso1|bak-isolated|idm0,30,2.796666667,17.42222222,0,0.06666666667,0,0,0,0,8,5,0.2855044508
high_capacity,seg-least_privilege|patch+0|det1|iso1|bak-isolated|idm1,30,2.796666667,17.42222222,0,0.06666666667,0,0,0,0,12,8,0.2855044508
high_capacity,seg-least_privilege|patch+1|det0|iso0|bak-isolated|idm0,30,2.99,17.42222222,0,0.06666666667,0,0,0,0,2,3,0.3538921834
high_capacity,seg-least_privilege|patch+1|det0|iso0|bak-isolated|idm1,30,2.99,17.42222222,0,0.06666666667,0,0,0,0,6,6,0.3538921834
high_capacity,seg-least_privilege|patch+1|det0|iso1|bak-isolated|idm0,30,2.99,17.42222222,0,0.06666666667,0,0,0,0,7,6,0.3400537996
high_capacity,seg-least_privilege|patch+1|det0|iso1|bak-isolated|idm1,30,2.99,17.42222222,0,0.06666666667,0,0,0,0,11,9,0.3400537996
high_capacity,seg-least_privilege|patch+1|det1|iso0|bak-isolated|idm0,30,2.796666667,17.42222222,0,0.06666666667,0,0,0,0,5,5,0.2935852589
high_capacity,seg-least_privilege|patch+1|det1|iso0|bak-isolated|idm1,30,2.796666667,17.42222222,0,0.06666666667,0,0,0,0,9,8,0.2935852589
high_capacity,seg-least_privilege|patch+1|det1|iso1|bak-isolated|idm0,30,2.796666667,17.42222222,0,0.06666666667,0,0,0,0,10,8,0.2855044508
high_capacity,seg-least_privilege|patch+1|det1|iso1|bak-isolated|idm1,30,2.796666667,17.42222222,0,0.06666666667,0,0,0,0,14,11,0.2855044508
intermediate_capacity,seg-basic|patch+0|det0|iso0|bak-isolated|idm0,30,115.5247222,211.5638889,0.7333333333,0.7333333333,0.7333333333,0.7333333333,0.7333333333,0.03333333333,1,1,0.5708710496
intermediate_capacity,seg-basic|patch+0|det0|iso0|bak-isolated|idm1,30,115.715,206.05,0.7333333333,0.7333333333,0.7333333333,0.7333333333,0.7333333333,0.03333333333,5,4,0.5733881907
intermediate_capacity,seg-basic|patch+0|det0|iso0|bak-periodic|idm0,30,151.9436111,258.1861111,0.7333333333,0.7333333333,0.7333333333,0.7333333333,0.7333333333,0.03333333333,0,0,0.545997701
intermediate_capacity,seg-basic|patch+0|det0|iso0|bak-periodic|idm1,30,151.98,249.975,0.7333333333,0.7333333333,0.7333333333,0.7333333333,0.7333333333,0.03333333333,4,3,0.5411432976
intermediate_capacity,seg-basic|patch+0|det0|iso1|bak-isolated|idm0,30,105.7461111,204.9555556,0.6666666667,0.6666666667,0.6666666667,0.6666666667,0.6666666667,0.03333333333,6,4,0.5256209657
intermediate_capacity,seg-basic|patch+0|det0|iso1|bak-isolated|idm1,30,104.8552778,199.5166667,0.6666666667,0.6666666667,0.6666666667,0.6666666667,0.6666666667,0.03333333333,10,7,0.537401732
intermediate_capacity,seg-basic|patch+0|det0|iso1|bak-periodic|idm0,30,138.8980556,252.3638889,0.6666666667,0.6666666667,0.6666666667,0.6666666667,0.6666666667,0.03333333333,5,3,0.5209942499
intermediate_capacity,seg-basic|patch+0|det0|iso1|bak-periodic|idm1,30,138,244.7222222,0.6666666667,0.6666666667,0.6666666667,0.6666666667,0.6666666667,0.03333333333,9,6,0.5094919165
intermediate_capacity,seg-basic|patch+0|det1|iso0|bak-isolated|idm0,30,52.83944444,117.7388889,0.5666666667,0.6,0.5666666667,0.5666666667,0.5666666667,0.03333333333,4,3,0.5787519461
intermediate_capacity,seg-basic|patch+0|det1|iso0|bak-isolated|idm1,30,49.14527778,126.0083334,0.5333333333,0.6,0.5666666667,0.5333333333,0.5333333333,0.03333333333,8,6,0.5837226941
intermediate_capacity,seg-basic|patch+0|det1|iso0|bak-periodic|idm0,30,70.80444444,153.1666667,0.5666666667,0.6,0.5666666667,0.5666666667,0.5666666667,0.03333333333,3,2,0.6150956888
intermediate_capacity,seg-basic|patch+0|det1|iso0|bak-periodic|idm1,30,64.32027777,160.0027778,0.5333333333,0.6,0.5666666667,0.5333333333,0.5333333333,0.03333333333,7,5,0.6249674266
intermediate_capacity,seg-basic|patch+0|det1|iso1|bak-isolated|idm0,30,44.64694444,118.6027778,0.4666666667,0.5333333333,0.5,0.4666666667,0.4666666667,0.03333333333,9,6,0.5508085442
intermediate_capacity,seg-basic|patch+0|det1|iso1|bak-isolated|idm1,30,41.73527778,125.3805555,0.4666666667,0.5333333333,0.5,0.4666666667,0.4666666667,0.03333333333,13,9,0.5494656276
intermediate_capacity,seg-basic|patch+0|det1|iso1|bak-periodic|idm0,30,58.05916666,143.5138889,0.4666666667,0.5333333333,0.5,0.4666666667,0.4666666667,0.03333333333,8,5,0.5581763906
intermediate_capacity,seg-basic|patch+0|det1|iso1|bak-periodic|idm1,30,53.76444444,154.825,0.4666666667,0.5333333333,0.5,0.4666666667,0.4666666667,0.03333333333,12,8,0.5605624157
intermediate_capacity,seg-basic|patch+1|det0|iso0|bak-isolated|idm0,30,94.25166667,256.3055555,0.5666666667,0.6,0.5666666667,0.5666666667,0.5666666667,0.06666666667,3,4,0.6914153621
intermediate_capacity,seg-basic|patch+1|det0|iso0|bak-isolated|idm1,30,94.17361111,259.3,0.4666666667,0.6,0.5333333333,0.5333333333,0.4666666667,0.1333333333,7,7,0.6947799519
intermediate_capacity,seg-basic|patch+1|det0|iso0|bak-periodic|idm0,30,113.7736111,293.5,0.5666666667,0.6,0.5666666667,0.5666666667,0.5666666667,0.1,2,3,0.6855812198
intermediate_capacity,seg-basic|patch+1|det0|iso0|bak-periodic|idm1,30,112.6147222,299.9222222,0.4666666667,0.6,0.5333333333,0.5333333333,0.4666666667,0.1333333333,6,6,0.6886502094
intermediate_capacity,seg-basic|patch+1|det0|iso1|bak-isolated|idm0,30,69.69638889,242.6722222,0.4,0.5,0.4333333333,0.4,0.4,0.06666666667,8,7,0.6484390126
intermediate_capacity,seg-basic|patch+1|det0|iso1|bak-isolated|idm1,30,66.13361111,257.6972222,0.2666666667,0.5,0.4,0.3666666667,0.2666666667,0.06666666667,12,10,0.6380503595
intermediate_capacity,seg-basic|patch+1|det0|iso1|bak-periodic|idm0,30,84.50277778,276.6944445,0.4,0.5,0.4333333333,0.4,0.4,0.06666666667,7,6,0.6503089185
intermediate_capacity,seg-basic|patch+1|det0|iso1|bak-periodic|idm1,30,79.40888889,293.5,0.2666666667,0.5,0.4,0.3666666667,0.2666666667,0.06666666667,11,9,0.6388327485
intermediate_capacity,seg-basic|patch+1|det1|iso0|bak-isolated|idm0,30,17.48194445,106.5277778,0.1333333333,0.2666666667,0.1666666667,0.1333333333,0.1333333333,0.03333333333,6,6,0.5843738878
intermediate_capacity,seg-basic|patch+1|det1|iso0|bak-isolated|idm1,30,17.42583333,105.9666667,0.1333333333,0.2666666667,0.1666666667,0.1333333333,0.1333333333,0.03333333333,10,9,0.5843738878
intermediate_capacity,seg-basic|patch+1|det1|iso0|bak-periodic|idm0,30,18.36555556,115.0638889,0.1333333333,0.2666666667,0.1666666667,0.1333333333,0.1333333333,0.03333333333,5,5,0.5871428879
intermediate_capacity,seg-basic|patch+1|det1|iso0|bak-periodic|idm1,30,18.30944445,114.5027778,0.1333333333,0.2666666667,0.1666666667,0.1333333333,0.1333333333,0.03333333333,9,8,0.5871428879
intermediate_capacity,seg-basic|patch+1|det1|iso1|bak-isolated|idm0,30,16.27722222,106.375,0.1,0.2333333333,0.1333333333,0.1,0.1,0.03333333333,11,9,0.5437711249
intermediate_capacity,seg-basic|patch+1|det1|iso1|bak-isolated|idm1,30,16.22111111,105.8138889,0.1,0.2333333333,0.1333333333,0.1,0.1,0.03333333333,15,12,0.5437711249
intermediate_capacity,seg-basic|patch+1|det1|iso1|bak-periodic|idm0,30,17.14944444,114.7972222,0.1,0.2333333333,0.1333333333,0.1,0.1,0.03333333333,10,8,0.5471198352
intermediate_capacity,seg-basic|patch+1|det1|iso1|bak-periodic|idm1,30,17.09333333,114.2361111,0.1,0.2333333333,0.1333333333,0.1,0.1,0.03333333333,14,11,0.5471198352
intermediate_capacity,seg-basic|patch+2|det0|iso0|bak-isolated|idm0,30,43.4525,216.6222222,0.2333333333,0.3,0.2333333333,0.2333333333,0.2333333333,0.03333333333,5,7,0.7025075625
intermediate_capacity,seg-basic|patch+2|det0|iso0|bak-isolated|idm1,30,39.79472222,208.8333333,0.2,0.3,0.2,0.2,0.2,0.03333333333,9,10,0.7043623535
intermediate_capacity,seg-basic|patch+2|det0|iso0|bak-periodic|idm0,30,49.51388889,250.6166666,0.2333333333,0.3,0.2333333333,0.2333333333,0.2333333333,0.06666666667,4,6,0.7031283963
intermediate_capacity,seg-basic|patch+2|det0|iso0|bak-periodic|idm1,30,45.68833334,241.4833333,0.2,0.3,0.2,0.2,0.2,0.06666666667,8,9,0.7063676751
intermediate_capacity,seg-basic|patch+2|det0|iso1|bak-isolated|idm0,30,33.80555555,195.5555555,0.1333333333,0.3,0.1666666667,0.1666666667,0.1333333333,0.03333333333,10,10,0.6921747507
intermediate_capacity,seg-basic|patch+2|det0|iso1|bak-isolated|idm1,30,31.91444445,183.6277778,0.1333333333,0.3,0.1666666667,0.1666666667,0.1333333333,0.03333333333,14,13,0.6926875712
intermediate_capacity,seg-basic|patch+2|det0|iso1|bak-periodic|idm0,30,38.44111111,230.2694445,0.1333333333,0.3,0.1666666667,0.1666666667,0.1333333333,0.03333333333,9,9,0.6945601486
intermediate_capacity,seg-basic|patch+2|det0|iso1|bak-periodic|idm1,30,36.49194444,215.85,0.1333333333,0.3,0.1666666667,0.1666666667,0.1333333333,0.03333333333,13,12,0.6953628242
intermediate_capacity,seg-basic|patch+2|det1|iso0|bak-isolated|idm0,30,8.92,41.48888889,0.1,0.2,0.1333333333,0.1,0.1,0.03333333333,8,9,0.5346840988
intermediate_capacity,seg-basic|patch+2|det1|iso0|bak-isolated|idm1,30,8.566111111,41.48888889,0.1,0.2,0.1,0.1,0.1,0.03333333333,12,12,0.5346840988
intermediate_capacity,seg-basic|patch+2|det1|iso0|bak-periodic|idm0,30,9.494444444,47.23333333,0.1,0.2,0.1333333333,0.1,0.1,0.03333333333,7,8,0.5344028049
intermediate_capacity,seg-basic|patch+2|det1|iso0|bak-periodic|idm1,30,9.140555556,47.23333333,0.1,0.2,0.1,0.1,0.1,0.03333333333,11,11,0.5344028049
intermediate_capacity,seg-basic|patch+2|det1|iso1|bak-isolated|idm0,30,6.836944444,28.71111111,0.06666666667,0.1666666667,0.1,0.06666666667,0.06666666667,0.03333333333,13,12,0.5040537569
intermediate_capacity,seg-basic|patch+2|det1|iso1|bak-isolated|idm1,30,6.836944444,28.71111111,0.06666666667,0.1666666667,0.1,0.06666666667,0.06666666667,0.03333333333,17,15,0.5040537569
intermediate_capacity,seg-basic|patch+2|det1|iso1|bak-periodic|idm0,30,7.015277778,30.49444444,0.06666666667,0.1666666667,0.1,0.06666666667,0.06666666667,0.03333333333,12,11,0.5040537569
intermediate_capacity,seg-basic|patch+2|det1|iso1|bak-periodic|idm1,30,7.015277778,30.49444444,0.06666666667,0.1666666667,0.1,0.06666666667,0.06666666667,0.03333333333,16,14,0.5040537569
intermediate_capacity,seg-least_privilege|patch+0|det0|iso0|bak-isolated|idm0,30,72.15527778,225.7333333,0.4333333333,0.6,0.4666666667,0.4666666667,0.4333333333,0.03333333333,3,3,0.6349070143
intermediate_capacity,seg-least_privilege|patch+0|det0|iso0|bak-isolated|idm1,30,64.54083333,233.3555556,0.3666666667,0.5666666667,0.4333333333,0.4,0.3666666667,0.03333333333,7,6,0.654942223
intermediate_capacity,seg-least_privilege|patch+0|det0|iso0|bak-periodic|idm0,30,86.22555556,269.5444444,0.4333333333,0.6,0.4666666667,0.4666666667,0.4333333333,0.03333333333,2,2,0.6102275634
intermediate_capacity,seg-least_privilege|patch+0|det0|iso0|bak-periodic|idm1,30,77.54388889,278.0805556,0.3666666667,0.5666666667,0.4333333333,0.4,0.3666666667,0.03333333333,6,5,0.6341589857
intermediate_capacity,seg-least_privilege|patch+0|det0|iso1|bak-isolated|idm0,30,62.00444445,223.5888889,0.3666666667,0.5,0.3666666667,0.3666666667,0.3666666667,0.03333333333,8,6,0.6087016885
intermediate_capacity,seg-least_privilege|patch+0|det0|iso1|bak-isolated|idm1,30,49.79666667,223.5888889,0.3333333333,0.4666666667,0.3333333333,0.3333333333,0.3333333333,0.03333333333,12,9,0.6406124446
intermediate_capacity,seg-least_privilege|patch+0|det0|iso1|bak-periodic|idm0,30,73.97277777,268.3333333,0.3666666667,0.5,0.3666666667,0.3666666667,0.3666666667,0.03333333333,7,5,0.5903886506
intermediate_capacity,seg-least_privilege|patch+0|det0|iso1|bak-periodic|idm1,30,60.46944445,259.5055555,0.3333333333,0.4666666667,0.3333333333,0.3333333333,0.3333333333,0.03333333333,11,8,0.6274492911
intermediate_capacity,seg-least_privilege|patch+0|det1|iso0|bak-isolated|idm0,30,13.22472222,69.16944444,0.2,0.2333333333,0.2,0.2,0.2,0.03333333333,6,5,0.5507208899
intermediate_capacity,seg-least_privilege|patch+0|det1|iso0|bak-isolated|idm1,30,8.874444444,37.81944444,0.1,0.2333333333,0.1666666667,0.1,0.1,0.03333333333,10,8,0.5539563053
intermediate_capacity,seg-least_privilege|patch+0|det1|iso0|bak-periodic|idm0,30,13.22472222,69.16944444,0.2,0.2333333333,0.2,0.2,0.2,0.03333333333,5,4,0.5507208899
intermediate_capacity,seg-least_privilege|patch+0|det1|iso0|bak-periodic|idm1,30,8.874444444,37.81944444,0.1,0.2333333333,0.1666666667,0.1,0.1,0.03333333333,9,7,0.5539563053
intermediate_capacity,seg-least_privilege|patch+0|det1|iso1|bak-isolated|idm0,30,8.881944445,43.98333333,0.1666666667,0.2,0.1666666667,0.1666666667,0.1666666667,0.03333333333,11,8,0.4853647619
intermediate_capacity,seg-least_privilege|patch+0|det1|iso1|bak-isolated|idm1,30,6.871111111,31.01944445,0.1,0.2,0.1333333333,0.1,0.1,0.03333333333,15,11,0.4863023134
intermediate_capacity,seg-least_privilege|patch+0|det1|iso1|bak-periodic|idm0,30,8.881944445,43.98333333,0.1666666667,0.2,0.1666666667,0.1666666667,0.1666666667,0.03333333333,10,7,0.4853647619
intermediate_capacity,seg-least_privilege|patch+0|det1|iso1|bak-periodic|idm1,30,6.871111111,31.01944445,0.1,0.2,0.1333333333,0.1,0.1,0.03333333333,14,10,0.4863023134
intermediate_capacity,seg-least_privilege|patch+1|det0|iso0|bak-isolated|idm0,30,21.3175,124.6166667,0.1666666667,0.2333333333,0.1666666667,0.1666666667,0.1666666667,0.03333333333,5,6,0.6810221972
intermediate_capacity,seg-least_privilege|patch+1|det0|iso0|bak-isolated|idm1,30,16.65305556,93.88611113,0.1333333333,0.2333333333,0.1666666667,0.1333333333,0.1333333333,0.03333333333,9,9,0.6848981662
intermediate_capacity,seg-least_privilege|patch+1|det0|iso0|bak-periodic|idm0,30,22.41361111,135.4111111,0.1666666667,0.2333333333,0.1666666667,0.1666666667,0.1666666667,0.03333333333,4,5,0.6796097678
intermediate_capacity,seg-least_privilege|patch+1|det0|iso0|bak-periodic|idm1,30,17.74861111,104.675,0.1333333333,0.2333333333,0.1666666667,0.1333333333,0.1333333333,0.03333333333,8,8,0.6834857368
intermediate_capacity,seg-least_privilege|patch+1|det0|iso1|bak-isolated|idm0,30,16.61833333,99.93333334,0.1333333333,0.2,0.1333333333,0.1333333333,0.1333333333,0.03333333333,10,9,0.6450915054
intermediate_capacity,seg-least_privilege|patch+1|det0|iso1|bak-isolated|idm1,30,15.2775,88.87500001,0.1333333333,0.2,0.1333333333,0.1333333333,0.1333333333,0.03333333333,14,12,0.6450915054
intermediate_capacity,seg-least_privilege|patch+1|det0|iso1|bak-periodic|idm0,30,17.71666667,110.75,0.1333333333,0.2,0.1333333333,0.1333333333,0.1333333333,0.03333333333,9,8,0.643679076
intermediate_capacity,seg-least_privilege|patch+1|det0|iso1|bak-periodic|idm1,30,16.35166667,99.45000001,0.1333333333,0.2,0.1333333333,0.1333333333,0.1333333333,0.03333333333,13,11,0.6439615619
intermediate_capacity,seg-least_privilege|patch+1|det1|iso0|bak-isolated|idm0,30,5.884166667,23.97222222,0.03333333333,0.1,0.06666666667,0.03333333333,0.03333333333,0.03333333333,8,8,0.5283513788
intermediate_capacity,seg-least_privilege|patch+1|det1|iso0|bak-isolated|idm1,30,5.545,20.58055556,0,0.1,0.06666666667,0,0,0.03333333333,12,11,0.5283513788
intermediate_capacity,seg-least_privilege|patch+1|det1|iso0|bak-periodic|idm0,30,5.884166667,23.97222222,0.03333333333,0.1,0.06666666667,0.03333333333,0.03333333333,0.03333333333,7,7,0.5283513788
intermediate_capacity,seg-least_privilege|patch+1|det1|iso0|bak-periodic|idm1,30,5.545,20.58055556,0,0.1,0.06666666667,0,0,0.03333333333,11,10,0.5283513788
intermediate_capacity,seg-least_privilege|patch+1|det1|iso1|bak-isolated|idm0,30,4.451666667,17.34444444,0,0.06666666667,0.03333333333,0,0,0.03333333333,13,11,0.4565398247
intermediate_capacity,seg-least_privilege|patch+1|det1|iso1|bak-isolated|idm1,30,4.451666667,17.34444444,0,0.06666666667,0.03333333333,0,0,0.03333333333,17,14,0.4565398247
intermediate_capacity,seg-least_privilege|patch+1|det1|iso1|bak-periodic|idm0,30,4.451666667,17.34444444,0,0.06666666667,0.03333333333,0,0,0.03333333333,12,10,0.4565398247
intermediate_capacity,seg-least_privilege|patch+1|det1|iso1|bak-periodic|idm1,30,4.451666667,17.34444444,0,0.06666666667,0.03333333333,0,0,0.03333333333,16,13,0.4565398247
intermediate_capacity,seg-least_privilege|patch+2|det0|iso0|bak-isolated|idm0,30,14.80944445,94.41666668,0.06666666667,0.1333333333,0.1,0.1,0.06666666667,0.03333333333,7,9,0.6408255604
intermediate_capacity,seg-least_privilege|patch+2|det0|iso0|bak-isolated|idm1,30,10.41611111,53.44166666,0.03333333333,0.1333333333,0.06666666667,0.06666666667,0.03333333333,0.03333333333,11,12,0.6429935821
intermediate_capacity,seg-least_privilege|patch+2|det0|iso0|bak-periodic|idm0,30,16.84777778,114.8,0.06666666667,0.1333333333,0.1,0.1,0.06666666667,0.03333333333,6,8,0.6426766468
intermediate_capacity,seg-least_privilege|patch+2|det0|iso0|bak-periodic|idm1,30,11.41638889,63.44444445,0.03333333333,0.1333333333,0.06666666667,0.06666666667,0.03333333333,0.03333333333,10,11,0.6418636386
intermediate_capacity,seg-least_privilege|patch+2|det0|iso1|bak-isolated|idm0,30,12.41916667,70.68055555,0.06666666667,0.1333333333,0.1,0.1,0.06666666667,0.03333333333,12,12,0.6427225794
intermediate_capacity,seg-least_privilege|patch+2|det0|iso1|bak-isolated|idm1,30,10.24972222,51.80277778,0.03333333333,0.1333333333,0.06666666667,0.06666666667,0.03333333333,0.03333333333,16,15,0.6429935821
intermediate_capacity,seg-least_privilege|patch+2|det0|iso1|bak-periodic|idm0,30,13.43611111,80.85000001,0.06666666667,0.1333333333,0.1,0.1,0.06666666667,0.03333333333,11,11,0.6415926359
intermediate_capacity,seg-least_privilege|patch+2|det0|iso1|bak-periodic|idm1,30,11.24027778,61.70833332,0.03333333333,0.1333333333,0.06666666667,0.06666666667,0.03333333333,0.03333333333,15,14,0.6418636386
intermediate_capacity,seg-least_privilege|patch+2|det1|iso0|bak-isolated|idm0,30,4.428888889,17,0,0.06666666667,0,0,0,0.03333333333,10,11,0.4870848516
intermediate_capacity,seg-least_privilege|patch+2|det1|iso0|bak-isolated|idm1,30,4.428888889,17,0,0.06666666667,0,0,0,0.03333333333,14,14,0.4870848516
intermediate_capacity,seg-least_privilege|patch+2|det1|iso0|bak-periodic|idm0,30,4.428888889,17,0,0.06666666667,0,0,0,0.03333333333,9,10,0.4870848516
intermediate_capacity,seg-least_privilege|patch+2|det1|iso0|bak-periodic|idm1,30,4.428888889,17,0,0.06666666667,0,0,0,0.03333333333,13,13,0.4870848516
intermediate_capacity,seg-least_privilege|patch+2|det1|iso1|bak-isolated|idm0,30,4.426111111,17,0,0.06666666667,0,0,0,0.03333333333,15,14,0.4870848516
intermediate_capacity,seg-least_privilege|patch+2|det1|iso1|bak-isolated|idm1,30,4.426111111,17,0,0.06666666667,0,0,0,0.03333333333,19,17,0.4870848516
intermediate_capacity,seg-least_privilege|patch+2|det1|iso1|bak-periodic|idm0,30,4.426111111,17,0,0.06666666667,0,0,0,0.03333333333,14,13,0.4870848516
intermediate_capacity,seg-least_privilege|patch+2|det1|iso1|bak-periodic|idm1,30,4.426111111,17,0,0.06666666667,0,0,0,0.03333333333,18,16,0.4870848516
resource_constrained,seg-basic|patch+0|det0|iso0|bak-connected|idm0,30,301.4938889,375.3916667,0.9,0.9,0.9,0.9,0.9,0.5666666667,3,2,0.1772098279
resource_constrained,seg-basic|patch+0|det0|iso0|bak-connected|idm1,30,299.9113889,374.7722222,0.9,0.9,0.9,0.9,0.9,0.5666666667,7,5,0.1819030299
resource_constrained,seg-basic|patch+0|det0|iso0|bak-isolated|idm0,30,244.9836111,331.8111111,0.9,0.9,0.9,0.9,0.9,0.2,5,4,0.2739169642
resource_constrained,seg-basic|patch+0|det0|iso0|bak-isolated|idm1,30,243.5216667,331.1916667,0.9,0.9,0.9,0.9,0.9,0.2,9,7,0.2739106076
resource_constrained,seg-basic|patch+0|det0|iso0|bak-periodic|idm0,30,301.1341667,374.775,0.9,0.9,0.9,0.9,0.9,0.5666666667,4,3,0.1767160007
resource_constrained,seg-basic|patch+0|det0|iso0|bak-periodic|idm1,30,299.5186111,374.1555556,0.9,0.9,0.9,0.9,0.9,0.5666666667,8,6,0.1823504571
resource_constrained,seg-basic|patch+0|det0|iso1|bak-connected|idm0,30,301.7255556,375.3916667,0.9,0.9,0.9,0.9,0.9,0.6,8,5,0.1781682417
resource_constrained,seg-basic|patch+0|det0|iso1|bak-connected|idm1,30,300.1402778,374.7222222,0.9,0.9,0.9,0.9,0.9,0.6,12,8,0.1827777567
resource_constrained,seg-basic|patch+0|det0|iso1|bak-isolated|idm0,30,245.1966667,331.55,0.9,0.9,0.9,0.9,0.9,0.2,10,7,0.2740189683
resource_constrained,seg-basic|patch+0|det0|iso1|bak-isolated|idm1,30,243.7897222,330.8805556,0.9,0.9,0.9,0.9,0.9,0.2,14,10,0.2785880405
resource_constrained,seg-basic|patch+0|det0|iso1|bak-periodic|idm0,30,301.3341667,374.775,0.9,0.9,0.9,0.9,0.9,0.6,9,6,0.1781218418
resource_constrained,seg-basic|patch+0|det0|iso1|bak-periodic|idm1,30,299.6902778,374.1055556,0.9,0.9,0.9,0.9,0.9,0.6,13,9,0.183225184
resource_constrained,seg-basic|patch+0|det1|iso0|bak-connected|idm0,30,180.6180556,257.5583333,0.8666666667,0.8666666667,0.8666666667,0.8666666667,0.8666666667,0.03333333333,6,4,0.413154055
resource_constrained,seg-basic|patch+0|det1|iso0|bak-connected|idm1,30,179.1394444,255.6611111,0.8666666667,0.8666666667,0.8666666667,0.8666666667,0.8666666667,0.03333333333,10,7,0.4217909052
resource_constrained,seg-basic|patch+0|det1|iso0|bak-isolated|idm0,30,129.0105556,191.7388889,0.8666666667,0.8666666667,0.8666666667,0.8666666667,0.8666666667,0,8,6,0.4683409123
resource_constrained,seg-basic|patch+0|det1|iso0|bak-isolated|idm1,30,127.7630556,190.1111111,0.8666666667,0.8666666667,0.8666666667,0.8666666667,0.8666666667,0,12,9,0.4744870703
resource_constrained,seg-basic|patch+0|det1|iso0|bak-periodic|idm0,30,180.2091667,257.3694444,0.8666666667,0.8666666667,0.8666666667,0.8666666667,0.8666666667,0.03333333333,7,5,0.4134228722
resource_constrained,seg-basic|patch+0|det1|iso0|bak-periodic|idm1,30,178.68,255.4944445,0.8666666667,0.8666666667,0.8666666667,0.8666666667,0.8666666667,0.03333333333,11,8,0.4225479538
resource_constrained,seg-basic|patch+0|det1|iso1|bak-connected|idm0,30,180.4711111,256.8111111,0.8666666667,0.8666666667,0.8666666667,0.8666666667,0.8666666667,0.03333333333,11,7,0.4134456071
resource_constrained,seg-basic|patch+0|det1|iso1|bak-connected|idm1,30,179.2275,255.5055556,0.8666666667,0.8666666667,0.8666666667,0.8666666667,0.8666666667,0.03333333333,15,10,0.4232831929
resource_constrained,seg-basic|patch+0|det1|iso1|bak-isolated|idm0,30,128.9908333,191.2083333,0.8666666667,0.8666666667,0.8666666667,0.8666666667,0.8666666667,0,13,9,0.468941343
resource_constrained,seg-basic|patch+0|det1|iso1|bak-isolated|idm1,30,128.0675,190.0027778,0.8666666667,0.8666666667,0.8666666667,0.8666666667,0.8666666667,0,17,12,0.473814352
resource_constrained,seg-basic|patch+0|det1|iso1|bak-periodic|idm0,30,179.1886111,256.6444444,0.8666666667,0.8666666667,0.8666666667,0.8666666667,0.8666666667,0.03333333333,12,8,0.4158629194
resource_constrained,seg-basic|patch+0|det1|iso1|bak-periodic|idm1,30,177.9058333,255.3388889,0.8666666667,0.8666666667,0.8666666667,0.8666666667,0.8666666667,0.03333333333,16,11,0.4243126389
resource_constrained,seg-basic|patch+1|det0|iso0|bak-connected|idm0,30,289.0536111,372.9888889,0.8666666667,0.9,0.8666666667,0.8666666667,0.8666666667,0.5333333333,5,5,0.2582540625
resource_constrained,seg-basic|patch+1|det0|iso0|bak-connected|idm1,30,286.845,371.1277778,0.8666666667,0.9,0.8666666667,0.8666666667,0.8666666667,0.5333333333,9,8,0.264948187
resource_constrained,seg-basic|patch+1|det0|iso0|bak-isolated|idm0,30,236.7836111,328.3277778,0.8666666667,0.9,0.8666666667,0.8666666667,0.8666666667,0.2333333333,7,7,0.3447759702
resource_constrained,seg-basic|patch+1|det0|iso0|bak-isolated|idm1,30,234.7225,325.9666667,0.8666666667,0.9,0.8666666667,0.8666666667,0.8666666667,0.2333333333,11,10,0.3494889821
resource_constrained,seg-basic|patch+1|det0|iso0|bak-periodic|idm0,30,288.5963889,371.8055556,0.8666666667,0.9,0.8666666667,0.8666666667,0.8666666667,0.5333333333,6,6,0.2586860012
resource_constrained,seg-basic|patch+1|det0|iso0|bak-periodic|idm1,30,286.2622222,369.9444445,0.8666666667,0.9,0.8666666667,0.8666666667,0.8666666667,0.5333333333,10,9,0.2648510252
resource_constrained,seg-basic|patch+1|det0|iso1|bak-connected|idm0,30,288.1902778,372.9888889,0.8666666667,0.9,0.8666666667,0.8666666667,0.8666666667,0.5333333333,10,8,0.2639166774
resource_constrained,seg-basic|patch+1|det0|iso1|bak-connected|idm1,30,285.8833333,371.1277778,0.8666666667,0.9,0.8666666667,0.8666666667,0.8666666667,0.5333333333,14,11,0.2704776954
resource_constrained,seg-basic|patch+1|det0|iso1|bak-isolated|idm0,30,235.8288889,327.9694444,0.8666666667,0.9,0.8666666667,0.8666666667,0.8666666667,0.2,12,10,0.3445060424
resource_constrained,seg-basic|patch+1|det0|iso1|bak-isolated|idm1,30,233.7427778,325.6083333,0.8666666667,0.9,0.8666666667,0.8666666667,0.8666666667,0.2,16,13,0.3493096613
resource_constrained,seg-basic|patch+1|det0|iso1|bak-periodic|idm0,30,287.5480556,371.8055556,0.8666666667,0.9,0.8666666667,0.8666666667,0.8666666667,0.5333333333,11,9,0.2639011888
resource_constrained,seg-basic|patch+1|det0|iso1|bak-periodic|idm1,30,285.1972222,369.9444445,0.8666666667,0.9,0.8666666667,0.8666666667,0.8666666667,0.5333333333,15,12,0.2699331063
resource_constrained,seg-basic|patch+1|det1|iso0|bak-connected|idm0,30,168.8566667,256.0111111,0.8,0.8333333333,0.8,0.8,0.8,0.03333333333,8,7,0.5021015697
resource_constrained,seg-basic|patch+1|det1|iso0|bak-connected|idm1,30,168.9227778,258.1416666,0.8,0.8333333333,0.8,0.8,0.8,0.03333333333,12,10,0.5107474123
resource_constrained,seg-basic|patch+1|det1|iso0|bak-isolated|idm0,30,123.4744444,193.8888889,0.8,0.8333333333,0.8,0.8,0.8,0,10,9,0.5261778148
resource_constrained,seg-basic|patch+1|det1|iso0|bak-isolated|idm1,30,124.0541667,197.5277778,0.8,0.8333333333,0.8,0.8,0.8,0,14,12,0.5287227212
resource_constrained,seg-basic|patch+1|det1|iso0|bak-periodic|idm0,30,167.9008333,255.7194444,0.8,0.8333333333,0.8,0.8,0.8,0.03333333333,9,8,0.5041631833
resource_constrained,seg-basic|patch+1|det1|iso0|bak-periodic|idm1,30,167.9291667,255.3694444,0.8,0.8333333333,0.8,0.8,0.8,0.03333333333,13,11,0.5138892912
resource_constrained,seg-basic|patch+1|det1|iso1|bak-connected|idm0,30,166.2922222,262.8722222,0.7666666667,0.8,0.7666666667,0.7666666667,0.7666666667,0.03333333333,13,10,0.5049932301
resource_constrained,seg-basic|patch+1|det1|iso1|bak-connected|idm1,30,169.2325,285.2361111,0.7666666667,0.8,0.7666666667,0.7666666667,0.7666666667,0.06666666667,17,13,0.5070357981
resource_constrained,seg-basic|patch+1|det1|iso1|bak-isolated|idm0,30,122.1952778,198.8138889,0.7666666667,0.8,0.7666666667,0.7666666667,0.7666666667,0,15,12,0.5141469876
resource_constrained,seg-basic|patch+1|det1|iso1|bak-isolated|idm1,30,126.0708333,224.6333333,0.7666666667,0.8,0.7666666667,0.7666666667,0.7666666667,0,19,15,0.5123939276
resource_constrained,seg-basic|patch+1|det1|iso1|bak-periodic|idm0,30,165.3144444,262.1805556,0.7666666667,0.8,0.7666666667,0.7666666667,0.7666666667,0.03333333333,14,11,0.5055183304
resource_constrained,seg-basic|patch+1|det1|iso1|bak-periodic|idm1,30,167.5283333,285.2194444,0.7666666667,0.8,0.7666666667,0.7666666667,0.7666666667,0.06666666667,18,14,0.5074888348
resource_constrained,seg-basic|patch+2|det0|iso0|bak-connected|idm0,30,281.1788889,368.1194445,0.8666666667,0.8666666667,0.8666666667,0.8666666667,0.8666666667,0.5333333333,7,8,0.3454590486
resource_constrained,seg-basic|patch+2|det0|iso0|bak-connected|idm1,30,265.8583333,366.5472222,0.8333333333,0.8333333333,0.8333333333,0.8333333333,0.8333333333,0.5,11,11,0.350861535
resource_constrained,seg-basic|patch+2|det0|iso0|bak-isolated|idm0,30,233.0613889,323.075,0.8666666667,0.8666666667,0.8666666667,0.8666666667,0.8666666667,0.3,9,10,0.4192297201
resource_constrained,seg-basic|patch+2|det0|iso0|bak-isolated|idm1,30,219.1505556,318.5277778,0.8333333333,0.8333333333,0.8333333333,0.8333333333,0.8333333333,0.2666666667,13,13,0.4237069295
resource_constrained,seg-basic|patch+2|det0|iso0|bak-periodic|idm0,30,280.0133333,366.9694445,0.8666666667,0.8666666667,0.8666666667,0.8666666667,0.8666666667,0.5333333333,8,9,0.3448758433
resource_constrained,seg-basic|patch+2|det0|iso0|bak-periodic|idm1,30,264.7347222,365.3472222,0.8333333333,0.8333333333,0.8333333333,0.8333333333,0.8333333333,0.5,12,12,0.3505252432
resource_constrained,seg-basic|patch+2|det0|iso1|bak-connected|idm0,30,279.9502778,368.1194445,0.8666666667,0.8666666667,0.8666666667,0.8666666667,0.8666666667,0.5333333333,12,11,0.3547841929
resource_constrained,seg-basic|patch+2|det0|iso1|bak-connected|idm1,30,264.6488889,366.5472222,0.8333333333,0.8333333333,0.8333333333,0.8333333333,0.8333333333,0.5,16,14,0.3587634967
resource_constrained,seg-basic|patch+2|det0|iso1|bak-isolated|idm0,30,231.8966667,322.6694445,0.8666666667,0.8666666667,0.8666666667,0.8666666667,0.8666666667,0.3,14,13,0.4261239365
resource_constrained,seg-basic|patch+2|det0|iso1|bak-isolated|idm1,30,218.0730556,317.8833334,0.8333333333,0.8333333333,0.8333333333,0.8333333333,0.8333333333,0.2666666667,18,16,0.4294248769
resource_constrained,seg-basic|patch+2|det0|iso1|bak-periodic|idm0,30,278.7188889,366.9694445,0.8666666667,0.8666666667,0.8666666667,0.8666666667,0.8666666667,0.5333333333,13,12,0.3541490322
resource_constrained,seg-basic|patch+2|det0|iso1|bak-periodic|idm1,30,263.5061111,365.3472222,0.8333333333,0.8333333333,0.8333333333,0.8333333333,0.8333333333,0.5,17,15,0.3586336476
resource_constrained,seg-basic|patch+2|det1|iso0|bak-connected|idm0,30,167.2663889,299.2805556,0.7333333333,0.7333333333,0.7333333333,0.7333333333,0.7333333333,0.06666666667,10,10,0.5644815171
resource_constrained,seg-basic|patch+2|det1|iso0|bak-connected|idm1,30,158.7702778,299.9083333,0.7,0.7,0.7,0.7,0.7,0.1,14,13,0.5606749485
resource_constrained,seg-basic|patch+2|det1|iso0|bak-isolated|idm0,30,128.3402778,248.2694444,0.7333333333,0.7333333333,0.7333333333,0.7333333333,0.7333333333,0.06666666667,12,12,0.5726780202
resource_constrained,seg-basic|patch+2|det1|iso0|bak-isolated|idm1,30,122.8502778,249.1444444,0.7,0.7,0.7,0.7,0.7,0.1,16,15,0.5703491611
resource_constrained,seg-basic|patch+2|det1|iso0|bak-periodic|idm0,30,163.7741667,296.5805556,0.7333333333,0.7333333333,0.7333333333,0.7333333333,0.7333333333,0.06666666667,11,11,0.5682153604
resource_constrained,seg-basic|patch+2|det1|iso0|bak-periodic|idm1,30,156.5188889,298.9111111,0.7,0.7,0.7,0.7,0.7,0.1,15,14,0.5622033043
resource_constrained,seg-basic|patch+2|det1|iso1|bak-connected|idm0,30,157.5619444,289.4,0.7,0.7,0.7,0.7,0.7,0.03333333333,15,13,0.5730653224
resource_constrained,seg-basic|patch+2|det1|iso1|bak-connected|idm1,30,147.1016667,289.3611111,0.6666666667,0.6666666667,0.6666666667,0.6666666667,0.6666666667,0.03333333333,19,16,0.5556675766
resource_constrained,seg-basic|patch+2|det1|iso1|bak-isolated|idm0,30,120.1030556,230.1361111,0.7,0.7,0.7,0.7,0.7,0.03333333333,17,15,0.5711681187
resource_constrained,seg-basic|patch+2|det1|iso1|bak-isolated|idm1,30,111.4038889,230.6861111,0.6666666667,0.6666666667,0.6666666667,0.6666666667,0.6666666667,0.03333333333,21,18,0.5593799761
resource_constrained,seg-basic|patch+2|det1|iso1|bak-periodic|idm0,30,154.9708333,278.0694445,0.7,0.7,0.7,0.7,0.7,0.03333333333,16,14,0.5767160577
resource_constrained,seg-basic|patch+2|det1|iso1|bak-periodic|idm1,30,144.8552778,278.8777778,0.6666666667,0.6666666667,0.6666666667,0.6666666667,0.6666666667,0.03333333333,20,17,0.559876579
resource_constrained,seg-basic|patch+3|det0|iso0|bak-connected|idm0,30,272.6358333,361.7055556,0.8333333333,0.8666666667,0.8666666667,0.8333333333,0.8333333333,0.6,9,11,0.4153740386
resource_constrained,seg-basic|patch+3|det0|iso0|bak-connected|idm1,30,253.7327778,361.5583333,0.8,0.8333333333,0.8333333333,0.8,0.8,0.6,13,14,0.4225552667
resource_constrained,seg-basic|patch+3|det0|iso0|bak-isolated|idm0,30,231.81,321.5222222,0.8333333333,0.8666666667,0.8666666667,0.8333333333,0.8333333333,0.4333333333,11,13,0.4744587888
resource_constrained,seg-basic|patch+3|det0|iso0|bak-isolated|idm1,30,215.5022222,319.9222222,0.8,0.8333333333,0.8333333333,0.8,0.8,0.4333333333,15,16,0.4775119738
resource_constrained,seg-basic|patch+3|det0|iso0|bak-periodic|idm0,30,270.6825,360.2888889,0.8333333333,0.8666666667,0.8666666667,0.8333333333,0.8333333333,0.6,10,12,0.4200635352
resource_constrained,seg-basic|patch+3|det0|iso0|bak-periodic|idm1,30,251.9391667,360.075,0.8,0.8333333333,0.8333333333,0.8,0.8,0.6,14,15,0.4266704096
resource_constrained,seg-basic|patch+3|det0|iso1|bak-connected|idm0,30,261.7247222,361.7055556,0.8,0.8333333333,0.8333333333,0.8,0.8,0.5666666667,14,14,0.4325287019
resource_constrained,seg-basic|patch+3|det0|iso1|bak-connected|idm1,30,242.9638889,361.4833333,0.7666666667,0.8,0.8,0.7666666667,0.7666666667,0.5666666667,18,17,0.4393736834
resource_constrained,seg-basic|patch+3|det0|iso1|bak-isolated|idm0,30,221.7275,321.5222222,0.8,0.8333333333,0.8333333333,0.8,0.8,0.4333333333,16,16,0.4865755259
resource_constrained,seg-basic|patch+3|det0|iso1|bak-isolated|idm1,30,205.5727778,319.9222222,0.7666666667,0.8,0.8,0.7666666667,0.7666666667,0.4333333333,20,19,0.4888103528
resource_constrained,seg-basic|patch+3|det0|iso1|bak-periodic|idm0,30,258.885,360.2888889,0.8,0.8333333333,0.8333333333,0.8,0.8,0.5666666667,15,15,0.4322122216
resource_constrained,seg-basic|patch+3|det0|iso1|bak-periodic|idm1,30,240.2797222,360,0.7666666667,0.8,0.8,0.7666666667,0.7666666667,0.5666666667,19,18,0.4384828494
resource_constrained,seg-basic|patch+3|det1|iso0|bak-connected|idm0,30,139.5283333,327.3416667,0.6,0.6666666667,0.6333333333,0.6,0.6,0.03333333333,12,13,0.6031901534
resource_constrained,seg-basic|patch+3|det1|iso0|bak-connected|idm1,30,119.9705556,269.1083333,0.5666666667,0.6333333333,0.6,0.6,0.5666666667,0,16,16,0.6038889076
resource_constrained,seg-basic|patch+3|det1|iso0|bak-isolated|idm0,30,109.1913889,275.0055555,0.6,0.6666666667,0.6333333333,0.6,0.6,0,14,15,0.5724462652
resource_constrained,seg-basic|patch+3|det1|iso0|bak-isolated|idm1,30,93.73972222,213.7305555,0.5666666667,0.6333333333,0.6,0.6,0.5666666667,0,18,18,0.5932472575
resource_constrained,seg-basic|patch+3|det1|iso0|bak-periodic|idm0,30,135.3855556,317.9861111,0.6,0.6666666667,0.6333333333,0.6,0.6,0.03333333333,13,14,0.6061489473
resource_constrained,seg-basic|patch+3|det1|iso0|bak-periodic|idm1,30,116.5505556,268.2805556,0.5666666667,0.6333333333,0.6,0.6,0.5666666667,0,17,17,0.602353135
resource_constrained,seg-basic|patch+3|det1|iso1|bak-connected|idm0,30,115.745,289.8666667,0.5333333333,0.6,0.5666666667,0.5333333333,0.5333333333,0,17,16,0.6011849053
resource_constrained,seg-basic|patch+3|det1|iso1|bak-connected|idm1,30,104.6127778,285.5,0.4666666667,0.5333333333,0.5,0.5,0.4666666667,0,21,19,0.6019486827
resource_constrained,seg-basic|patch+3|det1|iso1|bak-isolated|idm0,30,90.75,232.3055555,0.5333333333,0.6,0.5666666667,0.5333333333,0.5333333333,0,19,18,0.5738957101
resource_constrained,seg-basic|patch+3|det1|iso1|bak-isolated|idm1,30,82.54972222,231.0583333,0.4666666667,0.5333333333,0.5,0.5,0.4666666667,0,23,21,0.5895220786
resource_constrained,seg-basic|patch+3|det1|iso1|bak-periodic|idm0,30,113.3247222,288.5111111,0.5333333333,0.6,0.5666666667,0.5333333333,0.5333333333,0,18,17,0.5974297252
resource_constrained,seg-basic|patch+3|det1|iso1|bak-periodic|idm1,30,101.7072222,284.6277778,0.4666666667,0.5333333333,0.5,0.5,0.4666666667,0,22,20,0.5951385775
resource_constrained,seg-flat|patch+0|det0|iso0|bak-connected|idm0,30,304.3694444,374.9111111,0.9333333333,0.9333333333,0.9333333333,0.9333333333,0.9333333333,0.4,0,0,0.1417181449
resource_constrained,seg-flat|patch+0|det0|iso0|bak-connected|idm1,30,303.6441667,374.5027778,0.9333333333,0.9333333333,0.9333333333,0.9333333333,0.9333333333,0.4,4,3,0.1436922675
resource_constrained,seg-flat|patch+0|det0|iso0|bak-isolated|idm0,30,241.5669444,333.9222222,0.9333333333,0.9333333333,0.9333333333,0.9333333333,0.9333333333,0.1,2,2,0.2671577092
resource_constrained,seg-flat|patch+0|det0|iso0|bak-isolated|idm1,30,240.8705556,333.0388889,0.9333333333,0.9333333333,0.9333333333,0.9333333333,0.9333333333,0.1,6,5,0.2688097706
resource_constrained,seg-flat|patch+0|det0|iso0|bak-periodic|idm0,30,304.1244444,374.6444445,0.9333333333,0.9333333333,0.9333333333,0.9333333333,0.9333333333,0.4,1,1,0.143287451
resource_constrained,seg-flat|patch+0|det0|iso0|bak-periodic|idm1,30,303.3269444,374.2361111,0.9333333333,0.9333333333,0.9333333333,0.9333333333,0.9333333333,0.4,5,4,0.1449395124
resource_constrained,seg-flat|patch+0|det0|iso1|bak-connected|idm0,30,303.715,374.9055556,0.9333333333,0.9333333333,0.9333333333,0.9333333333,0.9333333333,0.4,5,3,0.1447697139
resource_constrained,seg-flat|patch+0|det0|iso1|bak-connected|idm1,30,302.9858333,374.2972222,0.9333333333,0.9333333333,0.9333333333,0.9333333333,0.9333333333,0.4,9,6,0.1456297426
resource_constrained,seg-flat|patch+0|det0|iso1|bak-isolated|idm0,30,240.8888889,333.9222222,0.9333333333,0.9333333333,0.9333333333,0.9333333333,0.9333333333,0.1,7,5,0.2727437207
resource_constrained,seg-flat|patch+0|det0|iso1|bak-isolated|idm1,30,240.1975,333.0388889,0.9333333333,0.9333333333,0.9333333333,0.9333333333,0.9333333333,0.1,11,8,0.2734305778
resource_constrained,seg-flat|patch+0|det0|iso1|bak-periodic|idm0,30,303.4516667,374.6222222,0.9333333333,0.9333333333,0.9333333333,0.9333333333,0.9333333333,0.4,6,4,0.1458915927
resource_constrained,seg-flat|patch+0|det0|iso1|bak-periodic|idm1,30,302.6686111,374.0305556,0.9333333333,0.9333333333,0.9333333333,0.9333333333,0.9333333333,0.4,10,7,0.1468658061
resource_constrained,seg-flat|patch+0|det1|iso0|bak-connected|idm0,30,185.5977778,253.3361111,0.9,0.9,0.9,0.9,0.9,0.03333333333,3,2,0.3697284966
resource_constrained,seg-flat|patch+0|det1|iso0|bak-connected|idm1,30,184.8477778,252.9916667,0.9,0.9,0.9,0.9,0.9,0.03333333333,7,5,0.3712352757
resource_constrained,seg-flat|patch+0|det1|iso0|bak-isolated|idm0,30,131.7105556,186.6888889,0.9,0.9,0.9,0.9,0.9,0,5,4,0.4241377172
resource_constrained,seg-flat|patch+0|det1|iso0|bak-isolated|idm1,30,131.2166667,186.3444444,0.9,0.9,0.9,0.9,0.9,0,9,7,0.4250739317
resource_constrained,seg-flat|patch+0|det1|iso0|bak-periodic|idm0,30,186.7827778,253.0472222,0.9,0.9,0.9,0.9,0.9,0.03333333333,4,3,0.367315042
resource_constrained,seg-flat|patch+0|det1|iso0|bak-periodic|idm1,30,186.055,252.8194445,0.9,0.9,0.9,0.9,0.9,0.03333333333,8,6,0.3677893793
resource_constrained,seg-flat|patch+0|det1|iso1|bak-connected|idm0,30,185.0577778,251.6472222,0.9,0.9,0.9,0.9,0.9,0.03333333333,8,5,0.3729220963
resource_constrained,seg-flat|patch+0|det1|iso1|bak-connected|idm1,30,184.4047222,251.7361111,0.9,0.9,0.9,0.9,0.9,0.03333333333,12,8,0.3725826965
resource_constrained,seg-flat|patch+0|det1|iso1|bak-isolated|idm0,30,131.1872222,185.0166667,0.9,0.9,0.9,0.9,0.9,0,10,7,0.4264347285
resource_constrained,seg-flat|patch+0|det1|iso1|bak-isolated|idm1,30,130.6891667,184.7,0.9,0.9,0.9,0.9,0.9,0,14,10,0.4268229963
resource_constrained,seg-flat|patch+0|det1|iso1|bak-periodic|idm0,30,186.1188889,251.3694444,0.9,0.9,0.9,0.9,0.9,0.03333333333,9,6,0.3701773941
resource_constrained,seg-flat|patch+0|det1|iso1|bak-periodic|idm1,30,185.4825,251.4416667,0.9,0.9,0.9,0.9,0.9,0.03333333333,13,9,0.3695908783
resource_constrained,seg-flat|patch+1|det0|iso0|bak-connected|idm0,30,305.1427778,373.6833333,0.9333333333,0.9333333333,0.9333333333,0.9333333333,0.9333333333,0.4666666667,2,3,0.1635172249
resource_constrained,seg-flat|patch+1|det0|iso0|bak-connected|idm1,30,305.8722222,372.8583333,0.9333333333,0.9333333333,0.9333333333,0.9333333333,0.9333333333,0.5,6,6,0.1650027668
resource_constrained,seg-flat|patch+1|det0|iso0|bak-isolated|idm0,30,242.6836111,330.9944445,0.9333333333,0.9333333333,0.9333333333,0.9333333333,0.9333333333,0.1,4,5,0.2772245376
resource_constrained,seg-flat|patch+1|det0|iso0|bak-isolated|idm1,30,244.4486111,331.5416667,0.9333333333,0.9333333333,0.9333333333,0.9333333333,0.9333333333,0.1333333333,8,8,0.2754608555
resource_constrained,seg-flat|patch+1|det0|iso0|bak-periodic|idm0,30,304.5930556,373.3027778,0.9333333333,0.9333333333,0.9333333333,0.9333333333,0.9333333333,0.4666666667,3,4,0.164991021
resource_constrained,seg-flat|patch+1|det0|iso0|bak-periodic|idm1,30,305.2691667,372.375,0.9333333333,0.9333333333,0.9333333333,0.9333333333,0.9333333333,0.5,7,7,0.1675898357
resource_constrained,seg-flat|patch+1|det0|iso1|bak-connected|idm0,30,304.5847222,373.4305556,0.9333333333,0.9333333333,0.9333333333,0.9333333333,0.9333333333,0.4666666667,7,6,0.165477404
resource_constrained,seg-flat|patch+1|det0|iso1|bak-connected|idm1,30,305.3566667,372.475,0.9333333333,0.9333333333,0.9333333333,0.9333333333,0.9333333333,0.5,11,9,0.1667094606
resource_constrained,seg-flat|patch+1|det0|iso1|bak-isolated|idm0,30,242.0913889,330.9944445,0.9333333333,0.9333333333,0.9333333333,0.9333333333,0.9333333333,0.1,9,8,0.2815648797
resource_constrained,seg-flat|patch+1|det0|iso1|bak-isolated|idm1,30,243.9119444,331.5416667,0.9333333333,0.9333333333,0.9333333333,0.9333333333,0.9333333333,0.1333333333,13,11,0.2789298292
resource_constrained,seg-flat|patch+1|det0|iso1|bak-periodic|idm0,30,304.0294444,373.0972222,0.9333333333,0.9333333333,0.9333333333,0.9333333333,0.9333333333,0.4666666667,8,7,0.1670927883
resource_constrained,seg-flat|patch+1|det0|iso1|bak-periodic|idm1,30,304.7433333,372.0916667,0.9333333333,0.9333333333,0.9333333333,0.9333333333,0.9333333333,0.5,12,10,0.1691507612
resource_constrained,seg-flat|patch+1|det1|iso0|bak-connected|idm0,30,187.2311111,264.4527778,0.9,0.9,0.9,0.9,0.9,0.03333333333,5,5,0.4080135772
resource_constrained,seg-flat|patch+1|det1|iso0|bak-connected|idm1,30,183.2975,251.5416666,0.9,0.9,0.9,0.9,0.9,0.03333333333,9,8,0.4156452861
resource_constrained,seg-flat|patch+1|det1|iso0|bak-isolated|idm0,30,132.3375,196.7194444,0.9,0.9,0.9,0.9,0.9,0,7,7,0.465625059
resource_constrained,seg-flat|patch+1|det1|iso0|bak-isolated|idm1,30,130.4605555,194.9527778,0.9,0.9,0.9,0.9,0.9,0,11,10,0.4680317473
resource_constrained,seg-flat|patch+1|det1|iso0|bak-periodic|idm0,30,184.5433333,251.6138889,0.9,0.9,0.9,0.9,0.9,0.03333333333,6,6,0.4151154995
resource_constrained,seg-flat|patch+1|det1|iso0|bak-periodic|idm1,30,182.4936111,250.6583333,0.9,0.9,0.9,0.9,0.9,0.03333333333,10,9,0.4194060488
resource_constrained,seg-flat|patch+1|det1|iso1|bak-connected|idm0,30,187.1522222,263.6194444,0.9,0.9,0.9,0.9,0.9,0.03333333333,10,8,0.4096135471
resource_constrained,seg-flat|patch+1|det1|iso1|bak-connected|idm1,30,184.5188889,249.5972222,0.9,0.9,0.9,0.9,0.9,0.03333333333,14,11,0.4134261132
resource_constrained,seg-flat|patch+1|det1|iso1|bak-isolated|idm0,30,132.3038889,195.4944444,0.9,0.9,0.9,0.9,0.9,0,12,10,0.482944236
resource_constrained,seg-flat|patch+1|det1|iso1|bak-isolated|idm1,30,131.6961111,193.9305555,0.9,0.9,0.9,0.9,0.9,0,16,13,0.4785052113
resource_constrained,seg-flat|patch+1|det1|iso1|bak-periodic|idm0,30,184.365,249.7,0.9,0.9,0.9,0.9,0.9,0.03333333333,11,9,0.419811599
resource_constrained,seg-flat|patch+1|det1|iso1|bak-periodic|idm1,30,183.6488889,248.9666666,0.9,0.9,0.9,0.9,0.9,0.03333333333,15,12,0.4188898638
resource_constrained,seg-flat|patch+2|det0|iso0|bak-connected|idm0,30,304.2936111,372.9416667,0.9333333333,0.9333333333,0.9333333333,0.9333333333,0.9333333333,0.5,4,6,0.1953640802
resource_constrained,seg-flat|patch+2|det0|iso0|bak-connected|idm1,30,302.7394444,372.1055556,0.9333333333,0.9333333333,0.9333333333,0.9333333333,0.9333333333,0.5,8,9,0.2014140026
resource_constrained,seg-flat|patch+2|det0|iso0|bak-isolated|idm0,30,243.8797222,330.2777778,0.9333333333,0.9333333333,0.9333333333,0.9333333333,0.9333333333,0.1333333333,6,8,0.3079379071
resource_constrained,seg-flat|patch+2|det0|iso0|bak-isolated|idm1,30,242.4069444,329.625,0.9333333333,0.9333333333,0.9333333333,0.9333333333,0.9333333333,0.1333333333,10,11,0.3153672946
resource_constrained,seg-flat|patch+2|det0|iso0|bak-periodic|idm0,30,304.0763889,372.2583333,0.9333333333,0.9333333333,0.9333333333,0.9333333333,0.9333333333,0.5,5,7,0.1972928857
resource_constrained,seg-flat|patch+2|det0|iso0|bak-periodic|idm1,30,302.3336111,371.0444444,0.9333333333,0.9333333333,0.9333333333,0.9333333333,0.9333333333,0.5,9,10,0.2039062371
resource_constrained,seg-flat|patch+2|det0|iso1|bak-connected|idm0,30,303.6722222,372.9416667,0.9333333333,0.9333333333,0.9333333333,0.9333333333,0.9333333333,0.5,9,9,0.1974295517
resource_constrained,seg-flat|patch+2|det0|iso1|bak-connected|idm1,30,301.9941667,372.1055556,0.9333333333,0.9333333333,0.9333333333,0.9333333333,0.9333333333,0.5,13,12,0.2034731173
resource_constrained,seg-flat|patch+2|det0|iso1|bak-isolated|idm0,30,243.2925,330.2777778,0.9333333333,0.9333333333,0.9333333333,0.9333333333,0.9333333333,0.1333333333,11,11,0.3125746771
resource_constrained,seg-flat|patch+2|det0|iso1|bak-isolated|idm1,30,241.7272222,329.625,0.9333333333,0.9333333333,0.9333333333,0.9333333333,0.9333333333,0.1333333333,15,14,0.3191059237
resource_constrained,seg-flat|patch+2|det0|iso1|bak-periodic|idm0,30,303.4983333,372.2583333,0.9333333333,0.9333333333,0.9333333333,0.9333333333,0.9333333333,0.5,10,10,0.2005742706
resource_constrained,seg-flat|patch+2|det0|iso1|bak-periodic|idm1,30,301.6161111,371.0444444,0.9333333333,0.9333333333,0.9333333333,0.9333333333,0.9333333333,0.5,14,13,0.2073162796
resource_constrained,seg-flat|patch+2|det1|iso0|bak-connected|idm0,30,183.9161111,252.8,0.9,0.9,0.9,0.9,0.9,0.03333333333,7,8,0.4650000734
resource_constrained,seg-flat|patch+2|det1|iso0|bak-connected|idm1,30,182.6658333,249.625,0.9,0.9,0.9,0.9,0.9,0.03333333333,11,11,0.4715199161
resource_constrained,seg-flat|patch+2|det1|iso0|bak-isolated|idm0,30,131.3861111,196.8722222,0.9,0.9,0.9,0.9,0.9,0,9,10,0.4936440887
resource_constrained,seg-flat|patch+2|det1|iso0|bak-isolated|idm1,30,134.6716667,195.3333334,0.9,0.9,0.9,0.9,0.9,0,13,13,0.4916902264
resource_constrained,seg-flat|patch+2|det1|iso0|bak-periodic|idm0,30,182.4341667,251.7527778,0.9,0.9,0.9,0.9,0.9,0.03333333333,8,9,0.4714507855
resource_constrained,seg-flat|patch+2|det1|iso0|bak-periodic|idm1,30,180.9130556,247.9583333,0.9,0.9,0.9,0.9,0.9,0.03333333333,12,12,0.4763298483
resource_constrained,seg-flat|patch+2|det1|iso1|bak-connected|idm0,30,177.5094445,253.6472222,0.8666666667,0.8666666667,0.8666666667,0.8666666667,0.8666666667,0.03333333333,12,11,0.4676351522
resource_constrained,seg-flat|patch+2|det1|iso1|bak-connected|idm1,30,176.3716667,251.4111111,0.8666666667,0.8666666667,0.8666666667,0.8666666667,0.8666666667,0.03333333333,16,14,0.4744372119
resource_constrained,seg-flat|patch+2|det1|iso1|bak-isolated|idm0,30,124.5344444,193.25,0.8666666667,0.8666666667,0.8666666667,0.8666666667,0.8666666667,0,14,13,0.5097694129
resource_constrained,seg-flat|patch+2|det1|iso1|bak-isolated|idm1,30,128.4283333,191.8166667,0.8666666667,0.8666666667,0.8666666667,0.8666666667,0.8666666667,0,18,16,0.5011547949
resource_constrained,seg-flat|patch+2|det1|iso1|bak-periodic|idm0,30,174.095,252.7611111,0.8666666667,0.8666666667,0.8666666667,0.8666666667,0.8666666667,0.03333333333,13,12,0.4814372609
resource_constrained,seg-flat|patch+2|det1|iso1|bak-periodic|idm1,30,174.5777778,250.1888889,0.8666666667,0.8666666667,0.8666666667,0.8666666667,0.8666666667,0.03333333333,17,15,0.4815532346
resource_constrained,seg-flat|patch+3|det0|iso0|bak-connected|idm0,30,307.6994444,371.6777778,0.9333333333,0.9333333333,0.9333333333,0.9333333333,0.9333333333,0.5666666667,6,9,0.2128408077
resource_constrained,seg-flat|patch+3|det0|iso0|bak-connected|idm1,30,305.8536111,370.3388889,0.9333333333,0.9333333333,0.9333333333,0.9333333333,0.9333333333,0.5666666667,10,12,0.2222553016
resource_constrained,seg-flat|patch+3|det0|iso0|bak-isolated|idm0,30,250.8075,328.3055556,0.9333333333,0.9333333333,0.9333333333,0.9333333333,0.9333333333,0.2,8,11,0.3059319123
resource_constrained,seg-flat|patch+3|det0|iso0|bak-isolated|idm1,30,249.1716667,326.2520834,0.9333333333,0.9333333333,0.9333333333,0.9333333333,0.9333333333,0.2,12,14,0.3153062592
resource_constrained,seg-flat|patch+3|det0|iso0|bak-periodic|idm0,30,309.9636111,370.0305556,0.9333333333,0.9333333333,0.9333333333,0.9333333333,0.9333333333,0.6,7,10,0.2099413479
resource_constrained,seg-flat|patch+3|det0|iso0|bak-periodic|idm1,30,307.8261111,369.3055556,0.9333333333,0.9333333333,0.9333333333,0.9333333333,0.9333333333,0.6,11,13,0.219168967
resource_constrained,seg-flat|patch+3|det0|iso1|bak-connected|idm0,30,307.3027778,371.6777778,0.9333333333,0.9333333333,0.9333333333,0.9333333333,0.9333333333,0.5666666667,11,12,0.2155012521
resource_constrained,seg-flat|patch+3|det0|iso1|bak-connected|idm1,30,305.8419444,370.4444444,0.9333333333,0.9333333333,0.9333333333,0.9333333333,0.9333333333,0.5666666667,15,15,0.2251447706
resource_constrained,seg-flat|patch+3|det0|iso1|bak-isolated|idm0,30,250.4313889,328.3055556,0.9333333333,0.9333333333,0.9333333333,0.9333333333,0.9333333333,0.2,13,14,0.3099806915
resource_constrained,seg-flat|patch+3|det0|iso1|bak-isolated|idm1,30,249.2675,326.2520834,0.9333333333,0.9333333333,0.9333333333,0.9333333333,0.9333333333,0.2,17,17,0.3184905337
resource_constrained,seg-flat|patch+3|det0|iso1|bak-periodic|idm0,30,309.5586111,370.0305556,0.9333333333,0.9333333333,0.9333333333,0.9333333333,0.9333333333,0.6,12,13,0.2134904769
resource_constrained,seg-flat|patch+3|det0|iso1|bak-periodic|idm1,30,307.7255556,369.5444444,0.9333333333,0.9333333333,0.9333333333,0.9333333333,0.9333333333,0.6,16,16,0.2235028582
resource_constrained,seg-flat|patch+3|det1|iso0|bak-connected|idm0,30,191.2363889,280.5861111,0.9,0.9,0.9,0.9,0.9,0.06666666667,9,11,0.4788957344
resource_constrained,seg-flat|patch+3|det1|iso0|bak-connected|idm1,30,193.3808333,274.3305556,0.9,0.9,0.9,0.9,0.9,0.06666666667,13,14,0.4751426446
resource_constrained,seg-flat|patch+3|det1|iso0|bak-isolated|idm0,30,142.6541667,213.0972222,0.9,0.9,0.9,0.9,0.9,0.03333333333,11,13,0.4975787366
resource_constrained,seg-flat|patch+3|det1|iso0|bak-isolated|idm1,30,140.1677778,206.6027778,0.9,0.9,0.9,0.9,0.9,0.03333333333,15,16,0.507697372
resource_constrained,seg-flat|patch+3|det1|iso0|bak-periodic|idm0,30,192.5058333,277.4138889,0.9,0.9,0.9,0.9,0.9,0.03333333333,10,12,0.4762003772
resource_constrained,seg-flat|patch+3|det1|iso0|bak-periodic|idm1,30,193.6352778,285.9361111,0.9,0.9,0.9,0.9,0.9,0.06666666667,14,15,0.4812899066
resource_constrained,seg-flat|patch+3|det1|iso1|bak-connected|idm0,30,183.84,276.2944444,0.8666666667,0.8666666667,0.8666666667,0.8666666667,0.8666666667,0.03333333333,14,14,0.4889253616
resource_constrained,seg-flat|patch+3|det1|iso1|bak-connected|idm1,30,187.3019444,274.3805555,0.8666666667,0.8666666667,0.8666666667,0.8666666667,0.8666666667,0.03333333333,18,17,0.4839380137
resource_constrained,seg-flat|patch+3|det1|iso1|bak-isolated|idm0,30,136.2577778,212.7388889,0.8666666667,0.8666666667,0.8666666667,0.8666666667,0.8666666667,0.03333333333,16,16,0.5055429242
resource_constrained,seg-flat|patch+3|det1|iso1|bak-isolated|idm1,30,135.3036111,206.4722222,0.8666666667,0.8666666667,0.8666666667,0.8666666667,0.8666666667,0.03333333333,20,19,0.5098218973
resource_constrained,seg-flat|patch+3|det1|iso1|bak-periodic|idm0,30,183.2975,276.3944444,0.8666666667,0.8666666667,0.8666666667,0.8666666667,0.8666666667,0.03333333333,15,15,0.4971368378
resource_constrained,seg-flat|patch+3|det1|iso1|bak-periodic|idm1,30,184.2047222,271.8166666,0.8666666667,0.8666666667,0.8666666667,0.8666666667,0.8666666667,0.03333333333,19,18,0.4982117905
resource_constrained,seg-least_privilege|patch+0|det0|iso0|bak-connected|idm0,30,273.7138889,367.6888889,0.8666666667,0.8666666667,0.8666666667,0.8666666667,0.8666666667,0.5,5,4,0.3195573369
resource_constrained,seg-least_privilege|patch+0|det0|iso0|bak-connected|idm1,30,271.3630556,365.3972222,0.8666666667,0.8666666667,0.8666666667,0.8666666667,0.8666666667,0.5,9,7,0.3232082884
resource_constrained,seg-least_privilege|patch+0|det0|iso0|bak-isolated|idm0,30,223.8283333,323.4666667,0.8666666667,0.8666666667,0.8666666667,0.8666666667,0.8666666667,0.2333333333,7,6,0.3836594893
resource_constrained,seg-least_privilege|patch+0|det0|iso0|bak-isolated|idm1,30,221.6908333,323.3972222,0.8666666667,0.8666666667,0.8666666667,0.8666666667,0.8666666667,0.2333333333,11,9,0.3883454771
resource_constrained,seg-least_privilege|patch+0|det0|iso0|bak-periodic|idm0,30,273.1944445,363.0833334,0.8666666667,0.8666666667,0.8666666667,0.8666666667,0.8666666667,0.5,6,5,0.3183123287
resource_constrained,seg-least_privilege|patch+0|det0|iso0|bak-periodic|idm1,30,270.9605556,363.0833334,0.8666666667,0.8666666667,0.8666666667,0.8666666667,0.8666666667,0.5,10,8,0.3222465993
resource_constrained,seg-least_privilege|patch+0|det0|iso1|bak-connected|idm0,30,272.0583333,367.4833334,0.8666666667,0.8666666667,0.8666666667,0.8666666667,0.8666666667,0.5,10,7,0.3224886549
resource_constrained,seg-least_privilege|patch+0|det0|iso1|bak-connected|idm1,30,270.0733333,365.0916667,0.8666666667,0.8666666667,0.8666666667,0.8666666667,0.8666666667,0.5,14,10,0.3273661657
resource_constrained,seg-least_privilege|patch+0|det0|iso1|bak-isolated|idm0,30,219.7158333,323.4666667,0.8666666667,0.8666666667,0.8666666667,0.8666666667,0.8666666667,0.2333333333,12,9,0.3959714369
resource_constrained,seg-least_privilege|patch+0|det0|iso1|bak-isolated|idm1,30,218.0141667,323.3972222,0.8666666667,0.8666666667,0.8666666667,0.8666666667,0.8666666667,0.2333333333,16,12,0.4004962563
resource_constrained,seg-least_privilege|patch+0|det0|iso1|bak-periodic|idm0,30,268.4913889,362.1333334,0.8666666667,0.8666666667,0.8666666667,0.8666666667,0.8666666667,0.4666666667,11,8,0.3253382069
resource_constrained,seg-least_privilege|patch+0|det0|iso1|bak-periodic|idm1,30,266.6822222,362.0638889,0.8666666667,0.8666666667,0.8666666667,0.8666666667,0.8666666667,0.4666666667,15,11,0.3304572942
resource_constrained,seg-least_privilege|patch+0|det1|iso0|bak-connected|idm0,30,144.29,240.3527778,0.7333333333,0.7333333333,0.7333333333,0.7333333333,0.7333333333,0,8,6,0.5547596625
resource_constrained,seg-least_privilege|patch+0|det1|iso0|bak-connected|idm1,30,145.1647222,239.0944444,0.7333333333,0.7333333333,0.7333333333,0.7333333333,0.7333333333,0,12,9,0.5489685886
resource_constrained,seg-least_privilege|patch+0|det1|iso0|bak-isolated|idm0,30,105.0558333,180.6722222,0.7333333333,0.7333333333,0.7333333333,0.7333333333,0.7333333333,0,10,8,0.5512439463
resource_constrained,seg-least_privilege|patch+0|det1|iso0|bak-isolated|idm1,30,107.1208333,179.8083333,0.7333333333,0.7333333333,0.7333333333,0.7333333333,0.7333333333,0,14,11,0.5549554643
resource_constrained,seg-least_privilege|patch+0|det1|iso0|bak-periodic|idm0,30,143.5266667,252.8361111,0.7333333333,0.7333333333,0.7333333333,0.7333333333,0.7333333333,0,9,7,0.5359189917
resource_constrained,seg-least_privilege|patch+0|det1|iso0|bak-periodic|idm1,30,145.1047222,252.4944444,0.7333333333,0.7333333333,0.7333333333,0.7333333333,0.7333333333,0,13,10,0.5320377619
resource_constrained,seg-least_privilege|patch+0|det1|iso1|bak-connected|idm0,30,142.9322222,271.3638889,0.7,0.7,0.7,0.7,0.7,0,13,9,0.5461278771
resource_constrained,seg-least_privilege|patch+0|det1|iso1|bak-connected|idm1,30,135.9391667,250.2833333,0.6666666667,0.7,0.7,0.7,0.6666666667,0,17,12,0.5578764091
resource_constrained,seg-least_privilege|patch+0|det1|iso1|bak-isolated|idm0,30,106.2755556,209.8194445,0.7,0.7,0.7,0.7,0.7,0,15,11,0.5437526389
resource_constrained,seg-least_privilege|patch+0|det1|iso1|bak-isolated|idm1,30,101.1819445,189.3083334,0.6666666667,0.7,0.7,0.7,0.6666666667,0,19,14,0.5669902818
resource_constrained,seg-least_privilege|patch+0|det1|iso1|bak-periodic|idm0,30,140.5186111,270.9722222,0.7,0.7,0.7,0.7,0.7,0,14,10,0.5386728171
resource_constrained,seg-least_privilege|patch+0|det1|iso1|bak-periodic|idm1,30,133.9638889,249.5277778,0.6666666667,0.7,0.7,0.7,0.6666666667,0,18,13,0.5480647663
resource_constrained,seg-least_privilege|patch+1|det0|iso0|bak-connected|idm0,30,239.5438889,364.6305556,0.8,0.8333333333,0.8,0.8,0.8,0.4666666667,7,7,0.4487853764
resource_constrained,seg-least_privilege|patch+1|det0|iso0|bak-connected|idm1,30,237.3905556,359.9972222,0.7666666667,0.8333333333,0.8,0.7666666667,0.7666666667,0.4666666667,11,10,0.4494287084
resource_constrained,seg-least_privilege|patch+1|det0|iso0|bak-isolated|idm0,30,197.9744444,314.75,0.8,0.8333333333,0.8,0.8,0.8,0.2333333333,9,9,0.4817704082
resource_constrained,seg-least_privilege|patch+1|det0|iso0|bak-isolated|idm1,30,196.0544445,315.3694445,0.7666666667,0.8333333333,0.8,0.7666666667,0.7666666667,0.2333333333,13,12,0.4999266622
resource_constrained,seg-least_privilege|patch+1|det0|iso0|bak-periodic|idm0,30,239.5441667,361.9638889,0.8,0.8333333333,0.8,0.8,0.8,0.5,8,8,0.4506368283
resource_constrained,seg-least_privilege|patch+1|det0|iso0|bak-periodic|idm1,30,236.0808333,357.3138889,0.7666666667,0.8333333333,0.8,0.7666666667,0.7666666667,0.5,12,11,0.4535963383
resource_constrained,seg-least_privilege|patch+1|det0|iso1|bak-connected|idm0,30,238.6697222,364.2166667,0.7666666667,0.8,0.7666666667,0.7666666667,0.7666666667,0.5333333333,12,10,0.4380425614
resource_constrained,seg-least_privilege|patch+1|det0|iso1|bak-connected|idm1,30,229.9144444,358.575,0.7333333333,0.8,0.7666666667,0.7333333333,0.7333333333,0.5,16,13,0.4540673392
resource_constrained,seg-least_privilege|patch+1|det0|iso1|bak-isolated|idm0,30,196.3188889,319.1638889,0.7666666667,0.8,0.7666666667,0.7666666667,0.7666666667,0.2666666667,14,12,0.4901089046
resource_constrained,seg-least_privilege|patch+1|det0|iso1|bak-isolated|idm1,30,187.4919444,314.3277778,0.7333333333,0.8,0.7666666667,0.7333333333,0.7333333333,0.2333333333,18,15,0.5069397556
resource_constrained,seg-least_privilege|patch+1|det0|iso1|bak-periodic|idm0,30,235.4302778,361.55,0.7666666667,0.8,0.7666666667,0.7666666667,0.7666666667,0.5333333333,13,11,0.4431142608
resource_constrained,seg-least_privilege|patch+1|det0|iso1|bak-periodic|idm1,30,226.7872222,356.1583333,0.7333333333,0.8,0.7666666667,0.7333333333,0.7333333333,0.5,17,14,0.4593053406
resource_constrained,seg-least_privilege|patch+1|det1|iso0|bak-connected|idm0,30,107.4544444,264.1333333,0.5666666667,0.7,0.5666666667,0.5666666667,0.5666666667,0,10,9,0.5901576496
resource_constrained,seg-least_privilege|patch+1|det1|iso0|bak-connected|idm1,30,95.0463889,214.1083334,0.5333333333,0.7,0.5666666667,0.5666666667,0.5333333333,0,14,12,0.6159964819
resource_constrained,seg-least_privilege|patch+1|det1|iso0|bak-isolated|idm0,30,82.76861111,205.8444444,0.5666666667,0.7,0.5666666667,0.5666666667,0.5666666667,0,12,11,0.6075829809
resource_constrained,seg-least_privilege|patch+1|det1|iso0|bak-isolated|idm1,30,72.69194445,165.7472222,0.5333333333,0.7,0.5666666667,0.5666666667,0.5333333333,0,16,14,0.6131591857
resource_constrained,seg-least_privilege|patch+1|det1|iso0|bak-periodic|idm0,30,103.7030556,261.1388889,0.5666666667,0.7,0.5666666667,0.5666666667,0.5666666667,0,11,10,0.5842999048
resource_constrained,seg-least_privilege|patch+1|det1|iso0|bak-periodic|idm1,30,91.58722223,211.4083333,0.5333333333,0.7,0.5666666667,0.5666666667,0.5333333333,0,15,13,0.6096563065
resource_constrained,seg-least_privilege|patch+1|det1|iso1|bak-connected|idm0,30,103.955,247.2555555,0.5333333333,0.6666666667,0.5333333333,0.5333333333,0.5333333333,0,15,12,0.5846175527
resource_constrained,seg-least_privilege|patch+1|det1|iso1|bak-connected|idm1,30,92.08583334,235.6861111,0.5,0.6666666667,0.5333333333,0.5333333333,0.5,0,19,15,0.6002876568
resource_constrained,seg-least_privilege|patch+1|det1|iso1|bak-isolated|idm0,30,80.23333333,184.3527778,0.5333333333,0.6666666667,0.5333333333,0.5333333333,0.5333333333,0,17,14,0.6114909808
resource_constrained,seg-least_privilege|patch+1|det1|iso1|bak-isolated|idm1,30,70.52166666,176.6944444,0.5,0.6666666667,0.5333333333,0.5333333333,0.5,0,21,17,0.6259987927
resource_constrained,seg-least_privilege|patch+1|det1|iso1|bak-periodic|idm0,30,99.37555556,225.55,0.5333333333,0.6666666667,0.5333333333,0.5333333333,0.5333333333,0,16,13,0.5947280595
resource_constrained,seg-least_privilege|patch+1|det1|iso1|bak-periodic|idm1,30,88.55416667,213.9888889,0.5,0.6666666667,0.5333333333,0.5333333333,0.5,0,20,16,0.6081522907
resource_constrained,seg-least_privilege|patch+2|det0|iso0|bak-connected|idm0,30,224.4402778,358.7722222,0.7333333333,0.7333333333,0.7333333333,0.7333333333,0.7333333333,0.6,9,10,0.5504632742
resource_constrained,seg-least_privilege|patch+2|det0|iso0|bak-connected|idm1,30,217.6036111,358.4638889,0.7,0.7333333333,0.7333333333,0.7333333333,0.7,0.6333333333,13,13,0.5658843917
resource_constrained,seg-least_privilege|patch+2|det0|iso0|bak-isolated|idm0,30,191.8441667,315.3305556,0.7333333333,0.7333333333,0.7333333333,0.7333333333,0.7333333333,0.4,11,12,0.579347095
resource_constrained,seg-least_privilege|patch+2|det0|iso0|bak-isolated|idm1,30,186.0177778,314.9694445,0.7,0.7333333333,0.7333333333,0.7333333333,0.7,0.4333333333,15,15,0.5945133705
resource_constrained,seg-least_privilege|patch+2|det0|iso0|bak-periodic|idm0,30,219.2747222,356.7555556,0.7333333333,0.7333333333,0.7333333333,0.7333333333,0.7333333333,0.6,10,11,0.5538132785
resource_constrained,seg-least_privilege|patch+2|det0|iso0|bak-periodic|idm1,30,211.7405556,356.4472222,0.7,0.7333333333,0.7333333333,0.7333333333,0.7,0.6333333333,14,14,0.570114919
resource_constrained,seg-least_privilege|patch+2|det0|iso1|bak-connected|idm0,30,220.1822222,357.5944444,0.7333333333,0.7333333333,0.7333333333,0.7333333333,0.7333333333,0.5666666667,14,13,0.5707411953
resource_constrained,seg-least_privilege|patch+2|det0|iso1|bak-connected|idm1,30,213.1130556,356.4694444,0.7,0.7333333333,0.7333333333,0.7333333333,0.7,0.6,18,16,0.5735547344
resource_constrained,seg-least_privilege|patch+2|det0|iso1|bak-isolated|idm0,30,187.1325,315.125,0.7333333333,0.7333333333,0.7333333333,0.7333333333,0.7333333333,0.3666666667,16,15,0.6004199502
resource_constrained,seg-least_privilege|patch+2|det0|iso1|bak-isolated|idm1,30,180.9858333,313.9472222,0.7,0.7333333333,0.7333333333,0.7333333333,0.7,0.4,20,18,0.6026417085
resource_constrained,seg-least_privilege|patch+2|det0|iso1|bak-periodic|idm0,30,215.0902778,355.6944444,0.7333333333,0.7333333333,0.7333333333,0.7333333333,0.7333333333,0.5666666667,15,14,0.5744644126
resource_constrained,seg-least_privilege|patch+2|det0|iso1|bak-periodic|idm1,30,207.3255556,354.5694444,0.7,0.7333333333,0.7333333333,0.7333333333,0.7,0.6,19,17,0.5781584747
resource_constrained,seg-least_privilege|patch+2|det1|iso0|bak-connected|idm0,30,85.66666667,283.1333333,0.4333333333,0.4666666667,0.4333333333,0.4333333333,0.4333333333,0.03333333333,12,12,0.627207617
resource_constrained,seg-least_privilege|patch+2|det1|iso0|bak-connected|idm1,30,78.24861112,238.3916667,0.4333333333,0.4666666667,0.4333333333,0.4333333333,0.4333333333,0,16,15,0.6288593696
resource_constrained,seg-least_privilege|patch+2|det1|iso0|bak-isolated|idm0,30,71.40222223,239.1333333,0.4333333333,0.4666666667,0.4333333333,0.4333333333,0.4333333333,0.03333333333,14,14,0.629777975
resource_constrained,seg-least_privilege|patch+2|det1|iso0|bak-isolated|idm1,30,64.31527778,194.5916667,0.4333333333,0.4666666667,0.4333333333,0.4333333333,0.4333333333,0,18,17,0.6300976469
resource_constrained,seg-least_privilege|patch+2|det1|iso0|bak-periodic|idm0,30,78.89805556,267.3527778,0.4333333333,0.4666666667,0.4333333333,0.4333333333,0.4333333333,0.03333333333,13,13,0.6212640906
resource_constrained,seg-least_privilege|patch+2|det1|iso0|bak-periodic|idm1,30,71.68250001,214.3861111,0.4333333333,0.4666666667,0.4333333333,0.4333333333,0.4333333333,0,17,16,0.6231204083
resource_constrained,seg-least_privilege|patch+2|det1|iso1|bak-connected|idm0,30,75.71305555,218.7527778,0.4,0.5,0.4666666667,0.4333333333,0.4,0,17,15,0.6266140379
resource_constrained,seg-least_privilege|patch+2|det1|iso1|bak-connected|idm1,30,68.66944444,218.0805556,0.3333333333,0.5,0.4666666667,0.4,0.3333333333,0,21,18,0.636257914
resource_constrained,seg-least_privilege|patch+2|det1|iso1|bak-isolated|idm0,30,62.94361111,185.4666667,0.4,0.5,0.4666666667,0.4333333333,0.4,0,19,17,0.6201492488
resource_constrained,seg-least_privilege|patch+2|det1|iso1|bak-isolated|idm1,30,56.82777778,185.3361111,0.3333333333,0.5,0.4666666667,0.4,0.3333333333,0,23,20,0.6282130655
resource_constrained,seg-least_privilege|patch+2|det1|iso1|bak-periodic|idm0,30,70.48916667,203.3611111,0.4,0.5,0.4666666667,0.4333333333,0.4,0,18,16,0.6069620969
resource_constrained,seg-least_privilege|patch+2|det1|iso1|bak-periodic|idm1,30,64.16083334,197.2694445,0.3333333333,0.5,0.4666666667,0.4,0.3333333333,0,22,19,0.6303753876
resource_constrained,seg-least_privilege|patch+3|det0|iso0|bak-connected|idm0,30,186.5283333,362.7555555,0.6333333333,0.7,0.6666666667,0.6666666667,0.6333333333,0.5333333333,11,13,0.6258547744
resource_constrained,seg-least_privilege|patch+3|det0|iso0|bak-connected|idm1,30,159.8022222,362.7555555,0.5333333333,0.6666666667,0.6,0.6,0.5333333333,0.5,15,16,0.6334392918
resource_constrained,seg-least_privilege|patch+3|det0|iso0|bak-isolated|idm0,30,158.1430556,321.5111111,0.6333333333,0.7,0.6666666667,0.6666666667,0.6333333333,0.3333333333,13,15,0.635734143
resource_constrained,seg-least_privilege|patch+3|det0|iso0|bak-isolated|idm1,30,136.0252778,321.5111111,0.5333333333,0.6666666667,0.6,0.6,0.5333333333,0.3666666667,17,18,0.6543468911
resource_constrained,seg-least_privilege|patch+3|det0|iso0|bak-periodic|idm0,30,178.0519444,353.9722222,0.6333333333,0.7,0.6666666667,0.6666666667,0.6333333333,0.5333333333,12,14,0.6195831583
resource_constrained,seg-least_privilege|patch+3|det0|iso0|bak-periodic|idm1,30,153.9380556,351.0888889,0.5333333333,0.6666666667,0.6,0.6,0.5333333333,0.5,16,17,0.6380357377
resource_constrained,seg-least_privilege|patch+3|det0|iso1|bak-connected|idm0,30,171.6375,360.7805556,0.6,0.6666666667,0.6333333333,0.6333333333,0.6,0.5,16,16,0.6255445891
resource_constrained,seg-least_privilege|patch+3|det0|iso1|bak-connected|idm1,30,154.0444444,360.7805556,0.5333333333,0.6666666667,0.6,0.6,0.5333333333,0.5,20,19,0.6460973978
resource_constrained,seg-least_privilege|patch+3|det0|iso1|bak-isolated|idm0,30,146.3169444,319.2444444,0.6,0.6666666667,0.6333333333,0.6333333333,0.6,0.3333333333,18,18,0.6470778244
resource_constrained,seg-least_privilege|patch+3|det0|iso1|bak-isolated|idm1,30,130.1463889,319.2444444,0.5333333333,0.6666666667,0.6,0.6,0.5333333333,0.3333333333,22,21,0.6674209062
resource_constrained,seg-least_privilege|patch+3|det0|iso1|bak-periodic|idm0,30,166.1166667,352.8888889,0.6,0.6666666667,0.6333333333,0.6333333333,0.6,0.5,17,17,0.6290144255
resource_constrained,seg-least_privilege|patch+3|det0|iso1|bak-periodic|idm1,30,148.3563889,345.8138889,0.5333333333,0.6666666667,0.6,0.6,0.5333333333,0.5,21,20,0.6500618985
resource_constrained,seg-least_privilege|patch+3|det1|iso0|bak-connected|idm0,30,58.42416666,218.1222222,0.3333333333,0.3666666667,0.3333333333,0.3333333333,0.3333333333,0,14,15,0.6229998056
resource_constrained,seg-least_privilege|patch+3|det1|iso0|bak-connected|idm1,30,43.47888888,220.7638889,0.2,0.3333333333,0.2333333333,0.2333333333,0.2,0,18,18,0.6218114464
resource_constrained,seg-least_privilege|patch+3|det1|iso0|bak-isolated|idm0,30,50.75222222,189.8027778,0.3333333333,0.3666666667,0.3333333333,0.3333333333,0.3333333333,0,16,17,0.6162439111
resource_constrained,seg-least_privilege|patch+3|det1|iso0|bak-isolated|idm1,30,38.33361111,189.3138889,0.2,0.3333333333,0.2333333333,0.2333333333,0.2,0,20,20,0.6229881318
resource_constrained,seg-least_privilege|patch+3|det1|iso0|bak-periodic|idm0,30,54.55777778,205.4805556,0.3333333333,0.3666666667,0.3333333333,0.3333333333,0.3333333333,0,15,16,0.6152885137
resource_constrained,seg-least_privilege|patch+3|det1|iso0|bak-periodic|idm1,30,41.39416666,202.35,0.2,0.3333333333,0.2333333333,0.2333333333,0.2,0,19,19,0.6251802612
resource_constrained,seg-least_privilege|patch+3|det1|iso1|bak-connected|idm0,30,41.82861111,217.8861111,0.1666666667,0.3,0.2,0.1666666667,0.1666666667,0,19,18,0.5931832356
resource_constrained,seg-least_privilege|patch+3|det1|iso1|bak-connected|idm1,30,32.48666667,213.3194444,0.1,0.3,0.1333333333,0.1,0.1,0,23,21,0.5954703554
resource_constrained,seg-least_privilege|patch+3|det1|iso1|bak-isolated|idm0,30,36.33055556,186.4666667,0.1666666667,0.3,0.2,0.1666666667,0.1666666667,0,21,20,0.590495799
resource_constrained,seg-least_privilege|patch+3|det1|iso1|bak-isolated|idm1,30,28.51666667,186.2527778,0.1,0.3,0.1333333333,0.1,0.1,0,25,23,0.5959603643
resource_constrained,seg-least_privilege|patch+3|det1|iso1|bak-periodic|idm0,30,39.34472222,202.7444444,0.1666666667,0.3,0.2,0.1666666667,0.1666666667,0,20,19,0.5902348462
resource_constrained,seg-least_privilege|patch+3|det1|iso1|bak-periodic|idm1,30,30.82138889,199.0305556,0.1,0.3,0.1333333333,0.1,0.1,0,24,22,0.5988391703
