profile,portfolio,outage_lower,outage_upper,guaranteed,possible,observed_k4,possible_dominator,necessary_dominator
resource_constrained,seg-basic|patch+0|det0|iso0|bak-connected|idm0,0.9375,0.9425,True,True,True,,
resource_constrained,seg-basic|patch+0|det0|iso0|bak-connected|idm1,0.9325,0.94,False,False,False,seg-basic|patch+0|det0|iso0|bak-isolated|idm0,seg-basic|patch+0|det1|iso0|bak-connected|idm0
resource_constrained,seg-basic|patch+0|det0|iso0|bak-isolated|idm0,0.9375,0.9425,True,True,True,,
resource_constrained,seg-basic|patch+0|det0|iso0|bak-isolated|idm1,0.9325,0.94,False,False,False,seg-basic|patch+0|det1|iso0|bak-connected|idm0,seg-basic|patch+0|det1|iso0|bak-connected|idm0
resource_constrained,seg-basic|patch+0|det0|iso0|bak-periodic|idm0,0.9375,0.9425,True,True,True,,
resource_constrained,seg-basic|patch+0|det0|iso0|bak-periodic|idm1,0.9325,0.94,False,False,False,seg-basic|patch+0|det0|iso0|bak-isolated|idm0,seg-basic|patch+0|det1|iso0|bak-connected|idm0
resource_constrained,seg-basic|patch+0|det0|iso1|bak-connected|idm0,0.9225,0.9325,False,False,False,seg-basic|patch+0|det1|iso0|bak-connected|idm0,seg-basic|patch+0|det1|iso0|bak-connected|idm0
resource_constrained,seg-basic|patch+0|det0|iso1|bak-connected|idm1,0.915,0.93,False,False,False,seg-basic|patch+0|det0|iso1|bak-isolated|idm0,seg-basic|patch+0|det1|iso0|bak-connected|idm0
resource_constrained,seg-basic|patch+0|det0|iso1|bak-isolated|idm0,0.9225,0.9325,False,False,False,seg-basic|patch+0|det1|iso0|bak-connected|idm0,seg-basic|patch+0|det1|iso0|bak-connected|idm0
resource_constrained,seg-basic|patch+0|det0|iso1|bak-isolated|idm1,0.915,0.93,False,False,False,seg-basic|patch+0|det1|iso0|bak-connected|idm0,seg-basic|patch+0|det1|iso0|bak-connected|idm0
resource_constrained,seg-basic|patch+0|det0|iso1|bak-periodic|idm0,0.9225,0.9325,False,False,False,seg-basic|patch+0|det1|iso0|bak-connected|idm0,seg-basic|patch+0|det1|iso0|bak-connected|idm0
resource_constrained,seg-basic|patch+0|det0|iso1|bak-periodic|idm1,0.915,0.93,False,False,False,seg-basic|patch+0|det0|iso1|bak-isolated|idm0,seg-basic|patch+0|det1|iso0|bak-connected|idm0
resource_constrained,seg-basic|patch+0|det1|iso0|bak-connected|idm0,0.8825,0.9,True,True,True,,
resource_constrained,seg-basic|patch+0|det1|iso0|bak-connected|idm1,0.87,0.89,False,False,False,seg-basic|patch+0|det1|iso0|bak-isolated|idm0,seg-least_privilege|patch+0|det1|iso0|bak-connected|idm0
resource_constrained,seg-basic|patch+0|det1|iso0|bak-isolated|idm0,0.8825,0.9,True,True,True,,
resource_constrained,seg-basic|patch+0|det1|iso0|bak-isolated|idm1,0.87,0.89,True,True,True,,
resource_constrained,seg-basic|patch+0|det1|iso0|bak-periodic|idm0,0.8825,0.9,True,True,True,,
resource_constrained,seg-basic|patch+0|det1|iso0|bak-periodic|idm1,0.87,0.89,False,False,False,seg-basic|patch+0|det1|iso0|bak-isolated|idm0,seg-least_privilege|patch+0|det1|iso0|bak-connected|idm0
resource_constrained,seg-basic|patch+0|det1|iso1|bak-connected|idm0,0.8625,0.8825,False,False,False,seg-basic|patch+0|det1|iso0|bak-isolated|idm0,seg-least_privilege|patch+0|det1|iso0|bak-connected|idm0
resource_constrained,seg-basic|patch+0|det1|iso1|bak-connected|idm1,0.845,0.87,False,False,False,seg-basic|patch+0|det1|iso0|bak-isolated|idm1,seg-least_privilege|patch+0|det1|iso0|bak-connected|idm0
resource_constrained,seg-basic|patch+0|det1|iso1|bak-isolated|idm0,0.8625,0.8825,False,True,True,seg-basic|patch+0|det1|iso0|bak-isolated|idm1,
resource_constrained,seg-basic|patch+0|det1|iso1|bak-isolated|idm1,0.845,0.87,False,False,False,seg-least_privilege|patch+0|det1|iso1|bak-isolated|idm0,seg-least_privilege|patch+0|det1|iso1|bak-isolated|idm0
resource_constrained,seg-basic|patch+0|det1|iso1|bak-periodic|idm0,0.8625,0.8825,False,False,False,seg-basic|patch+0|det1|iso0|bak-isolated|idm0,seg-least_privilege|patch+0|det1|iso0|bak-connected|idm0
resource_constrained,seg-basic|patch+0|det1|iso1|bak-periodic|idm1,0.845,0.87,False,False,False,seg-basic|patch+0|det1|iso0|bak-isolated|idm1,seg-least_privilege|patch+0|det1|iso0|bak-connected|idm0
resource_constrained,seg-basic|patch+1|det0|iso0|bak-connected|idm0,0.92,0.93,False,True,False,seg-least_privilege|patch+0|det0|iso0|bak-connected|idm0,
resource_constrained,seg-basic|patch+1|det0|iso0|bak-connected|idm1,0.9175,0.9275,False,False,False,seg-basic|patch+0|det1|iso0|bak-connected|idm0,seg-basic|patch+0|det1|iso0|bak-connected|idm0
resource_constrained,seg-basic|patch+1|det0|iso0|bak-isolated|idm0,0.92,0.93,False,False,False,seg-basic|patch+0|det1|iso0|bak-connected|idm0,seg-basic|patch+0|det1|iso0|bak-connected|idm0
resource_constrained,seg-basic|patch+1|det0|iso0|bak-isolated|idm1,0.9175,0.9275,False,False,False,seg-basic|patch+0|det1|iso0|bak-connected|idm0,seg-basic|patch+0|det1|iso0|bak-connected|idm0
resource_constrained,seg-basic|patch+1|det0|iso0|bak-periodic|idm0,0.92,0.93,False,False,False,seg-basic|patch+0|det1|iso0|bak-connected|idm0,seg-basic|patch+0|det1|iso0|bak-connected|idm0
resource_constrained,seg-basic|patch+1|det0|iso0|bak-periodic|idm1,0.9175,0.9275,False,False,False,seg-basic|patch+0|det0|iso1|bak-isolated|idm0,seg-basic|patch+0|det1|iso0|bak-connected|idm0
resource_constrained,seg-basic|patch+1|det0|iso1|bak-connected|idm0,0.9075,0.92,False,False,False,seg-basic|patch+0|det1|iso0|bak-connected|idm0,seg-basic|patch+0|det1|iso0|bak-connected|idm0
resource_constrained,seg-basic|patch+1|det0|iso1|bak-connected|idm1,0.9025,0.9175,False,False,False,seg-basic|patch+0|det0|iso1|bak-isolated|idm1,seg-basic|patch+0|det1|iso0|bak-connected|idm0
resource_constrained,seg-basic|patch+1|det0|iso1|bak-isolated|idm0,0.9075,0.92,False,False,False,seg-basic|patch+0|det1|iso0|bak-connected|idm0,seg-basic|patch+0|det1|iso0|bak-connected|idm0
resource_constrained,seg-basic|patch+1|det0|iso1|bak-isolated|idm1,0.9025,0.9175,False,False,False,seg-basic|patch+0|det1|iso0|bak-connected|idm0,seg-basic|patch+0|det1|iso0|bak-connected|idm0
resource_constrained,seg-basic|patch+1|det0|iso1|bak-periodic|idm0,0.9075,0.92,False,False,False,seg-basic|patch+0|det1|iso0|bak-connected|idm0,seg-basic|patch+0|det1|iso0|bak-connected|idm0
resource_constrained,seg-basic|patch+1|det0|iso1|bak-periodic|idm1,0.9025,0.9175,False,False,False,seg-basic|patch+0|det0|iso1|bak-isolated|idm1,seg-basic|patch+0|det1|iso0|bak-connected|idm0
resource_constrained,seg-basic|patch+1|det1|iso0|bak-connected|idm0,0.8625,0.8825,False,False,False,seg-basic|patch+0|det1|iso0|bak-isolated|idm0,seg-least_privilege|patch+0|det1|iso0|bak-connected|idm0
resource_constrained,seg-basic|patch+1|det1|iso0|bak-connected|idm1,0.8425,0.8675,False,False,False,seg-basic|patch+1|det1|iso0|bak-isolated|idm0,seg-least_privilege|patch+0|det1|iso0|bak-connected|idm0
resource_constrained,seg-basic|patch+1|det1|iso0|bak-isolated|idm0,0.8625,0.8825,False,False,False,seg-basic|patch+0|det1|iso0|bak-isolated|idm0,seg-least_privilege|patch+0|det1|iso0|bak-isolated|idm0
resource_constrained,seg-basic|patch+1|det1|iso0|bak-isolated|idm1,0.8425,0.8675,False,False,False,seg-basic|patch+0|det1|iso1|bak-isolated|idm0,seg-least_privilege|patch+0|det1|iso0|bak-isolated|idm0
resource_constrained,seg-basic|patch+1|det1|iso0|bak-periodic|idm0,0.8625,0.8825,False,False,False,seg-basic|patch+0|det1|iso0|bak-isolated|idm0,seg-least_privilege|patch+0|det1|iso0|bak-connected|idm0
resource_constrained,seg-basic|patch+1|det1|iso0|bak-periodic|idm1,0.8425,0.8675,False,False,False,seg-basic|patch+0|det1|iso1|bak-isolated|idm0,seg-least_privilege|patch+0|det1|iso0|bak-connected|idm0
resource_constrained,seg-basic|patch+1|det1|iso1|bak-connected|idm0,0.835,0.86,False,False,False,seg-least_privilege|patch+0|det1|iso0|bak-connected|idm0,seg-least_privilege|patch+0|det1|iso0|bak-connected|idm1
resource_constrained,seg-basic|patch+1|det1|iso1|bak-connected|idm1,0.8125,0.8425,False,False,False,seg-basic|patch+1|det1|iso0|bak-isolated|idm1,seg-least_privilege|patch+0|det1|iso1|bak-connected|idm1
resource_constrained,seg-basic|patch+1|det1|iso1|bak-isolated|idm0,0.835,0.86,False,False,False,seg-least_privilege|patch+0|det1|iso0|bak-isolated|idm0,seg-least_privilege|patch+0|det1|iso0|bak-isolated|idm1
resource_constrained,seg-basic|patch+1|det1|iso1|bak-isolated|idm1,0.8125,0.8425,False,False,False,seg-least_privilege|patch+0|det1|iso0|bak-isolated|idm0,seg-least_privilege|patch+0|det1|iso1|bak-isolated|idm1
resource_constrained,seg-basic|patch+1|det1|iso1|bak-periodic|idm0,0.835,0.86,False,False,False,seg-least_privilege|patch+0|det1|iso0|bak-connected|idm0,seg-least_privilege|patch+0|det1|iso0|bak-connected|idm1
resource_constrained,seg-basic|patch+1|det1|iso1|bak-periodic|idm1,0.8125,0.8425,False,False,False,seg-basic|patch+1|det1|iso0|bak-isolated|idm1,seg-least_privilege|patch+0|det1|iso1|bak-connected|idm1
resource_constrained,seg-basic|patch+2|det0|iso0|bak-connected|idm0,0.8775,0.905,False,True,False,seg-basic|patch+0|det1|iso0|bak-connected|idm0,
resource_constrained,seg-basic|patch+2|det0|iso0|bak-connected|idm1,0.8725,0.9,False,False,False,seg-basic|patch+0|det1|iso0|bak-connected|idm0,seg-basic|patch+2|det1|iso0|bak-connected|idm0
resource_constrained,seg-basic|patch+2|det0|iso0|bak-isolated|idm0,0.8775,0.905,False,False,False,seg-basic|patch+0|det1|iso0|bak-connected|idm0,seg-least_privilege|patch+0|det1|iso0|bak-connected|idm0
resource_constrained,seg-basic|patch+2|det0|iso0|bak-isolated|idm1,0.8725,0.9,False,False,False,seg-basic|patch+0|det1|iso0|bak-connected|idm0,seg-basic|patch+1|det1|iso0|bak-connected|idm1
resource_constrained,seg-basic|patch+2|det0|iso0|bak-periodic|idm0,0.8775,0.905,False,False,False,seg-basic|patch+0|det1|iso0|bak-connected|idm0,seg-least_privilege|patch+0|det1|iso0|bak-connected|idm0
resource_constrained,seg-basic|patch+2|det0|iso0|bak-periodic|idm1,0.8725,0.9,False,False,False,seg-basic|patch+0|det1|iso0|bak-connected|idm0,seg-basic|patch+1|det1|iso0|bak-connected|idm1
resource_constrained,seg-basic|patch+2|det0|iso1|bak-connected|idm0,0.8675,0.895,False,False,False,seg-basic|patch+0|det1|iso0|bak-connected|idm0,seg-basic|patch+1|det1|iso0|bak-connected|idm1
resource_constrained,seg-basic|patch+2|det0|iso1|bak-connected|idm1,0.86,0.89,False,False,False,seg-basic|patch+0|det1|iso0|bak-connected|idm0,seg-basic|patch+1|det1|iso1|bak-connected|idm0
resource_constrained,seg-basic|patch+2|det0|iso1|bak-isolated|idm0,0.8675,0.895,False,False,False,seg-basic|patch+0|det1|iso0|bak-connected|idm0,seg-basic|patch+1|det1|iso0|bak-connected|idm1
resource_constrained,seg-basic|patch+2|det0|iso1|bak-isolated|idm1,0.86,0.89,False,False,False,seg-basic|patch+0|det1|iso0|bak-connected|idm0,seg-basic|patch+1|det1|iso1|bak-connected|idm0
resource_constrained,seg-basic|patch+2|det0|iso1|bak-periodic|idm0,0.8675,0.895,False,False,False,seg-basic|patch+0|det1|iso0|bak-connected|idm0,seg-basic|patch+1|det1|iso0|bak-connected|idm1
resource_constrained,seg-basic|patch+2|det0|iso1|bak-periodic|idm1,0.86,0.89,False,False,False,seg-basic|patch+0|det1|iso0|bak-connected|idm0,seg-basic|patch+1|det1|iso1|bak-connected|idm0
resource_constrained,seg-basic|patch+2|det1|iso0|bak-connected|idm0,0.805,0.845,False,True,False,seg-least_privilege|patch+0|det1|iso0|bak-connected|idm0,
resource_constrained,seg-basic|patch+2|det1|iso0|bak-connected|idm1,0.78,0.8275,False,False,False,seg-basic|patch+2|det1|iso0|bak-isolated|idm0,seg-least_privilege|patch+1|det1|iso0|bak-connected|idm1
resource_constrained,seg-basic|patch+2|det1|iso0|bak-isolated|idm0,0.805,0.845,False,False,False,seg-least_privilege|patch+0|det1|iso0|bak-isolated|idm0,seg-least_privilege|patch+1|det1|iso0|bak-isolated|idm0
resource_constrained,seg-basic|patch+2|det1|iso0|bak-isolated|idm1,0.78,0.8275,False,False,False,seg-least_privilege|patch+0|det1|iso0|bak-isolated|idm0,seg-least_privilege|patch+1|det1|iso0|bak-isolated|idm1
resource_constrained,seg-basic|patch+2|det1|iso0|bak-periodic|idm0,0.805,0.845,False,False,False,seg-least_privilege|patch+0|det1|iso0|bak-connected|idm0,seg-least_privilege|patch+1|det1|iso0|bak-connected|idm0
resource_constrained,seg-basic|patch+2|det1|iso0|bak-periodic|idm1,0.78,0.8275,False,False,False,seg-basic|patch+2|det1|iso0|bak-isolated|idm0,seg-least_privilege|patch+1|det1|iso0|bak-connected|idm1
resource_constrained,seg-basic|patch+2|det1|iso1|bak-connected|idm0,0.7825,0.8225,False,False,False,seg-basic|patch+2|det1|iso0|bak-isolated|idm0,seg-least_privilege|patch+1|det1|iso0|bak-connected|idm1
resource_constrained,seg-basic|patch+2|det1|iso1|bak-connected|idm1,0.755,0.8025,False,False,False,seg-basic|patch+2|det1|iso0|bak-isolated|idm1,seg-least_privilege|patch+1|det1|iso1|bak-connected|idm0
resource_constrained,seg-basic|patch+2|det1|iso1|bak-isolated|idm0,0.7825,0.8225,False,False,False,seg-least_privilege|patch+0|det1|iso0|bak-isolated|idm0,seg-least_privilege|patch+1|det1|iso0|bak-isolated|idm1
resource_constrained,seg-basic|patch+2|det1|iso1|bak-isolated|idm1,0.755,0.8025,False,False,False,seg-basic|patch+3|det1|iso1|bak-isolated|idm0,seg-least_privilege|patch+1|det1|iso1|bak-isolated|idm0
resource_constrained,seg-basic|patch+2|det1|iso1|bak-periodic|idm0,0.7825,0.8225,False,False,False,seg-basic|patch+2|det1|iso0|bak-isolated|idm0,seg-least_privilege|patch+1|det1|iso0|bak-connected|idm1
resource_constrained,seg-basic|patch+2|det1|iso1|bak-periodic|idm1,0.755,0.8025,False,False,False,seg-basic|patch+2|det1|iso0|bak-isolated|idm1,seg-least_privilege|patch+1|det1|iso1|bak-connected|idm0
resource_constrained,seg-basic|patch+3|det0|iso0|bak-connected|idm0,0.8675,0.8975,False,False,False,seg-basic|patch+0|det1|iso0|bak-connected|idm0,seg-least_privilege|patch+0|det1|iso0|bak-connected|idm0
resource_constrained,seg-basic|patch+3|det0|iso0|bak-connected|idm1,0.8625,0.8925,False,False,False,seg-basic|patch+0|det1|iso0|bak-connected|idm0,seg-basic|patch+1|det1|iso1|bak-connected|idm0
resource_constrained,seg-basic|patch+3|det0|iso0|bak-isolated|idm0,0.8675,0.8975,False,False,False,seg-basic|patch+0|det1|iso0|bak-connected|idm0,seg-basic|patch+2|det1|iso0|bak-connected|idm0
resource_constrained,seg-basic|patch+3|det0|iso0|bak-isolated|idm1,0.8625,0.8925,False,False,False,seg-basic|patch+0|det1|iso0|bak-connected|idm0,seg-basic|patch+1|det1|iso1|bak-connected|idm0
resource_constrained,seg-basic|patch+3|det0|iso0|bak-periodic|idm0,0.8675,0.8975,False,False,False,seg-basic|patch+0|det1|iso0|bak-connected|idm0,seg-basic|patch+2|det1|iso0|bak-connected|idm0
resource_constrained,seg-basic|patch+3|det0|iso0|bak-periodic|idm1,0.8625,0.8925,False,False,False,seg-basic|patch+0|det1|iso0|bak-connected|idm0,seg-basic|patch+1|det1|iso1|bak-connected|idm0
resource_constrained,seg-basic|patch+3|det0|iso1|bak-connected|idm0,0.8575,0.8875,False,False,False,seg-basic|patch+0|det1|iso0|bak-connected|idm0,seg-basic|patch+2|det1|iso0|bak-connected|idm0
resource_constrained,seg-basic|patch+3|det0|iso1|bak-connected|idm1,0.85,0.8825,False,False,False,seg-basic|patch+0|det1|iso0|bak-connected|idm0,seg-basic|patch+1|det1|iso1|bak-connected|idm1
resource_constrained,seg-basic|patch+3|det0|iso1|bak-isolated|idm0,0.8575,0.8875,False,False,False,seg-basic|patch+0|det1|iso0|bak-connected|idm0,seg-basic|patch+2|det1|iso0|bak-connected|idm0
resource_constrained,seg-basic|patch+3|det0|iso1|bak-isolated|idm1,0.85,0.8825,False,False,False,seg-basic|patch+0|det1|iso0|bak-connected|idm0,seg-basic|patch+1|det1|iso1|bak-connected|idm1
resource_constrained,seg-basic|patch+3|det0|iso1|bak-periodic|idm0,0.8575,0.8875,False,False,False,seg-basic|patch+0|det1|iso0|bak-connected|idm0,seg-basic|patch+2|det1|iso0|bak-connected|idm0
resource_constrained,seg-basic|patch+3|det0|iso1|bak-periodic|idm1,0.85,0.8825,False,False,False,seg-basic|patch+0|det1|iso0|bak-connected|idm0,seg-basic|patch+1|det1|iso1|bak-connected|idm1
resource_constrained,seg-basic|patch+3|det1|iso0|bak-connected|idm0,0.765,0.815,False,False,False,seg-basic|patch+2|det1|iso0|bak-isolated|idm0,seg-least_privilege|patch+2|det1|iso0|bak-connected|idm0
resource_constrained,seg-basic|patch+3|det1|iso0|bak-connected|idm1,0.7425,0.795,False,False,False,seg-basic|patch+2|det1|iso0|bak-isolated|idm1,seg-least_privilege|patch+2|det1|iso0|bak-connected|idm0
resource_constrained,seg-basic|patch+3|det1|iso0|bak-isolated|idm0,0.765,0.815,False,False,False,seg-least_privilege|patch+0|det1|iso0|bak-isolated|idm0,seg-least_privilege|patch+2|det1|iso0|bak-isolated|idm0
resource_constrained,seg-basic|patch+3|det1|iso0|bak-isolated|idm1,0.7425,0.795,False,False,False,seg-least_privilege|patch+0|det1|iso0|bak-isolated|idm0,seg-least_privilege|patch+2|det1|iso0|bak-isolated|idm0
resource_constrained,seg-basic|patch+3|det1|iso0|bak-periodic|idm0,0.765,0.815,False,False,False,seg-basic|patch+2|det1|iso0|bak-isolated|idm0,seg-least_privilege|patch+2|det1|iso0|bak-connected|idm0
resource_constrained,seg-basic|patch+3|det1|iso0|bak-periodic|idm1,0.7425,0.795,False,False,False,seg-basic|patch+2|det1|iso0|bak-isolated|idm1,seg-least_privilege|patch+2|det1|iso0|bak-connected|idm0
resource_constrained,seg-basic|patch+3|det1|iso1|bak-connected|idm0,0.74,0.7925,False,False,False,seg-basic|patch+2|det1|iso0|bak-isolated|idm1,seg-least_privilege|patch+2|det1|iso0|bak-connected|idm0
resource_constrained,seg-basic|patch+3|det1|iso1|bak-connected|idm1,0.71,0.7675,False,False,False,seg-basic|patch+2|det1|iso1|bak-isolated|idm1,seg-least_privilege|patch+2|det1|iso1|bak-connected|idm1
resource_constrained,seg-basic|patch+3|det1|iso1|bak-isolated|idm0,0.74,0.7925,False,False,False,seg-least_privilege|patch+0|det1|iso0|bak-isolated|idm0,seg-least_privilege|patch+2|det1|iso0|bak-isolated|idm0
resource_constrained,seg-basic|patch+3|det1|iso1|bak-isolated|idm1,0.71,0.7675,False,False,False,seg-least_privilege|patch+0|det1|iso0|bak-isolated|idm1,seg-least_privilege|patch+2|det1|iso1|bak-isolated|idm1
resource_constrained,seg-basic|patch+3|det1|iso1|bak-periodic|idm0,0.74,0.7925,False,False,False,seg-basic|patch+2|det1|iso0|bak-isolated|idm1,seg-least_privilege|patch+2|det1|iso0|bak-connected|idm0
resource_constrained,seg-basic|patch+3|det1|iso1|bak-periodic|idm1,0.71,0.7675,False,False,False,seg-basic|patch+2|det1|iso1|bak-isolated|idm1,seg-least_privilege|patch+2|det1|iso1|bak-connected|idm1
resource_constrained,seg-flat|patch+0|det0|iso0|bak-connected|idm0,0.9675,0.9675,True,True,True,,
resource_constrained,seg-flat|patch+0|det0|iso0|bak-connected|idm1,0.965,0.965,False,False,False,seg-flat|patch+0|det1|iso0|bak-connected|idm0,seg-flat|patch+0|det1|iso0|bak-connected|idm0
resource_constrained,seg-flat|patch+0|det0|iso0|bak-isolated|idm0,0.9675,0.9675,True,True,True,,
resource_constrained,seg-flat|patch+0|det0|iso0|bak-isolated|idm1,0.965,0.965,False,False,False,seg-basic|patch+0|det1|iso0|bak-connected|idm0,seg-basic|patch+0|det1|iso0|bak-connected|idm0
resource_constrained,seg-flat|patch+0|det0|iso0|bak-periodic|idm0,0.9675,0.9675,True,True,True,,
resource_constrained,seg-flat|patch+0|det0|iso0|bak-periodic|idm1,0.965,0.965,False,False,False,seg-basic|patch+0|det0|iso0|bak-isolated|idm0,seg-basic|patch+0|det0|iso0|bak-isolated|idm0
resource_constrained,seg-flat|patch+0|det0|iso1|bak-connected|idm0,0.9575,0.9625,False,False,False,seg-flat|patch+0|det1|iso0|bak-connected|idm0,seg-flat|patch+0|det1|iso0|bak-connected|idm0
resource_constrained,seg-flat|patch+0|det0|iso1|bak-connected|idm1,0.955,0.96,False,False,False,seg-basic|patch+0|det0|iso0|bak-isolated|idm0,seg-basic|patch+0|det0|iso0|bak-isolated|idm0
resource_constrained,seg-flat|patch+0|det0|iso1|bak-isolated|idm0,0.9575,0.9625,False,False,False,seg-basic|patch+0|det1|iso0|bak-connected|idm0,seg-basic|patch+0|det1|iso0|bak-connected|idm0
resource_constrained,seg-flat|patch+0|det0|iso1|bak-isolated|idm1,0.9525,0.96,False,False,False,seg-basic|patch+0|det1|iso0|bak-connected|idm0,seg-basic|patch+0|det1|iso0|bak-connected|idm0
resource_constrained,seg-flat|patch+0|det0|iso1|bak-periodic|idm0,0.9575,0.9625,False,False,False,seg-basic|patch+0|det0|iso0|bak-isolated|idm0,seg-basic|patch+0|det0|iso0|bak-isolated|idm0
resource_constrained,seg-flat|patch+0|det0|iso1|bak-periodic|idm1,0.9525,0.96,False,False,False,seg-basic|patch+0|det0|iso0|bak-isolated|idm0,seg-basic|patch+0|det0|iso0|bak-isolated|idm0
resource_constrained,seg-flat|patch+0|det1|iso0|bak-connected|idm0,0.945,0.9475,True,True,True,,
resource_constrained,seg-flat|patch+0|det1|iso0|bak-connected|idm1,0.9425,0.945,False,False,False,seg-basic|patch+0|det1|iso0|bak-connected|idm0,seg-basic|patch+0|det1|iso0|bak-connected|idm0
resource_constrained,seg-flat|patch+0|det1|iso0|bak-isolated|idm0,0.945,0.9475,True,True,True,,
resource_constrained,seg-flat|patch+0|det1|iso0|bak-isolated|idm1,0.9425,0.945,False,False,False,seg-basic|patch+0|det1|iso0|bak-isolated|idm0,seg-basic|patch+0|det1|iso0|bak-isolated|idm0
resource_constrained,seg-flat|patch+0|det1|iso0|bak-periodic|idm0,0.945,0.9475,True,True,True,,
resource_constrained,seg-flat|patch+0|det1|iso0|bak-periodic|idm1,0.9425,0.945,False,False,False,seg-basic|patch+0|det1|iso0|bak-connected|idm0,seg-basic|patch+0|det1|iso0|bak-connected|idm0
resource_constrained,seg-flat|patch+0|det1|iso1|bak-connected|idm0,0.9325,0.9375,False,False,False,seg-basic|patch+0|det1|iso0|bak-periodic|idm0,seg-basic|patch+0|det1|iso0|bak-periodic|idm0
resource_constrained,seg-flat|patch+0|det1|iso1|bak-connected|idm1,0.93,0.935,False,False,False,seg-basic|patch+0|det1|iso0|bak-isolated|idm0,seg-basic|patch+0|det1|iso0|bak-isolated|idm0
resource_constrained,seg-flat|patch+0|det1|iso1|bak-isolated|idm0,0.93,0.935,True,True,True,,
resource_constrained,seg-flat|patch+0|det1|iso1|bak-isolated|idm1,0.925,0.9325,False,False,False,seg-basic|patch+0|det1|iso0|bak-isolated|idm1,seg-basic|patch+0|det1|iso0|bak-isolated|idm1
resource_constrained,seg-flat|patch+0|det1|iso1|bak-periodic|idm0,0.93,0.935,False,False,False,seg-basic|patch+0|det1|iso0|bak-isolated|idm0,seg-basic|patch+0|det1|iso0|bak-isolated|idm0
resource_constrained,seg-flat|patch+0|det1|iso1|bak-periodic|idm1,0.925,0.9325,False,False,False,seg-basic|patch+0|det1|iso0|bak-isolated|idm0,seg-basic|patch+0|det1|iso0|bak-isolated|idm0
resource_constrained,seg-flat|patch+1|det0|iso0|bak-connected|idm0,0.96,0.96,True,True,True,,
resource_constrained,seg-flat|patch+1|det0|iso0|bak-connected|idm1,0.9575,0.9575,False,False,False,seg-basic|patch+0|det0|iso0|bak-isolated|idm0,seg-basic|patch+0|det0|iso0|bak-isolated|idm0
resource_constrained,seg-flat|patch+1|det0|iso0|bak-isolated|idm0,0.9575,0.9575,False,False,False,seg-flat|patch+0|det1|iso0|bak-connected|idm0,seg-flat|patch+0|det1|iso0|bak-connected|idm0
resource_constrained,seg-flat|patch+1|det0|iso0|bak-isolated|idm1,0.9525,0.955,False,False,False,seg-basic|patch+0|det1|iso0|bak-connected|idm0,seg-basic|patch+0|det1|iso0|bak-connected|idm0
resource_constrained,seg-flat|patch+1|det0|iso0|bak-periodic|idm0,0.9575,0.9575,False,False,False,seg-flat|patch+0|det1|iso0|bak-connected|idm0,seg-flat|patch+0|det1|iso0|bak-connected|idm0
resource_constrained,seg-flat|patch+1|det0|iso0|bak-periodic|idm1,0.955,0.955,False,False,False,seg-basic|patch+0|det0|iso0|bak-isolated|idm0,seg-basic|patch+0|det0|iso0|bak-isolated|idm0
resource_constrained,seg-flat|patch+1|det0|iso1|bak-connected|idm0,0.9475,0.9525,False,False,False,seg-basic|patch+0|det0|iso0|bak-isolated|idm0,seg-basic|patch+0|det0|iso0|bak-isolated|idm0
resource_constrained,seg-flat|patch+1|det0|iso1|bak-connected|idm1,0.945,0.95,False,False,False,seg-basic|patch+0|det0|iso0|bak-isolated|idm0,seg-basic|patch+0|det0|iso0|bak-isolated|idm0
resource_constrained,seg-flat|patch+1|det0|iso1|bak-isolated|idm0,0.945,0.95,False,False,False,seg-basic|patch+0|det1|iso0|bak-connected|idm0,seg-basic|patch+0|det1|iso0|bak-connected|idm0
resource_constrained,seg-flat|patch+1|det0|iso1|bak-isolated|idm1,0.9375,0.9475,False,False,False,seg-basic|patch+0|det1|iso0|bak-connected|idm0,seg-basic|patch+0|det1|iso0|bak-connected|idm0
resource_constrained,seg-flat|patch+1|det0|iso1|bak-periodic|idm0,0.945,0.95,False,False,False,seg-basic|patch+0|det0|iso0|bak-isolated|idm0,seg-basic|patch+0|det0|iso0|bak-isolated|idm0
resource_constrained,seg-flat|patch+1|det0|iso1|bak-periodic|idm1,0.94,0.9475,False,False,False,seg-basic|patch+0|det0|iso0|bak-isolated|idm0,seg-basic|patch+0|det0|iso0|bak-isolated|idm1
resource_constrained,seg-flat|patch+1|det1|iso0|bak-connected|idm0,0.9325,0.935,True,True,True,,
resource_constrained,seg-flat|patch+1|det1|iso0|bak-connected|idm1,0.93,0.9325,False,False,False,seg-basic|patch+0|det1|iso0|bak-isolated|idm0,seg-basic|patch+0|det1|iso0|bak-isolated|idm0
resource_constrained,seg-flat|patch+1|det1|iso0|bak-isolated|idm0,0.9325,0.935,True,True,True,,
resource_constrained,seg-flat|patch+1|det1|iso0|bak-isolated|idm1,0.9275,0.9325,False,False,False,seg-basic|patch+0|det1|iso0|bak-isolated|idm0,seg-basic|patch+0|det1|iso0|bak-isolated|idm0
resource_constrained,seg-flat|patch+1|det1|iso0|bak-periodic|idm0,0.9325,0.935,True,True,True,,
resource_constrained,seg-flat|patch+1|det1|iso0|bak-periodic|idm1,0.93,0.9325,False,False,False,seg-basic|patch+0|det1|iso0|bak-isolated|idm0,seg-basic|patch+0|det1|iso0|bak-isolated|idm0
resource_constrained,seg-flat|patch+1|det1|iso1|bak-connected|idm0,0.92,0.925,False,False,False,seg-basic|patch+0|det1|iso0|bak-connected|idm0,seg-basic|patch+0|det1|iso0|bak-connected|idm0
resource_constrained,seg-flat|patch+1|det1|iso1|bak-connected|idm1,0.9175,0.9225,False,False,False,seg-basic|patch+0|det1|iso0|bak-connected|idm0,seg-basic|patch+0|det1|iso0|bak-connected|idm0
resource_constrained,seg-flat|patch+1|det1|iso1|bak-isolated|idm0,0.9175,0.9225,False,True,False,seg-flat|patch+2|det1|iso0|bak-isolated|idm0,
resource_constrained,seg-flat|patch+1|det1|iso1|bak-isolated|idm1,0.91,0.92,False,False,False,seg-flat|patch+2|det1|iso1|bak-isolated|idm0,seg-flat|patch+2|det1|iso1|bak-isolated|idm0
resource_constrained,seg-flat|patch+1|det1|iso1|bak-periodic|idm0,0.9175,0.9225,False,False,False,seg-basic|patch+0|det1|iso0|bak-isolated|idm0,seg-basic|patch+0|det1|iso0|bak-isolated|idm0
resource_constrained,seg-flat|patch+1|det1|iso1|bak-periodic|idm1,0.9125,0.92,False,False,False,seg-basic|patch+0|det1|iso0|bak-isolated|idm0,seg-basic|patch+0|det1|iso0|bak-isolated|idm0
resource_constrained,seg-flat|patch+2|det0|iso0|bak-connected|idm0,0.94,0.9525,False,True,True,seg-flat|patch+0|det1|iso0|bak-connected|idm0,
resource_constrained,seg-flat|patch+2|det0|iso0|bak-connected|idm1,0.9375,0.95,False,False,False,seg-basic|patch+0|det0|iso0|bak-isolated|idm0,seg-basic|patch+0|det0|iso1|bak-connected|idm0
resource_constrained,seg-flat|patch+2|det0|iso0|bak-isolated|idm0,0.9375,0.95,False,False,False,seg-basic|patch+0|det1|iso0|bak-connected|idm0,seg-basic|patch+0|det1|iso0|bak-connected|idm0
resource_constrained,seg-flat|patch+2|det0|iso0|bak-isolated|idm1,0.9325,0.9475,False,False,False,seg-basic|patch+0|det1|iso0|bak-connected|idm0,seg-basic|patch+0|det1|iso0|bak-connected|idm0
resource_constrained,seg-flat|patch+2|det0|iso0|bak-periodic|idm0,0.9375,0.95,False,False,False,seg-basic|patch+0|det0|iso0|bak-isolated|idm0,seg-flat|patch+1|det1|iso0|bak-connected|idm0
resource_constrained,seg-flat|patch+2|det0|iso0|bak-periodic|idm1,0.9325,0.9475,False,False,False,seg-basic|patch+0|det0|iso0|bak-isolated|idm0,seg-basic|patch+0|det1|iso0|bak-connected|idm0
resource_constrained,seg-flat|patch+2|det0|iso1|bak-connected|idm0,0.925,0.9425,False,False,False,seg-basic|patch+0|det0|iso0|bak-isolated|idm0,seg-basic|patch+0|det1|iso0|bak-connected|idm0
resource_constrained,seg-flat|patch+2|det0|iso1|bak-connected|idm1,0.9225,0.94,False,False,False,seg-basic|patch+0|det0|iso0|bak-isolated|idm0,seg-basic|patch+0|det1|iso0|bak-connected|idm0
resource_constrained,seg-flat|patch+2|det0|iso1|bak-isolated|idm0,0.92,0.9375,False,False,False,seg-basic|patch+0|det1|iso0|bak-connected|idm0,seg-basic|patch+0|det1|iso0|bak-connected|idm0
resource_constrained,seg-flat|patch+2|det0|iso1|bak-isolated|idm1,0.9125,0.935,False,False,False,seg-basic|patch+0|det1|iso0|bak-connected|idm0,seg-basic|patch+0|det1|iso0|bak-connected|idm0
resource_constrained,seg-flat|patch+2|det0|iso1|bak-periodic|idm0,0.9225,0.94,False,False,False,seg-basic|patch+0|det0|iso0|bak-isolated|idm0,seg-basic|patch+0|det1|iso0|bak-connected|idm0
resource_constrained,seg-flat|patch+2|det0|iso1|bak-periodic|idm1,0.915,0.9375,False,False,False,seg-basic|patch+0|det0|iso0|bak-isolated|idm0,seg-basic|patch+0|det1|iso0|bak-connected|idm0
resource_constrained,seg-flat|patch+2|det1|iso0|bak-connected|idm0,0.905,0.9225,True,True,True,,
resource_constrained,seg-flat|patch+2|det1|iso0|bak-connected|idm1,0.9025,0.92,False,False,False,seg-basic|patch+0|det1|iso0|bak-connected|idm0,seg-basic|patch+0|det1|iso0|bak-connected|idm0
resource_constrained,seg-flat|patch+2|det1|iso0|bak-isolated|idm0,0.905,0.9225,True,True,True,,
resource_constrained,seg-flat|patch+2|det1|iso0|bak-isolated|idm1,0.9,0.92,False,False,False,seg-basic|patch+0|det1|iso0|bak-isolated|idm1,seg-basic|patch+0|det1|iso0|bak-isolated|idm1
resource_constrained,seg-flat|patch+2|det1|iso0|bak-periodic|idm0,0.905,0.9225,False,False,False,seg-basic|patch+0|det1|iso0|bak-isolated|idm0,seg-basic|patch+0|det1|iso0|bak-isolated|idm0
resource_constrained,seg-flat|patch+2|det1|iso0|bak-periodic|idm1,0.9,0.92,False,False,False,seg-basic|patch+0|det1|iso0|bak-connected|idm1,seg-basic|patch+0|det1|iso0|bak-connected|idm1
resource_constrained,seg-flat|patch+2|det1|iso1|bak-connected|idm0,0.89,0.91,False,False,False,seg-basic|patch+0|det1|iso0|bak-isolated|idm0,seg-basic|patch+0|det1|iso0|bak-isolated|idm1
resource_constrained,seg-flat|patch+2|det1|iso1|bak-connected|idm1,0.8875,0.9075,False,False,False,seg-basic|patch+0|det1|iso0|bak-connected|idm1,seg-basic|patch+0|det1|iso1|bak-connected|idm1
resource_constrained,seg-flat|patch+2|det1|iso1|bak-isolated|idm0,0.885,0.905,True,True,True,,
resource_constrained,seg-flat|patch+2|det1|iso1|bak-isolated|idm1,0.8775,0.9025,False,False,False,seg-basic|patch+0|det1|iso1|bak-isolated|idm1,seg-basic|patch+0|det1|iso1|bak-isolated|idm1
resource_constrained,seg-flat|patch+2|det1|iso1|bak-periodic|idm0,0.8875,0.9075,False,False,False,seg-basic|patch+0|det1|iso0|bak-isolated|idm0,seg-basic|patch+0|det1|iso1|bak-isolated|idm0
resource_constrained,seg-flat|patch+2|det1|iso1|bak-periodic|idm1,0.88,0.905,False,False,False,seg-basic|patch+0|det1|iso0|bak-isolated|idm0,seg-basic|patch+0|det1|iso1|bak-connected|idm1
resource_constrained,seg-flat|patch+3|det0|iso0|bak-connected|idm0,0.93,0.945,False,False,False,seg-basic|patch+0|det0|iso0|bak-isolated|idm0,seg-basic|patch+0|det1|iso0|bak-connected|idm0
resource_constrained,seg-flat|patch+3|det0|iso0|bak-connected|idm1,0.9275,0.9425,False,False,False,seg-basic|patch+0|det0|iso0|bak-isolated|idm0,seg-basic|patch+0|det1|iso0|bak-connected|idm0
resource_constrained,seg-flat|patch+3|det0|iso0|bak-isolated|idm0,0.9275,0.9425,False,False,False,seg-basic|patch+0|det1|iso0|bak-connected|idm0,seg-basic|patch+0|det1|iso0|bak-connected|idm0
resource_constrained,seg-flat|patch+3|det0|iso0|bak-isolated|idm1,0.9225,0.94,False,False,False,seg-basic|patch+0|det1|iso0|bak-connected|idm0,seg-basic|patch+0|det1|iso0|bak-connected|idm0
resource_constrained,seg-flat|patch+3|det0|iso0|bak-periodic|idm0,0.9275,0.9425,False,False,False,seg-basic|patch+0|det0|iso0|bak-isolated|idm0,seg-basic|patch+0|det1|iso0|bak-connected|idm0
resource_constrained,seg-flat|patch+3|det0|iso0|bak-periodic|idm1,0.9225,0.94,False,False,False,seg-basic|patch+0|det0|iso0|bak-isolated|idm0,seg-basic|patch+0|det1|iso0|bak-connected|idm0
resource_constrained,seg-flat|patch+3|det0|iso1|bak-connected|idm0,0.9125,0.9325,False,False,False,seg-basic|patch+0|det0|iso0|bak-isolated|idm1,seg-basic|patch+0|det1|iso0|bak-connected|idm0
resource_constrained,seg-flat|patch+3|det0|iso1|bak-connected|idm1,0.91,0.93,False,False,False,seg-basic|patch+0|det0|iso1|bak-isolated|idm0,seg-basic|patch+0|det1|iso0|bak-connected|idm0
resource_constrained,seg-flat|patch+3|det0|iso1|bak-isolated|idm0,0.9075,0.9275,False,False,False,seg-basic|patch+0|det1|iso0|bak-connected|idm0,seg-basic|patch+0|det1|iso0|bak-connected|idm0
resource_constrained,seg-flat|patch+3|det0|iso1|bak-isolated|idm1,0.9,0.925,False,False,False,seg-basic|patch+0|det1|iso0|bak-connected|idm0,seg-basic|patch+0|det1|iso0|bak-connected|idm0
resource_constrained,seg-flat|patch+3|det0|iso1|bak-periodic|idm0,0.91,0.93,False,False,False,seg-basic|patch+0|det0|iso1|bak-isolated|idm0,seg-basic|patch+0|det1|iso0|bak-connected|idm0
resource_constrained,seg-flat|patch+3|det0|iso1|bak-periodic|idm1,0.9025,0.9275,False,False,False,seg-basic|patch+0|det0|iso1|bak-isolated|idm0,seg-basic|patch+0|det1|iso0|bak-connected|idm0
resource_constrained,seg-flat|patch+3|det1|iso0|bak-connected|idm0,0.885,0.905,False,False,False,seg-basic|patch+0|det1|iso0|bak-isolated|idm0,seg-least_privilege|patch+0|det1|iso0|bak-connected|idm0
resource_constrained,seg-flat|patch+3|det1|iso0|bak-connected|idm1,0.8825,0.9025,False,False,False,seg-basic|patch+0|det1|iso0|bak-connected|idm1,seg-basic|patch+0|det1|iso1|bak-isolated|idm0
resource_constrained,seg-flat|patch+3|det1|iso0|bak-isolated|idm0,0.8825,0.9025,False,False,False,seg-least_privilege|patch+0|det1|iso0|bak-isolated|idm0,seg-least_privilege|patch+0|det1|iso0|bak-isolated|idm0
resource_constrained,seg-flat|patch+3|det1|iso0|bak-isolated|idm1,0.8775,0.9,False,False,False,seg-flat|patch+2|det1|iso1|bak-isolated|idm0,seg-least_privilege|patch+0|det1|iso0|bak-isolated|idm0
resource_constrained,seg-flat|patch+3|det1|iso0|bak-periodic|idm0,0.8825,0.9025,False,False,False,seg-basic|patch+0|det1|iso0|bak-isolated|idm0,seg-basic|patch+1|det1|iso0|bak-isolated|idm0
resource_constrained,seg-flat|patch+3|det1|iso0|bak-periodic|idm1,0.8775,0.9,False,False,False,seg-basic|patch+0|det1|iso0|bak-isolated|idm0,seg-basic|patch+1|det1|iso0|bak-isolated|idm1
resource_constrained,seg-flat|patch+3|det1|iso1|bak-connected|idm0,0.8675,0.89,False,False,False,seg-basic|patch+0|det1|iso0|bak-isolated|idm0,seg-basic|patch+1|det1|iso0|bak-isolated|idm1
resource_constrained,seg-flat|patch+3|det1|iso1|bak-connected|idm1,0.865,0.8875,False,False,False,seg-basic|patch+0|det1|iso0|bak-isolated|idm0,seg-basic|patch+1|det1|iso1|bak-isolated|idm0
resource_constrained,seg-flat|patch+3|det1|iso1|bak-isolated|idm0,0.86,0.8825,False,False,False,seg-least_privilege|patch+0|det1|iso0|bak-isolated|idm0,seg-least_privilege|patch+0|det1|iso0|bak-isolated|idm0
resource_constrained,seg-flat|patch+3|det1|iso1|bak-isolated|idm1,0.8525,0.88,False,False,False,seg-basic|patch+0|det1|iso1|bak-isolated|idm1,seg-least_privilege|patch+0|det1|iso0|bak-isolated|idm0
resource_constrained,seg-flat|patch+3|det1|iso1|bak-periodic|idm0,0.8625,0.885,False,False,False,seg-basic|patch+0|det1|iso0|bak-isolated|idm0,seg-basic|patch+1|det1|iso1|bak-isolated|idm0
resource_constrained,seg-flat|patch+3|det1|iso1|bak-periodic|idm1,0.855,0.8825,False,False,False,seg-basic|patch+0|det1|iso0|bak-isolated|idm0,seg-basic|patch+1|det1|iso1|bak-isolated|idm1
resource_constrained,seg-least_privilege|patch+0|det0|iso0|bak-connected|idm0,0.9075,0.93,True,True,True,,
resource_constrained,seg-least_privilege|patch+0|det0|iso0|bak-connected|idm1,0.905,0.93,False,False,False,seg-basic|patch+0|det1|iso0|bak-connected|idm0,seg-basic|patch+0|det1|iso0|bak-connected|idm0
resource_constrained,seg-least_privilege|patch+0|det0|iso0|bak-isolated|idm0,0.9075,0.93,False,False,False,seg-basic|patch+0|det1|iso0|bak-connected|idm0,seg-basic|patch+0|det1|iso0|bak-connected|idm0
resource_constrained,seg-least_privilege|patch+0|det0|iso0|bak-isolated|idm1,0.905,0.93,False,False,False,seg-basic|patch+0|det1|iso0|bak-connected|idm0,seg-basic|patch+0|det1|iso0|bak-connected|idm0
resource_constrained,seg-least_privilege|patch+0|det0|iso0|bak-periodic|idm0,0.9075,0.93,False,False,False,seg-basic|patch+0|det1|iso0|bak-connected|idm0,seg-basic|patch+0|det1|iso0|bak-connected|idm0
resource_constrained,seg-least_privilege|patch+0|det0|iso0|bak-periodic|idm1,0.905,0.93,False,False,False,seg-basic|patch+0|det0|iso1|bak-isolated|idm0,seg-basic|patch+0|det1|iso0|bak-connected|idm0
resource_constrained,seg-least_privilege|patch+0|det0|iso1|bak-connected|idm0,0.895,0.9225,False,False,False,seg-basic|patch+0|det0|iso1|bak-isolated|idm0,seg-basic|patch+0|det1|iso0|bak-connected|idm1
resource_constrained,seg-least_privilege|patch+0|det0|iso1|bak-connected|idm1,0.8875,0.9225,False,False,False,seg-basic|patch+0|det0|iso1|bak-isolated|idm0,seg-basic|patch+0|det1|iso1|bak-connected|idm0
resource_constrained,seg-least_privilege|patch+0|det0|iso1|bak-isolated|idm0,0.895,0.9225,False,False,False,seg-basic|patch+0|det1|iso0|bak-connected|idm0,seg-basic|patch+0|det1|iso0|bak-connected|idm1
resource_constrained,seg-least_privilege|patch+0|det0|iso1|bak-isolated|idm1,0.8875,0.9225,False,False,False,seg-basic|patch+0|det1|iso0|bak-connected|idm0,seg-basic|patch+0|det1|iso1|bak-connected|idm0
resource_constrained,seg-least_privilege|patch+0|det0|iso1|bak-periodic|idm0,0.895,0.9225,False,False,False,seg-basic|patch+0|det0|iso1|bak-isolated|idm0,seg-basic|patch+0|det1|iso0|bak-connected|idm1
resource_constrained,seg-least_privilege|patch+0|det0|iso1|bak-periodic|idm1,0.8875,0.9225,False,False,False,seg-basic|patch+0|det0|iso1|bak-isolated|idm0,seg-basic|patch+0|det1|iso1|bak-connected|idm0
resource_constrained,seg-least_privilege|patch+0|det1|iso0|bak-connected|idm0,0.79,0.84,True,True,True,,
resource_constrained,seg-least_privilege|patch+0|det1|iso0|bak-connected|idm1,0.7425,0.825,False,True,True,seg-least_privilege|patch+0|det1|iso0|bak-isolated|idm0,
resource_constrained,seg-least_privilege|patch+0|det1|iso0|bak-isolated|idm0,0.79,0.84,True,True,True,,
resource_constrained,seg-least_privilege|patch+0|det1|iso0|bak-isolated|idm1,0.7425,0.825,True,True,True,,
resource_constrained,seg-least_privilege|patch+0|det1|iso0|bak-periodic|idm0,0.79,0.84,True,True,True,,
resource_constrained,seg-least_privilege|patch+0|det1|iso0|bak-periodic|idm1,0.7425,0.825,False,True,True,seg-least_privilege|patch+0|det1|iso0|bak-isolated|idm0,
resource_constrained,seg-least_privilege|patch+0|det1|iso1|bak-connected|idm0,0.7575,0.815,False,True,False,seg-least_privilege|patch+0|det1|iso0|bak-connected|idm1,
resource_constrained,seg-least_privilege|patch+0|det1|iso1|bak-connected|idm1,0.7025,0.7975,False,True,False,seg-least_privilege|patch+0|det1|iso0|bak-isolated|idm0,
resource_constrained,seg-least_privilege|patch+0|det1|iso1|bak-isolated|idm0,0.7575,0.815,True,True,True,,
resource_constrained,seg-least_privilege|patch+0|det1|iso1|bak-isolated|idm1,0.7025,0.7975,True,True,True,,
resource_constrained,seg-least_privilege|patch+0|det1|iso1|bak-periodic|idm0,0.7575,0.815,False,True,True,seg-least_privilege|patch+0|det1|iso0|bak-isolated|idm0,
resource_constrained,seg-least_privilege|patch+0|det1|iso1|bak-periodic|idm1,0.7025,0.7975,False,True,True,seg-least_privilege|patch+0|det1|iso0|bak-isolated|idm0,
resource_constrained,seg-least_privilege|patch+1|det0|iso0|bak-connected|idm0,0.8775,0.9075,False,True,True,seg-basic|patch+0|det1|iso0|bak-connected|idm0,
resource_constrained,seg-least_privilege|patch+1|det0|iso0|bak-connected|idm1,0.8625,0.9075,False,False,False,seg-basic|patch+0|det1|iso0|bak-connected|idm0,seg-basic|patch+2|det1|iso0|bak-connected|idm0
resource_constrained,seg-least_privilege|patch+1|det0|iso0|bak-isolated|idm0,0.8775,0.9075,False,False,False,seg-basic|patch+0|det1|iso0|bak-connected|idm0,seg-least_privilege|patch+0|det1|iso0|bak-connected|idm0
resource_constrained,seg-least_privilege|patch+1|det0|iso0|bak-isolated|idm1,0.8625,0.9075,False,False,False,seg-basic|patch+0|det1|iso0|bak-connected|idm0,seg-basic|patch+1|det1|iso1|bak-connected|idm0
resource_constrained,seg-least_privilege|patch+1|det0|iso0|bak-periodic|idm0,0.8775,0.9075,False,False,False,seg-basic|patch+0|det1|iso0|bak-connected|idm0,seg-least_privilege|patch+0|det1|iso0|bak-connected|idm0
resource_constrained,seg-least_privilege|patch+1|det0|iso0|bak-periodic|idm1,0.8625,0.9075,False,False,False,seg-basic|patch+0|det1|iso0|bak-connected|idm0,seg-basic|patch+2|det1|iso0|bak-connected|idm0
resource_constrained,seg-least_privilege|patch+1|det0|iso1|bak-connected|idm0,0.865,0.9,False,False,False,seg-basic|patch+0|det1|iso0|bak-connected|idm0,seg-basic|patch+2|det1|iso0|bak-connected|idm0
resource_constrained,seg-least_privilege|patch+1|det0|iso1|bak-connected|idm1,0.85,0.9,False,False,False,seg-basic|patch+0|det1|iso0|bak-connected|idm0,seg-basic|patch+2|det1|iso0|bak-connected|idm0
resource_constrained,seg-least_privilege|patch+1|det0|iso1|bak-isolated|idm0,0.865,0.9,False,False,False,seg-basic|patch+0|det1|iso0|bak-connected|idm0,seg-basic|patch+1|det1|iso1|bak-connected|idm0
resource_constrained,seg-least_privilege|patch+1|det0|iso1|bak-isolated|idm1,0.85,0.9,False,False,False,seg-basic|patch+0|det1|iso0|bak-connected|idm0,seg-basic|patch+1|det1|iso1|bak-connected|idm1
resource_constrained,seg-least_privilege|patch+1|det0|iso1|bak-periodic|idm0,0.865,0.9,False,False,False,seg-basic|patch+0|det1|iso0|bak-connected|idm0,seg-basic|patch+1|det1|iso1|bak-connected|idm0
resource_constrained,seg-least_privilege|patch+1|det0|iso1|bak-periodic|idm1,0.85,0.9,False,False,False,seg-basic|patch+0|det1|iso0|bak-connected|idm0,seg-basic|patch+1|det1|iso1|bak-connected|idm1
resource_constrained,seg-least_privilege|patch+1|det1|iso0|bak-connected|idm0,0.725,0.785,True,True,True,,
resource_constrained,seg-least_privilege|patch+1|det1|iso0|bak-connected|idm1,0.6575,0.7675,False,True,False,seg-least_privilege|patch+0|det1|iso0|bak-isolated|idm1,
resource_constrained,seg-least_privilege|patch+1|det1|iso0|bak-isolated|idm0,0.725,0.785,True,True,True,,
resource_constrained,seg-least_privilege|patch+1|det1|iso0|bak-isolated|idm1,0.6575,0.7675,True,True,True,,
resource_constrained,seg-least_privilege|patch+1|det1|iso0|bak-periodic|idm0,0.725,0.785,True,True,True,,
resource_constrained,seg-least_privilege|patch+1|det1|iso0|bak-periodic|idm1,0.6575,0.7675,False,True,True,seg-least_privilege|patch+0|det1|iso0|bak-isolated|idm1,
resource_constrained,seg-least_privilege|patch+1|det1|iso1|bak-connected|idm0,0.6825,0.755,False,True,False,seg-least_privilege|patch+0|det1|iso0|bak-isolated|idm1,
resource_constrained,seg-least_privilege|patch+1|det1|iso1|bak-connected|idm1,0.6025,0.735,False,True,True,seg-least_privilege|patch+0|det1|iso1|bak-isolated|idm1,
resource_constrained,seg-least_privilege|patch+1|det1|iso1|bak-isolated|idm0,0.6825,0.755,True,True,True,,
resource_constrained,seg-least_privilege|patch+1|det1|iso1|bak-isolated|idm1,0.6025,0.735,True,True,True,,
resource_constrained,seg-least_privilege|patch+1|det1|iso1|bak-periodic|idm0,0.6825,0.755,False,True,False,seg-least_privilege|patch+0|det1|iso0|bak-isolated|idm1,
resource_constrained,seg-least_privilege|patch+1|det1|iso1|bak-periodic|idm1,0.6025,0.735,False,True,False,seg-least_privilege|patch+0|det1|iso1|bak-isolated|idm1,
resource_constrained,seg-least_privilege|patch+2|det0|iso0|bak-connected|idm0,0.8025,0.8575,False,True,False,seg-least_privilege|patch+0|det1|iso0|bak-connected|idm0,
resource_constrained,seg-least_privilege|patch+2|det0|iso0|bak-connected|idm1,0.79,0.8575,False,False,False,seg-basic|patch+1|det1|iso0|bak-connected|idm1,seg-least_privilege|patch+1|det1|iso0|bak-connected|idm0
resource_constrained,seg-least_privilege|patch+2|det0|iso0|bak-isolated|idm0,0.8025,0.8575,False,False,False,seg-basic|patch+2|det1|iso0|bak-connected|idm0,seg-least_privilege|patch+1|det1|iso0|bak-connected|idm0
resource_constrained,seg-least_privilege|patch+2|det0|iso0|bak-isolated|idm1,0.79,0.8575,False,False,False,seg-basic|patch+0|det1|iso1|bak-connected|idm1,seg-least_privilege|patch+1|det1|iso0|bak-connected|idm0
resource_constrained,seg-least_privilege|patch+2|det0|iso0|bak-periodic|idm0,0.8025,0.8575,False,False,False,seg-basic|patch+2|det1|iso0|bak-connected|idm0,seg-least_privilege|patch+1|det1|iso0|bak-connected|idm0
resource_constrained,seg-least_privilege|patch+2|det0|iso0|bak-periodic|idm1,0.79,0.8575,False,False,False,seg-basic|patch+1|det1|iso0|bak-connected|idm1,seg-least_privilege|patch+1|det1|iso0|bak-connected|idm0
resource_constrained,seg-least_privilege|patch+2|det0|iso1|bak-connected|idm0,0.79,0.8475,False,False,False,seg-basic|patch+1|det1|iso0|bak-connected|idm1,seg-least_privilege|patch+1|det1|iso0|bak-connected|idm0
resource_constrained,seg-least_privilege|patch+2|det0|iso1|bak-connected|idm1,0.7725,0.8475,False,False,False,seg-basic|patch+0|det1|iso1|bak-connected|idm1,seg-least_privilege|patch+1|det1|iso0|bak-connected|idm1
resource_constrained,seg-least_privilege|patch+2|det0|iso1|bak-isolated|idm0,0.79,0.8475,False,False,False,seg-basic|patch+0|det1|iso1|bak-connected|idm1,seg-least_privilege|patch+1|det1|iso0|bak-connected|idm0
resource_constrained,seg-least_privilege|patch+2|det0|iso1|bak-isolated|idm1,0.7725,0.8475,False,False,False,seg-basic|patch+0|det1|iso1|bak-connected|idm1,seg-least_privilege|patch+1|det1|iso0|bak-connected|idm1
resource_constrained,seg-least_privilege|patch+2|det0|iso1|bak-periodic|idm0,0.79,0.8475,False,False,False,seg-basic|patch+0|det1|iso1|bak-connected|idm1,seg-least_privilege|patch+1|det1|iso0|bak-connected|idm0
resource_constrained,seg-least_privilege|patch+2|det0|iso1|bak-periodic|idm1,0.7725,0.8475,False,False,False,seg-basic|patch+0|det1|iso1|bak-connected|idm1,seg-least_privilege|patch+1|det1|iso0|bak-connected|idm1
resource_constrained,seg-least_privilege|patch+2|det1|iso0|bak-connected|idm0,0.645,0.7375,False,True,True,seg-least_privilege|patch+1|det1|iso0|bak-isolated|idm0,
resource_constrained,seg-least_privilege|patch+2|det1|iso0|bak-connected|idm1,0.555,0.715,False,True,True,seg-least_privilege|patch+1|det1|iso0|bak-isolated|idm1,
resource_constrained,seg-least_privilege|patch+2|det1|iso0|bak-isolated|idm0,0.645,0.7375,True,True,True,,
resource_constrained,seg-least_privilege|patch+2|det1|iso0|bak-isolated|idm1,0.555,0.715,True,True,True,,
resource_constrained,seg-least_privilege|patch+2|det1|iso0|bak-periodic|idm0,0.645,0.7375,False,True,True,seg-least_privilege|patch+1|det1|iso0|bak-isolated|idm0,
resource_constrained,seg-least_privilege|patch+2|det1|iso0|bak-periodic|idm1,0.555,0.715,False,True,True,seg-least_privilege|patch+2|det1|iso0|bak-isolated|idm0,
resource_constrained,seg-least_privilege|patch+2|det1|iso1|bak-connected|idm0,0.6125,0.7125,False,True,False,seg-least_privilege|patch+1|det1|iso0|bak-isolated|idm1,
resource_constrained,seg-least_privilege|patch+2|det1|iso1|bak-connected|idm1,0.5175,0.6825,False,True,True,seg-least_privilege|patch+1|det1|iso1|bak-isolated|idm1,
resource_constrained,seg-least_privilege|patch+2|det1|iso1|bak-isolated|idm0,0.6125,0.7125,True,True,True,,
resource_constrained,seg-least_privilege|patch+2|det1|iso1|bak-isolated|idm1,0.515,0.6825,True,True,True,,
resource_constrained,seg-least_privilege|patch+2|det1|iso1|bak-periodic|idm0,0.6125,0.7125,False,True,True,seg-least_privilege|patch+1|det1|iso0|bak-isolated|idm1,
resource_constrained,seg-least_privilege|patch+2|det1|iso1|bak-periodic|idm1,0.5175,0.6825,False,True,True,seg-least_privilege|patch+2|det1|iso0|bak-isolated|idm1,
resource_constrained,seg-least_privilege|patch+3|det0|iso0|bak-connected|idm0,0.78,0.835,False,True,False,seg-basic|patch+2|det1|iso0|bak-connected|idm0,
resource_constrained,seg-least_privilege|patch+3|det0|iso0|bak-connected|idm1,0.7575,0.83,False,False,False,seg-basic|patch+2|det1|iso0|bak-connected|idm0,seg-least_privilege|patch+1|det1|iso1|bak-connected|idm0
resource_constrained,seg-least_privilege|patch+3|det0|iso0|bak-isolated|idm0,0.78,0.835,False,False,False,seg-basic|patch+1|det1|iso1|bak-connected|idm0,seg-least_privilege|patch+2|det1|iso0|bak-connected|idm0
resource_constrained,seg-least_privilege|patch+3|det0|iso0|bak-isolated|idm1,0.7575,0.83,False,False,False,seg-basic|patch+1|det1|iso1|bak-connected|idm1,seg-least_privilege|patch+1|det1|iso1|bak-connected|idm0
resource_constrained,seg-least_privilege|patch+3|det0|iso0|bak-periodic|idm0,0.78,0.835,False,False,False,seg-basic|patch+2|det1|iso0|bak-connected|idm0,seg-least_privilege|patch+2|det1|iso0|bak-connected|idm0
resource_constrained,seg-least_privilege|patch+3|det0|iso0|bak-periodic|idm1,0.7575,0.83,False,False,False,seg-basic|patch+2|det1|iso0|bak-connected|idm0,seg-least_privilege|patch+1|det1|iso1|bak-connected|idm0
resource_constrained,seg-least_privilege|patch+3|det0|iso1|bak-connected|idm0,0.77,0.8275,False,False,False,seg-basic|patch+2|det1|iso0|bak-connected|idm0,seg-least_privilege|patch+1|det1|iso0|bak-connected|idm1
resource_constrained,seg-least_privilege|patch+3|det0|iso1|bak-connected|idm1,0.7425,0.82,False,False,False,seg-basic|patch+1|det1|iso1|bak-connected|idm1,seg-least_privilege|patch+1|det1|iso1|bak-connected|idm1
resource_constrained,seg-least_privilege|patch+3|det0|iso1|bak-isolated|idm0,0.77,0.8275,False,False,False,seg-basic|patch+1|det1|iso1|bak-connected|idm1,seg-least_privilege|patch+1|det1|iso0|bak-connected|idm1
resource_constrained,seg-least_privilege|patch+3|det0|iso1|bak-isolated|idm1,0.7425,0.82,False,False,False,seg-basic|patch+1|det1|iso1|bak-connected|idm1,seg-least_privilege|patch+1|det1|iso1|bak-connected|idm1
resource_constrained,seg-least_privilege|patch+3|det0|iso1|bak-periodic|idm0,0.77,0.8275,False,False,False,seg-basic|patch+1|det1|iso1|bak-connected|idm1,seg-least_privilege|patch+1|det1|iso0|bak-connected|idm1
resource_constrained,seg-least_privilege|patch+3|det0|iso1|bak-periodic|idm1,0.7425,0.82,False,False,False,seg-basic|patch+1|det1|iso1|bak-connected|idm1,seg-least_privilege|patch+1|det1|iso1|bak-connected|idm1
resource_constrained,seg-least_privilege|patch+3|det1|iso0|bak-connected|idm0,0.6125,0.7,False,True,True,seg-least_privilege|patch+2|det1|iso0|bak-isolated|idm0,
resource_constrained,seg-least_privilege|patch+3|det1|iso0|bak-connected|idm1,0.5175,0.6625,False,True,True,seg-least_privilege|patch+2|det1|iso0|bak-isolated|idm1,
resource_constrained,seg-least_privilege|patch+3|det1|iso0|bak-isolated|idm0,0.6125,0.7,True,True,True,,
resource_constrained,seg-least_privilege|patch+3|det1|iso0|bak-isolated|idm1,0.5175,0.6625,True,True,True,,
resource_constrained,seg-least_privilege|patch+3|det1|iso0|bak-periodic|idm0,0.6125,0.7,False,True,True,seg-least_privilege|patch+2|det1|iso0|bak-isolated|idm0,
resource_constrained,seg-least_privilege|patch+3|det1|iso0|bak-periodic|idm1,0.5175,0.6625,False,True,True,seg-least_privilege|patch+2|det1|iso0|bak-isolated|idm1,
resource_constrained,seg-least_privilege|patch+3|det1|iso1|bak-connected|idm0,0.5825,0.68,False,True,False,seg-least_privilege|patch+1|det1|iso0|bak-isolated|idm1,
resource_constrained,seg-least_privilege|patch+3|det1|iso1|bak-connected|idm1,0.4725,0.63,False,True,True,seg-least_privilege|patch+2|det1|iso1|bak-isolated|idm1,
resource_constrained,seg-least_privilege|patch+3|det1|iso1|bak-isolated|idm0,0.5825,0.68,True,True,True,,
resource_constrained,seg-least_privilege|patch+3|det1|iso1|bak-isolated|idm1,0.4725,0.63,True,True,True,,
resource_constrained,seg-least_privilege|patch+3|det1|iso1|bak-periodic|idm0,0.5825,0.68,False,True,False,seg-least_privilege|patch+2|det1|iso0|bak-isolated|idm1,
resource_constrained,seg-least_privilege|patch+3|det1|iso1|bak-periodic|idm1,0.4725,0.63,False,True,True,seg-least_privilege|patch+3|det1|iso0|bak-isolated|idm1,
intermediate_capacity,seg-basic|patch+0|det0|iso0|bak-isolated|idm0,0.7825,0.825,True,True,True,,
intermediate_capacity,seg-basic|patch+0|det0|iso0|bak-isolated|idm1,0.76,0.8125,False,False,False,seg-basic|patch+0|det1|iso0|bak-isolated|idm0,seg-basic|patch+0|det1|iso0|bak-isolated|idm0
intermediate_capacity,seg-basic|patch+0|det0|iso0|bak-periodic|idm0,0.7825,0.825,True,True,True,,
intermediate_capacity,seg-basic|patch+0|det0|iso0|bak-periodic|idm1,0.76,0.8125,False,False,False,seg-basic|patch+0|det0|iso0|bak-isolated|idm0,seg-basic|patch+0|det1|iso0|bak-isolated|idm0
intermediate_capacity,seg-basic|patch+0|det0|iso1|bak-isolated|idm0,0.765,0.815,False,False,False,seg-basic|patch+0|det1|iso0|bak-isolated|idm0,seg-basic|patch+0|det1|iso0|bak-isolated|idm0
intermediate_capacity,seg-basic|patch+0|det0|iso1|bak-isolated|idm1,0.745,0.8,False,False,False,seg-basic|patch+0|det1|iso0|bak-isolated|idm0,seg-basic|patch+0|det1|iso0|bak-isolated|idm0
intermediate_capacity,seg-basic|patch+0|det0|iso1|bak-periodic|idm0,0.765,0.815,False,False,False,seg-basic|patch+0|det0|iso0|bak-isolated|idm0,seg-basic|patch+0|det1|iso0|bak-isolated|idm0
intermediate_capacity,seg-basic|patch+0|det0|iso1|bak-periodic|idm1,0.745,0.8,False,False,False,seg-basic|patch+0|det0|iso0|bak-isolated|idm0,seg-basic|patch+0|det1|iso0|bak-isolated|idm0
intermediate_capacity,seg-basic|patch+0|det1|iso0|bak-isolated|idm0,0.56,0.645,True,True,True,,
intermediate_capacity,seg-basic|patch+0|det1|iso0|bak-isolated|idm1,0.475,0.5925,False,False,False,seg-basic|patch+1|det1|iso0|bak-isolated|idm0,seg-least_privilege|patch+0|det1|iso0|bak-isolated|idm0
intermediate_capacity,seg-basic|patch+0|det1|iso0|bak-periodic|idm0,0.56,0.645,True,True,True,,
intermediate_capacity,seg-basic|patch+0|det1|iso0|bak-periodic|idm1,0.475,0.5925,False,False,False,seg-basic|patch+0|det1|iso0|bak-isolated|idm0,seg-least_privilege|patch+0|det1|iso0|bak-isolated|idm0
intermediate_capacity,seg-basic|patch+0|det1|iso1|bak-isolated|idm0,0.5275,0.6275,False,False,False,seg-basic|patch+0|det1|iso0|bak-isolated|idm1,seg-least_privilege|patch+0|det1|iso0|bak-isolated|idm0
intermediate_capacity,seg-basic|patch+0|det1|iso1|bak-isolated|idm1,0.43,0.5675,False,False,False,seg-basic|patch+1|det1|iso0|bak-isolated|idm1,seg-least_privilege|patch+0|det1|iso0|bak-isolated|idm1
intermediate_capacity,seg-basic|patch+0|det1|iso1|bak-periodic|idm0,0.5275,0.6275,False,False,False,seg-basic|patch+0|det1|iso0|bak-isolated|idm0,seg-least_privilege|patch+0|det1|iso0|bak-isolated|idm0
intermediate_capacity,seg-basic|patch+0|det1|iso1|bak-periodic|idm1,0.43,0.5675,False,False,False,seg-basic|patch+0|det1|iso0|bak-isolated|idm1,seg-least_privilege|patch+0|det1|iso0|bak-isolated|idm1
intermediate_capacity,seg-basic|patch+1|det0|iso0|bak-isolated|idm0,0.7175,0.7725,False,False,False,seg-basic|patch+0|det1|iso0|bak-periodic|idm0,seg-basic|patch+0|det1|iso0|bak-periodic|idm0
intermediate_capacity,seg-basic|patch+1|det0|iso0|bak-isolated|idm1,0.685,0.75,False,False,False,seg-basic|patch+0|det1|iso0|bak-isolated|idm0,seg-basic|patch+0|det1|iso0|bak-isolated|idm0
intermediate_capacity,seg-basic|patch+1|det0|iso0|bak-periodic|idm0,0.7175,0.7725,False,False,False,seg-least_privilege|patch+0|det0|iso0|bak-periodic|idm0,seg-least_privilege|patch+0|det0|iso0|bak-periodic|idm0
intermediate_capacity,seg-basic|patch+1|det0|iso0|bak-periodic|idm1,0.685,0.75,False,False,False,seg-basic|patch+0|det1|iso0|bak-isolated|idm0,seg-basic|patch+0|det1|iso0|bak-isolated|idm0
intermediate_capacity,seg-basic|patch+1|det0|iso1|bak-isolated|idm0,0.7025,0.7625,False,False,False,seg-basic|patch+0|det1|iso0|bak-isolated|idm0,seg-basic|patch+0|det1|iso0|bak-isolated|idm0
intermediate_capacity,seg-basic|patch+1|det0|iso1|bak-isolated|idm1,0.66,0.7375,False,False,False,seg-basic|patch+0|det1|iso0|bak-isolated|idm0,seg-basic|patch+0|det1|iso0|bak-isolated|idm0
intermediate_capacity,seg-basic|patch+1|det0|iso1|bak-periodic|idm0,0.7025,0.7625,False,False,False,seg-basic|patch+0|det0|iso0|bak-isolated|idm1,seg-basic|patch+0|det1|iso0|bak-isolated|idm0
intermediate_capacity,seg-basic|patch+1|det0|iso1|bak-periodic|idm1,0.66,0.7375,False,False,False,seg-basic|patch+0|det1|iso0|bak-isolated|idm0,seg-basic|patch+0|det1|iso0|bak-isolated|idm0
intermediate_capacity,seg-basic|patch+1|det1|iso0|bak-isolated|idm0,0.4925,0.595,False,False,False,seg-least_privilege|patch+0|det1|iso0|bak-isolated|idm0,seg-least_privilege|patch+0|det1|iso0|bak-isolated|idm0
intermediate_capacity,seg-basic|patch+1|det1|iso0|bak-isolated|idm1,0.395,0.52,False,True,False,seg-least_privilege|patch+0|det1|iso0|bak-isolated|idm0,
intermediate_capacity,seg-basic|patch+1|det1|iso0|bak-periodic|idm0,0.4925,0.595,False,False,False,seg-least_privilege|patch+0|det1|iso0|bak-periodic|idm0,seg-least_privilege|patch+0|det1|iso0|bak-periodic|idm0
intermediate_capacity,seg-basic|patch+1|det1|iso0|bak-periodic|idm1,0.395,0.52,False,True,False,seg-least_privilege|patch+0|det1|iso0|bak-isolated|idm0,
intermediate_capacity,seg-basic|patch+1|det1|iso1|bak-isolated|idm0,0.445,0.5625,False,False,False,seg-basic|patch+1|det1|iso0|bak-isolated|idm1,seg-least_privilege|patch+0|det1|iso0|bak-isolated|idm1
intermediate_capacity,seg-basic|patch+1|det1|iso1|bak-isolated|idm1,0.34,0.4875,False,True,False,seg-basic|patch+2|det1|iso0|bak-isolated|idm1,
intermediate_capacity,seg-basic|patch+1|det1|iso1|bak-periodic|idm0,0.445,0.5625,False,False,False,seg-basic|patch+1|det1|iso0|bak-isolated|idm0,seg-least_privilege|patch+0|det1|iso0|bak-isolated|idm1
intermediate_capacity,seg-basic|patch+1|det1|iso1|bak-periodic|idm1,0.34,0.4875,False,True,False,seg-basic|patch+1|det1|iso0|bak-isolated|idm1,
intermediate_capacity,seg-basic|patch+2|det0|iso0|bak-isolated|idm0,0.67,0.735,False,False,False,seg-basic|patch+0|det1|iso0|bak-isolated|idm0,seg-basic|patch+0|det1|iso0|bak-isolated|idm0
intermediate_capacity,seg-basic|patch+2|det0|iso0|bak-isolated|idm1,0.6325,0.71,False,False,False,seg-basic|patch+0|det1|iso0|bak-isolated|idm0,seg-basic|patch+0|det1|iso0|bak-isolated|idm1
intermediate_capacity,seg-basic|patch+2|det0|iso0|bak-periodic|idm0,0.67,0.735,False,False,False,seg-basic|patch+0|det1|iso0|bak-isolated|idm0,seg-basic|patch+0|det1|iso0|bak-isolated|idm0
intermediate_capacity,seg-basic|patch+2|det0|iso0|bak-periodic|idm1,0.6325,0.71,False,False,False,seg-basic|patch+0|det1|iso0|bak-isolated|idm0,seg-basic|patch+0|det1|iso0|bak-isolated|idm1
intermediate_capacity,seg-basic|patch+2|det0|iso1|bak-isolated|idm0,0.6575,0.725,False,False,False,seg-basic|patch+0|det1|iso0|bak-isolated|idm0,seg-basic|patch+0|det1|iso0|bak-isolated|idm0
intermediate_capacity,seg-basic|patch+2|det0|iso1|bak-isolated|idm1,0.6025,0.6925,False,False,False,seg-basic|patch+0|det1|iso0|bak-isolated|idm0,seg-basic|patch+0|det1|iso0|bak-isolated|idm1
intermediate_capacity,seg-basic|patch+2|det0|iso1|bak-periodic|idm0,0.6575,0.725,False,False,False,seg-basic|patch+0|det1|iso0|bak-isolated|idm0,seg-basic|patch+0|det1|iso0|bak-isolated|idm0
intermediate_capacity,seg-basic|patch+2|det0|iso1|bak-periodic|idm1,0.6025,0.6925,False,False,False,seg-basic|patch+0|det1|iso0|bak-isolated|idm0,seg-basic|patch+0|det1|iso0|bak-isolated|idm1
intermediate_capacity,seg-basic|patch+2|det1|iso0|bak-isolated|idm0,0.45,0.55,False,False,False,seg-least_privilege|patch+0|det1|iso0|bak-isolated|idm0,seg-least_privilege|patch+1|det1|iso0|bak-isolated|idm0
intermediate_capacity,seg-basic|patch+2|det1|iso0|bak-isolated|idm1,0.335,0.47,False,True,False,seg-least_privilege|patch+0|det1|iso0|bak-isolated|idm0,
intermediate_capacity,seg-basic|patch+2|det1|iso0|bak-periodic|idm0,0.45,0.55,False,False,False,seg-least_privilege|patch+0|det1|iso0|bak-isolated|idm0,seg-least_privilege|patch+1|det1|iso0|bak-periodic|idm0
intermediate_capacity,seg-basic|patch+2|det1|iso0|bak-periodic|idm1,0.335,0.47,False,True,False,seg-least_privilege|patch+0|det1|iso0|bak-isolated|idm0,
intermediate_capacity,seg-basic|patch+2|det1|iso1|bak-isolated|idm0,0.3975,0.5175,False,False,False,seg-basic|patch+2|det1|iso0|bak-isolated|idm1,seg-least_privilege|patch+1|det1|iso0|bak-isolated|idm1
intermediate_capacity,seg-basic|patch+2|det1|iso1|bak-isolated|idm1,0.2775,0.44,False,True,False,seg-least_privilege|patch+0|det1|iso0|bak-isolated|idm1,
intermediate_capacity,seg-basic|patch+2|det1|iso1|bak-periodic|idm0,0.3975,0.5175,False,False,False,seg-basic|patch+1|det1|iso0|bak-isolated|idm1,seg-least_privilege|patch+1|det1|iso0|bak-isolated|idm1
intermediate_capacity,seg-basic|patch+2|det1|iso1|bak-periodic|idm1,0.2775,0.44,False,True,False,seg-least_privilege|patch+0|det1|iso0|bak-isolated|idm0,
intermediate_capacity,seg-least_privilege|patch+0|det0|iso0|bak-isolated|idm0,0.63,0.7075,False,True,False,seg-basic|patch+0|det1|iso0|bak-periodic|idm0,
intermediate_capacity,seg-least_privilege|patch+0|det0|iso0|bak-isolated|idm1,0.54,0.675,False,False,False,seg-basic|patch+0|det1|iso0|bak-isolated|idm0,seg-least_privilege|patch+0|det1|iso0|bak-isolated|idm0
intermediate_capacity,seg-least_privilege|patch+0|det0|iso0|bak-periodic|idm0,0.63,0.7075,True,True,True,,
intermediate_capacity,seg-least_privilege|patch+0|det0|iso0|bak-periodic|idm1,0.54,0.675,False,False,False,seg-basic|patch+0|det1|iso0|bak-isolated|idm0,seg-least_privilege|patch+0|det1|iso0|bak-isolated|idm0
intermediate_capacity,seg-least_privilege|patch+0|det0|iso1|bak-isolated|idm0,0.6,0.69,False,False,False,seg-basic|patch+0|det1|iso0|bak-isolated|idm0,seg-basic|patch+0|det1|iso0|bak-isolated|idm1
intermediate_capacity,seg-least_privilege|patch+0|det0|iso1|bak-isolated|idm1,0.5125,0.6625,False,False,False,seg-basic|patch+0|det1|iso0|bak-isolated|idm0,seg-least_privilege|patch+0|det1|iso0|bak-isolated|idm0
intermediate_capacity,seg-least_privilege|patch+0|det0|iso1|bak-periodic|idm0,0.6,0.69,False,False,False,seg-basic|patch+0|det1|iso0|bak-isolated|idm0,seg-basic|patch+0|det1|iso0|bak-periodic|idm1
intermediate_capacity,seg-least_privilege|patch+0|det0|iso1|bak-periodic|idm1,0.5125,0.6625,False,False,False,seg-basic|patch+0|det1|iso0|bak-isolated|idm0,seg-least_privilege|patch+0|det1|iso0|bak-isolated|idm0
intermediate_capacity,seg-least_privilege|patch+0|det1|iso0|bak-isolated|idm0,0.3075,0.4725,True,True,True,,
intermediate_capacity,seg-least_privilege|patch+0|det1|iso0|bak-isolated|idm1,0.1675,0.42,True,True,True,,
intermediate_capacity,seg-least_privilege|patch+0|det1|iso0|bak-periodic|idm0,0.3075,0.4725,True,True,True,,
intermediate_capacity,seg-least_privilege|patch+0|det1|iso0|bak-periodic|idm1,0.1675,0.42,True,True,True,,
intermediate_capacity,seg-least_privilege|patch+0|det1|iso1|bak-isolated|idm0,0.265,0.4375,False,True,False,seg-least_privilege|patch+0|det1|iso0|bak-isolated|idm1,
intermediate_capacity,seg-least_privilege|patch+0|det1|iso1|bak-isolated|idm1,0.14,0.3875,False,True,False,seg-least_privilege|patch+1|det1|iso0|bak-isolated|idm1,
intermediate_capacity,seg-least_privilege|patch+0|det1|iso1|bak-periodic|idm0,0.265,0.4375,False,True,False,seg-least_privilege|patch+0|det1|iso0|bak-periodic|idm1,
intermediate_capacity,seg-least_privilege|patch+0|det1|iso1|bak-periodic|idm1,0.14,0.3875,False,True,False,seg-least_privilege|patch+1|det1|iso0|bak-periodic|idm1,
intermediate_capacity,seg-least_privilege|patch+1|det0|iso0|bak-isolated|idm0,0.525,0.6275,False,False,False,seg-basic|patch+0|det1|iso0|bak-isolated|idm0,seg-least_privilege|patch+0|det1|iso0|bak-periodic|idm0
intermediate_capacity,seg-least_privilege|patch+1|det0|iso0|bak-isolated|idm1,0.44,0.59,False,False,False,seg-basic|patch+0|det1|iso0|bak-isolated|idm0,seg-least_privilege|patch+0|det1|iso0|bak-periodic|idm1
intermediate_capacity,seg-least_privilege|patch+1|det0|iso0|bak-periodic|idm0,0.525,0.6275,False,True,True,seg-basic|patch+0|det1|iso0|bak-isolated|idm0,
intermediate_capacity,seg-least_privilege|patch+1|det0|iso0|bak-periodic|idm1,0.44,0.59,False,False,False,seg-basic|patch+0|det1|iso0|bak-isolated|idm0,seg-least_privilege|patch+1|det1|iso0|bak-isolated|idm0
intermediate_capacity,seg-least_privilege|patch+1|det0|iso1|bak-isolated|idm0,0.5025,0.6125,False,False,False,seg-basic|patch+0|det1|iso0|bak-isolated|idm0,seg-least_privilege|patch+0|det1|iso0|bak-isolated|idm0
intermediate_capacity,seg-least_privilege|patch+1|det0|iso1|bak-isolated|idm1,0.41,0.5825,False,False,False,seg-basic|patch+0|det1|iso0|bak-isolated|idm0,seg-least_privilege|patch+0|det1|iso1|bak-periodic|idm1
intermediate_capacity,seg-least_privilege|patch+1|det0|iso1|bak-periodic|idm0,0.5025,0.6125,False,False,False,seg-basic|patch+0|det1|iso0|bak-isolated|idm0,seg-least_privilege|patch+0|det1|iso0|bak-isolated|idm0
intermediate_capacity,seg-least_privilege|patch+1|det0|iso1|bak-periodic|idm1,0.41,0.5825,False,False,False,seg-basic|patch+0|det1|iso0|bak-isolated|idm0,seg-least_privilege|patch+1|det1|iso0|bak-isolated|idm1
intermediate_capacity,seg-least_privilege|patch+1|det1|iso0|bak-isolated|idm0,0.2475,0.4125,True,True,True,,
intermediate_capacity,seg-least_privilege|patch+1|det1|iso0|bak-isolated|idm1,0.135,0.3525,True,True,True,,
intermediate_capacity,seg-least_privilege|patch+1|det1|iso0|bak-periodic|idm0,0.2475,0.4125,True,True,True,,
intermediate_capacity,seg-least_privilege|patch+1|det1|iso0|bak-periodic|idm1,0.135,0.3525,True,True,True,,
intermediate_capacity,seg-least_privilege|patch+1|det1|iso1|bak-isolated|idm0,0.205,0.375,False,True,False,seg-least_privilege|patch+1|det1|iso0|bak-isolated|idm1,
intermediate_capacity,seg-least_privilege|patch+1|det1|iso1|bak-isolated|idm1,0.1125,0.3275,True,True,True,,
intermediate_capacity,seg-least_privilege|patch+1|det1|iso1|bak-periodic|idm0,0.205,0.375,False,True,False,seg-least_privilege|patch+0|det1|iso0|bak-isolated|idm1,
intermediate_capacity,seg-least_privilege|patch+1|det1|iso1|bak-periodic|idm1,0.1125,0.3275,True,True,True,,
intermediate_capacity,seg-least_privilege|patch+2|det0|iso0|bak-isolated|idm0,0.47,0.5725,False,False,False,seg-basic|patch+0|det1|iso0|bak-isolated|idm0,seg-least_privilege|patch+1|det1|iso0|bak-periodic|idm0
intermediate_capacity,seg-least_privilege|patch+2|det0|iso0|bak-isolated|idm1,0.375,0.5175,False,False,False,seg-basic|patch+0|det1|iso0|bak-isolated|idm1,seg-least_privilege|patch+1|det1|iso0|bak-periodic|idm1
intermediate_capacity,seg-least_privilege|patch+2|det0|iso0|bak-periodic|idm0,0.47,0.5725,False,True,False,seg-basic|patch+0|det1|iso0|bak-isolated|idm0,
intermediate_capacity,seg-least_privilege|patch+2|det0|iso0|bak-periodic|idm1,0.375,0.5175,False,True,False,seg-basic|patch+0|det1|iso0|bak-isolated|idm1,
intermediate_capacity,seg-least_privilege|patch+2|det0|iso1|bak-isolated|idm0,0.4425,0.55,False,False,False,seg-basic|patch+0|det1|iso0|bak-isolated|idm1,seg-least_privilege|patch+0|det1|iso0|bak-isolated|idm1
intermediate_capacity,seg-least_privilege|patch+2|det0|iso1|bak-isolated|idm1,0.3425,0.5025,False,False,False,seg-basic|patch+0|det1|iso0|bak-isolated|idm1,seg-least_privilege|patch+1|det1|iso1|bak-periodic|idm1
intermediate_capacity,seg-least_privilege|patch+2|det0|iso1|bak-periodic|idm0,0.4425,0.55,False,False,False,seg-basic|patch+0|det1|iso0|bak-isolated|idm1,seg-least_privilege|patch+0|det1|iso0|bak-isolated|idm1
intermediate_capacity,seg-least_privilege|patch+2|det0|iso1|bak-periodic|idm1,0.3425,0.5025,False,False,False,seg-basic|patch+0|det1|iso0|bak-isolated|idm1,seg-least_privilege|patch+2|det1|iso0|bak-isolated|idm1
intermediate_capacity,seg-least_privilege|patch+2|det1|iso0|bak-isolated|idm0,0.215,0.3825,True,True,True,,
intermediate_capacity,seg-least_privilege|patch+2|det1|iso0|bak-isolated|idm1,0.1275,0.3225,True,True,True,,
intermediate_capacity,seg-least_privilege|patch+2|det1|iso0|bak-periodic|idm0,0.215,0.3825,True,True,True,,
intermediate_capacity,seg-least_privilege|patch+2|det1|iso0|bak-periodic|idm1,0.1275,0.3225,True,True,True,,
intermediate_capacity,seg-least_privilege|patch+2|det1|iso1|bak-isolated|idm0,0.1825,0.3525,False,True,False,seg-least_privilege|patch+1|det1|iso0|bak-isolated|idm1,
intermediate_capacity,seg-least_privilege|patch+2|det1|iso1|bak-isolated|idm1,0.1,0.3025,True,True,True,,
intermediate_capacity,seg-least_privilege|patch+2|det1|iso1|bak-periodic|idm0,0.1825,0.3525,False,True,False,seg-least_privilege|patch+1|det1|iso0|bak-isolated|idm1,
intermediate_capacity,seg-least_privilege|patch+2|det1|iso1|bak-periodic|idm1,0.1,0.3025,True,True,True,,
high_capacity,seg-least_privilege|patch+0|det0|iso0|bak-isolated|idm0,0.06,0.205,True,True,True,,
high_capacity,seg-least_privilege|patch+0|det0|iso0|bak-isolated|idm1,0.0175,0.1725,False,True,False,seg-least_privilege|patch+0|det1|iso0|bak-isolated|idm0,
high_capacity,seg-least_privilege|patch+0|det0|iso1|bak-isolated|idm0,0.04,0.1825,False,True,False,seg-least_privilege|patch+0|det0|iso0|bak-isolated|idm1,
high_capacity,seg-least_privilege|patch+0|det0|iso1|bak-isolated|idm1,0.0075,0.1525,False,True,False,seg-least_privilege|patch+0|det1|iso1|bak-isolated|idm0,
high_capacity,seg-least_privilege|patch+0|det1|iso0|bak-isolated|idm0,0.005,0.1475,True,True,True,,
high_capacity,seg-least_privilege|patch+0|det1|iso0|bak-isolated|idm1,0.0025,0.145,True,True,True,,
high_capacity,seg-least_privilege|patch+0|det1|iso1|bak-isolated|idm0,0,0.1375,True,True,True,,
high_capacity,seg-least_privilege|patch+0|det1|iso1|bak-isolated|idm1,0,0.1375,True,True,True,,
high_capacity,seg-least_privilege|patch+1|det0|iso0|bak-isolated|idm0,0.06,0.205,True,True,True,,
high_capacity,seg-least_privilege|patch+1|det0|iso0|bak-isolated|idm1,0.0175,0.1725,False,True,False,seg-least_privilege|patch+0|det1|iso0|bak-isolated|idm0,
high_capacity,seg-least_privilege|patch+1|det0|iso1|bak-isolated|idm0,0.04,0.1825,False,True,False,seg-least_privilege|patch+0|det0|iso0|bak-isolated|idm1,
high_capacity,seg-least_privilege|patch+1|det0|iso1|bak-isolated|idm1,0.0075,0.1525,False,True,False,seg-least_privilege|patch+0|det1|iso1|bak-isolated|idm0,
high_capacity,seg-least_privilege|patch+1|det1|iso0|bak-isolated|idm0,0.005,0.1475,True,True,True,,
high_capacity,seg-least_privilege|patch+1|det1|iso0|bak-isolated|idm1,0.0025,0.145,False,True,False,seg-least_privilege|patch+0|det1|iso1|bak-isolated|idm0,
high_capacity,seg-least_privilege|patch+1|det1|iso1|bak-isolated|idm0,0,0.1375,True,True,True,,
high_capacity,seg-least_privilege|patch+1|det1|iso1|bak-isolated|idm1,0,0.1375,True,True,True,,
